seed,scenario,controller,p95_ms,p99_ms,violation_pct,served_iops,queue_depth,actions,fairness,decision_us
0,nominal,static,10.003093194691706,11.973399430009747,16.770833333333332,17759.3342008965,35.30854317899923,0,0.9519371232906118,0.09062083333333333
0,nominal,reactive,8.587985000593246,10.279557803740408,0.8333333333333334,17793.188463524388,14.1545319157814,10,0.9999801925379488,1.9714583333333333
0,nominal,predictive,7.659605579668241,9.168315769602884,0.0,17803.331375949565,5.669380761337011,43,1.0,20.366195833333336
0,nominal,predictive_no_forecast,7.515011718500262,8.995241299416973,0.0,17803.613049503118,4.7671950431524115,12,1.0,3.000983333333333
0,nominal,mpc,7.915729976441947,9.474888911195665,0.10416666666666667,17800.10263935722,8.155309996099295,25,0.9999979079777933,25.272180555555554
1,nominal,static,10.36157679008529,12.40249343055664,21.354166666666664,17745.777604840627,36.652829564546884,0,0.9595179843156492,0.0925125
1,nominal,reactive,8.466941207421623,10.134672051307684,6.458333333333334,17801.54948372128,15.06184854586001,39,0.999397963113852,2.6012222222222223
1,nominal,predictive,7.264489171179441,8.695373401866316,0.1388888888888889,17817.058158171385,2.310669764787666,40,0.9999982543591904,22.582877777777778
1,nominal,predictive_no_forecast,7.335877704423835,8.780823312870949,0.0,17818.413335985813,3.1581940104696806,13,1.0,2.77605
1,nominal,mpc,7.369491199566734,8.821057647966242,0.5902777777777778,17815.346627578372,3.6283816960556816,23,0.9999679604032778,21.62065
2,nominal,static,10.557023647238227,12.636437395936666,22.46527777777778,17760.593567072574,41.123954020024044,0,0.9536024124671661,0.09350277777777778
2,nominal,reactive,10.193225959451807,12.200982587828694,11.666666666666666,17789.96715497844,25.261539085972856,78,0.999465873949253,3.172502777777778
2,nominal,predictive,7.320881273175318,8.76287303910378,0.0,17804.53631607499,2.1493557077831764,42,1.0,19.859679166666666
2,nominal,predictive_no_forecast,7.513557789424792,8.993500990372093,0.0,17803.84632904494,3.9469697384682325,16,1.0,2.7630250000000003
2,nominal,mpc,7.751896964519293,9.278785760560963,0.1388888888888889,17800.381358991315,7.236874801637304,26,0.999993434663095,20.283369444444446
3,nominal,static,9.815920798107705,11.749359743189522,18.4375,17789.524771937547,33.182308383281004,0,0.9578849924028936,0.091825
3,nominal,reactive,9.97400096935917,11.9385769178693,1.1805555555555556,17811.962419223833,23.189201735301825,11,0.9999564100774805,1.9459069444444443
3,nominal,predictive,7.505384592043731,8.983717920779629,0.5208333333333333,17825.993794209266,5.239396343059468,45,0.9999418330747297,19.386019444444447
3,nominal,predictive_no_forecast,7.409756997538317,8.869254587962532,0.0,17831.101242562687,3.035000441497392,14,1.0,2.610125
3,nominal,mpc,7.841381632512549,9.385896196492286,0.24305555555555555,17826.190727985802,8.168187358092135,25,0.999996910166305,19.499870833333333
4,nominal,static,10.987060602720728,13.151178600226299,22.916666666666664,17787.706319559627,46.45783889416953,0,0.9387527775880441,0.09314444444444445
4,nominal,reactive,9.606041608365201,11.498140713043187,15.902777777777777,17809.62295315301,21.195694579197482,96,0.9993180590464381,3.4014402777777777
4,nominal,predictive,7.075846427024145,8.469573753559207,0.0,17829.505520986666,0.0,40,1.0,19.086327777777775
4,nominal,predictive_no_forecast,7.465598256994934,8.936094883372721,0.0,17827.402584379095,4.0714945388772685,14,1.0,2.5929375
4,nominal,mpc,7.660270688286154,9.169111884463726,0.0,17825.62182957264,6.836986618295766,24,1.0,19.804631944444445
5,nominal,static,10.576246598177176,12.659446685696915,13.576388888888888,17788.294741170233,32.68458782449014,0,0.9714161228180839,0.08765416666666667
5,nominal,reactive,9.9918544471054,11.959946989717075,0.6597222222222222,17818.562989137674,22.944168584288356,9,0.9999854065846796,1.90145
5,nominal,predictive,7.149586841326837,8.557838794921516,0.0,17839.725191910093,0.5834464909633753,46,1.0,19.45797222222222
5,nominal,predictive_no_forecast,7.243948337223026,8.670786646069985,0.0,17838.542788084225,2.073442380702761,14,1.0,2.6308944444444444
5,nominal,mpc,7.716512774869861,9.236431957798764,0.06944444444444445,17831.563733400868,6.776035027134654,25,0.9999991573582904,19.93599861111111
6,nominal,static,13.573901914926475,16.24754926180592,51.80555555555556,17779.369972953747,70.23549966478062,0,0.9450795193786631,0.08678749999999999
6,nominal,reactive,10.013445450283841,11.985790766248837,14.20138888888889,17812.295363072946,29.21952953324042,78,0.9991789962903228,3.1050416666666667
6,nominal,predictive,7.689371386721617,9.203944538651621,0.0,17833.540641921863,6.403434038943104,44,1.0,19.50099722222222
6,nominal,predictive_no_forecast,8.208044223343862,9.82478020672976,0.6597222222222222,17828.770747367496,11.668275998671215,15,0.9999786640201028,2.66705
6,nominal,mpc,9.186228200626326,10.995636785598178,18.88888888888889,17820.778640295957,22.547198643127043,27,0.9984400818793191,20.802734722222223
7,nominal,static,12.341548170289476,14.772459173528329,28.368055555555554,17733.342263275234,53.5513890322858,0,0.9428074556464702,0.09195694444444445
7,nominal,reactive,10.505647254555647,12.574941410755988,13.854166666666668,17778.569811746776,31.89988712693704,75,0.9773271628426436,3.04675
7,nominal,predictive,7.810924623429733,9.349440079559837,0.0,17802.00720043507,6.32958999838068,46,1.0,20.486420833333334
7,nominal,predictive_no_forecast,8.401292886423875,10.056093000416455,0.6597222222222222,17796.159336109507,11.446144683902396,19,0.9999650244933747,2.7088513888888888
7,nominal,mpc,9.374620728222798,11.221136932266708,12.395833333333334,17785.621085390834,20.876097546191662,28,0.9896333470985493,20.13831111111111
8,nominal,static,12.296859000537767,14.718967591552776,38.50694444444444,17752.007832022926,54.841910063443535,0,0.9512422494358406,0.08945833333333333
8,nominal,reactive,11.491230935419592,13.754655210578,3.7152777777777777,17789.324773240867,36.275551017599746,32,0.9998966085390167,2.3128569444444445
8,nominal,predictive,7.411032559078295,8.87078139647251,0.0,17812.56985812632,3.381407922302502,46,1.0,19.799294444444445
8,nominal,predictive_no_forecast,7.563873289993823,9.053727119841097,0.0,17812.334508671633,4.646491584690672,15,1.0,2.702240277777778
8,nominal,mpc,8.253941506196789,9.879717863477968,12.256944444444445,17801.472831066803,13.059308870724271,30,0.9972208990580048,21.41000138888889
9,nominal,static,10.40463463185588,12.454032362372956,24.166666666666668,17755.975805220773,39.414260317027896,0,0.9557904468456385,0.09223055555555555
9,nominal,reactive,10.96393177733852,13.123494097117327,13.715277777777779,17794.43687435291,37.26443036807461,68,0.9792556629602484,2.969473611111111
9,nominal,predictive,8.21824983930412,9.836996019773116,10.520833333333334,17813.599703226588,13.003796383782088,46,0.9906408741952669,20.20752222222222
9,nominal,predictive_no_forecast,8.3446761724235,9.988324509416,10.45138888888889,17816.323392910457,14.638903435910157,15,0.9881842104647272,2.7075500000000003
9,nominal,mpc,8.659842180390445,10.365568670467349,12.777777777777777,17801.17200657658,18.220413909789258,23,0.9813183834560887,20.023320833333337
10,nominal,static,10.7095961657071,12.819062077134246,28.993055555555557,17746.543052829322,40.74322360254282,0,0.9608478478273881,0.09102638888888889
10,nominal,reactive,9.311875784762305,11.146033136306407,0.625,17774.33032180762,19.989031157085254,8,0.9999812220346009,1.9288708333333333
10,nominal,predictive,7.1604292846788224,8.570816871054948,0.0,17797.592704146427,0.7921446741235905,44,1.0,19.143294444444443
10,nominal,predictive_no_forecast,7.196134135727214,8.613554495794702,0.0,17793.994949698455,1.4646777491647638,13,1.0,2.572848611111111
10,nominal,mpc,7.532487843904605,9.016159691946422,0.06944444444444445,17790.945279068783,4.887804551798253,25,0.9999966487725227,19.53932638888889
11,nominal,static,10.88956924277646,13.034484396656689,22.01388888888889,17792.824445566912,45.30409145946174,0,0.9420244470905066,0.08816388888888889
11,nominal,reactive,10.401606261851224,12.450407495246155,2.5347222222222223,17805.98778748273,29.198071724028054,18,0.9998525607774235,2.055465277777778
11,nominal,predictive,7.369315647762778,8.820847517776658,0.0,17833.043983278058,3.2082775914232777,42,1.0,19.228012500000002
11,nominal,predictive_no_forecast,7.4672625831694415,8.93808703136948,0.0,17831.60129368396,4.6284257546357574,17,1.0,2.663205555555556
11,nominal,mpc,8.160166232374502,9.767471702387658,0.45138888888888884,17825.880187539253,11.315244760660846,26,0.9999670753894304,19.58611388888889
12,nominal,static,9.743073638055067,11.662163900096212,17.98611111111111,17794.228138759514,31.646861578023344,0,0.9643868293435233,0.088525
12,nominal,reactive,8.60334488185916,10.297943116164776,0.1388888888888889,17815.67615383674,13.137042339657677,2,0.9999965782640702,1.7689708333333334
12,nominal,predictive,7.441223812963004,8.906919412486001,0.0,17827.300696501094,4.039673115240002,45,1.0,19.075080555555555
12,nominal,predictive_no_forecast,7.316954779256289,8.75817314486737,0.0,17827.720409757676,2.642020346645424,14,1.0,2.5742291666666666
12,nominal,mpc,7.445145212070213,8.91161320838708,0.3125,17823.332176902157,4.145472438533476,25,0.9999804365455258,19.584029166666667
13,nominal,static,9.53050233630968,11.40772249346157,19.618055555555554,17785.014710965042,29.838796556152253,0,0.9659883301815747,0.08925972222222223
13,nominal,reactive,9.536292939665532,11.414653670205704,0.7291666666666666,17811.333622407612,21.03482083610887,8,0.9999844441390386,1.8811777777777776
13,nominal,predictive,7.269514205518203,8.701388215696037,0.0,17832.308011849156,2.3085441795801835,47,1.0,19.091594444444443
13,nominal,predictive_no_forecast,7.469841958729893,8.941174465752454,0.0,17829.941563047203,4.476139924399339,16,1.0,2.611365277777778
13,nominal,mpc,7.780821027738867,9.313406987748033,1.215277777777778,17826.608792062947,8.398602656967958,29,0.9999627438438466,19.670448611111112
14,nominal,static,12.215273945743254,14.621312753238147,25.555555555555554,17758.351145502573,49.91406745732426,0,0.9596744504999596,0.09144722222222222
14,nominal,reactive,9.858688923321772,11.800551893066958,13.29861111111111,17800.672590480917,27.53505256976079,77,0.9984122416140285,3.0515208333333335
14,nominal,predictive,7.6046983433326485,9.102593471564836,0.10416666666666667,17818.174140350413,5.591504264006701,48,0.9999999000260291,19.256420833333333
14,nominal,predictive_no_forecast,7.768420908275366,9.29856442051141,0.2777777777777778,17815.938984172604,7.29672058293506,18,0.9999955195337195,2.6469944444444446
14,nominal,mpc,9.442271268926135,11.302112579472176,14.340277777777777,17803.214417371313,18.23266697662655,28,0.9995571452616675,19.447208333333332
15,nominal,static,9.718170009391141,11.632355011240916,19.930555555555557,17786.211681155826,31.301046998987957,0,0.9668418197745486,0.0892388888888889
15,nominal,reactive,9.385706661387616,11.234406458327598,0.5555555555555556,17804.396919189534,19.92375365370341,8,0.999991330971363,1.8745180555555556
15,nominal,predictive,7.358633670294188,8.80806151444304,0.0,17825.067441192285,3.0638636075914243,46,1.0,19.221484722222222
15,nominal,predictive_no_forecast,7.36251039329006,8.812701834392646,0.0,17826.267403364356,3.463732277053307,17,1.0,2.6369888888888893
15,nominal,mpc,8.295153742217208,9.929047661138783,8.159722222222223,17811.76646094546,14.452230358210917,27,0.9964891199052186,19.417424999999998
16,nominal,static,10.408032872052983,12.458099952911915,21.666666666666668,17764.17991638666,39.41895679058559,0,0.9536308936968427,0.08690833333333334
16,nominal,reactive,9.805817360163564,11.737266234135157,1.1111111111111112,17786.454892185317,23.920466809996185,12,0.999973333662652,1.9434555555555555
16,nominal,predictive,7.0921339204758045,8.48906938966042,0.0,17813.44141786115,0.15206525194956277,38,1.0,19.281354166666667
16,nominal,predictive_no_forecast,7.495239134323717,8.971574115326874,0.3125,17808.5380378639,4.991791303015902,14,0.9999942762881744,2.5823013888888893
16,nominal,mpc,7.582383104903732,9.075882807384763,0.4166666666666667,17805.983752616263,5.814185466107189,27,0.9999733141351383,19.67636111111111
17,nominal,static,9.66839297727045,11.572773412187374,17.53472222222222,17774.185177662774,30.82736001310839,0,0.9669622102552312,0.09003888888888889
17,nominal,reactive,9.607788055312197,11.500231157116106,10.625,17802.55111816143,28.075040047011427,61,0.9815356495597408,2.836233333333333
17,nominal,predictive,7.921513084497474,9.481811116292429,10.208333333333334,17818.704357389444,9.404863641428944,41,0.9990757076000436,19.28322222222222
17,nominal,predictive_no_forecast,7.998578322379211,9.574055870726635,10.243055555555555,17816.775257211077,10.97368555621864,15,0.9978982576148133,2.6122708333333335
17,nominal,mpc,9.20366163618789,11.016504079679454,11.041666666666666,17806.350763353883,22.937212230718593,22,0.9921199066568911,19.53373611111111
18,nominal,static,12.393412469815793,14.83453916841587,22.46527777777778,17767.121828815223,52.702931431339884,0,0.9437291943451553,0.08747083333333333
18,nominal,reactive,11.130761847885749,13.32318463610566,7.534722222222221,17794.304489515805,32.43720961868897,52,0.999778371741661,2.6418472222222222
18,nominal,predictive,7.512405112790522,8.992121271370463,0.06944444444444445,17816.538277334846,4.999083146968503,45,0.9999997361642591,19.352297222222223
18,nominal,predictive_no_forecast,7.900253840172734,9.456364445055245,0.5208333333333333,17813.83089032036,8.98697258382834,19,0.9999588795880601,2.6870430555555553
18,nominal,mpc,7.965910132128275,9.534953036941408,0.4166666666666667,17812.750481983385,9.137073710549386,29,0.999973124972555,19.5998
19,nominal,static,10.469061348253199,12.531149189575787,21.28472222222222,17783.003873397378,39.90879267465101,0,0.9521787104696985,0.08929444444444445
19,nominal,reactive,9.106707723542643,10.900453184240433,0.3125,17803.312686510646,18.219220109182533,3,0.9999968467096884,1.8062347222222221
19,nominal,predictive,7.474517725081063,8.946771216384914,0.0,17820.23357484058,4.401880758212987,45,1.0,19.331618055555555
19,nominal,predictive_no_forecast,7.338915992435814,8.784460051551958,0.0,17820.776651847806,2.7069441349856413,16,1.0,2.6316055555555553
19,nominal,mpc,7.796774212274057,9.332502466206844,0.4861111111111111,17817.163543907653,8.698167328341281,26,0.9999755680196092,19.543204166666666
20,nominal,static,10.484746561574054,12.549923914611364,17.98611111111111,17734.67268610347,37.990850794231655,0,0.9624038423220214,0.08708611111111111
20,nominal,reactive,8.210368506971529,9.827562303799263,8.090277777777779,17774.50059825711,12.891077599664658,50,0.9995944542368711,2.590205555555556
20,nominal,predictive,7.264551283291169,8.695447748181861,0.0,17785.033236919484,1.970330487496661,43,1.0,19.258579166666667
20,nominal,predictive_no_forecast,7.746892599656211,9.272795687467287,0.6597222222222222,17779.97770835796,7.846865113378029,17,0.9999526347543751,2.6596666666666664
20,nominal,mpc,8.45438601401934,10.119643865265562,11.458333333333332,17770.588749668896,15.673367524319044,27,0.9934191150723551,19.6156625
21,nominal,static,10.909457724920324,13.058290307101583,23.71527777777778,17803.67947941644,44.80420612382439,0,0.9474496009820392,0.08917777777777777
21,nominal,reactive,9.665608669558226,11.569440680228768,2.361111111111111,17823.574532090846,22.705200429761835,19,0.9999338131449603,2.106426388888889
21,nominal,predictive,7.173623570595036,8.58661003146982,0.0,17845.076948245453,0.6627706469528587,42,1.0,19.579683333333335
21,nominal,predictive_no_forecast,7.698434361649702,9.21479264500494,0.24305555555555555,17840.039717950272,7.358216681834393,16,0.9999970364804522,2.6604263888888893
21,nominal,mpc,7.974120018157565,9.544780021734063,0.10416666666666667,17835.8673379277,9.80329898521969,25,0.9999972953527706,19.779808333333335
22,nominal,static,10.43205361801359,12.48685205792534,16.73611111111111,17788.827826687317,35.47517554224895,0,0.9609307131936878,0.08802222222222222
22,nominal,reactive,9.864749641383224,11.807806388928412,13.333333333333334,17809.984567084888,20.96688594228807,74,0.9979287380588954,3.043011111111111
22,nominal,predictive,7.367179413057129,8.818290509568383,0.0,17830.133390106355,3.125896755951211,39,1.0,19.487945833333335
22,nominal,predictive_no_forecast,7.39847449958325,8.85574977980418,0.10416666666666667,17827.115373132714,4.054881329581185,13,0.9999978771511113,2.6043583333333333
22,nominal,mpc,7.790950812541558,9.325532033193673,3.784722222222222,17820.819692184723,8.180072202894685,28,0.9995569997686157,19.903754166666666
23,nominal,static,11.135639683085113,13.329023257026122,30.555555555555557,17765.79249641718,46.8960020032766,0,0.9515299258049205,0.09239583333333333
23,nominal,reactive,8.8373485084767,10.578038366206945,5.729166666666666,17800.302391067697,17.428717958807297,39,0.999861748433022,2.4219625000000002
23,nominal,predictive,7.234031814524187,8.658916868900176,0.0,17824.549017820136,1.549556037133321,43,1.0,19.492551388888888
23,nominal,predictive_no_forecast,7.330886330140599,8.77484878910767,0.0,17823.79962280472,2.66144768741343,12,1.0,2.6046305555555556
23,nominal,mpc,7.622460331335426,9.123854032962099,0.0,17820.342458002156,5.756525765292986,21,1.0,19.673161111111114
24,nominal,static,9.51916078787817,11.394147003672336,11.944444444444445,17770.376060596995,28.618079212470647,0,0.964150678482062,0.09238055555555556
24,nominal,reactive,8.250931521735668,9.876115003289668,11.944444444444445,17826.05024723842,13.517426989283944,69,0.996912750807004,2.9680916666666666
24,nominal,predictive,7.269111150181412,8.700905770671696,0.0,17836.209358965607,1.8446908140556761,49,1.0,19.624891666666667
24,nominal,predictive_no_forecast,7.309990255501541,8.749836820979128,0.0,17836.099117822967,2.5804241587422805,21,1.0,2.7255652777777777
24,nominal,mpc,7.558349589583393,9.047115417834673,0.45138888888888884,17831.54431503295,5.304630708976489,30,0.9999721122825155,19.832697222222222
25,nominal,static,9.412967557763812,11.267036925202122,19.51388888888889,17810.21270303091,27.8820062185844,0,0.9734443474063631,0.09211111111111112
25,nominal,reactive,9.628779062554345,11.525356756693848,0.4166666666666667,17826.74154890626,21.637800811742903,7,0.9999898155284411,1.9014055555555556
25,nominal,predictive,7.16681879448762,8.578464920674573,0.0,17847.62391307182,0.9142666284522535,50,1.0,19.70959861111111
25,nominal,predictive_no_forecast,7.087818312428427,8.48390373760371,0.0,17848.750838863743,0.0,14,1.0,2.6050291666666667
25,nominal,mpc,7.464077297861592,8.934274341379771,0.1736111111111111,17842.432600427375,4.352769671248151,31,0.9999915899863402,19.555901388888888
26,nominal,static,8.630368902945902,10.330290050495865,14.930555555555555,17787.80893313594,19.212350633645094,0,0.9867880228028755,0.09020277777777778
26,nominal,reactive,8.376762027789615,10.026730305990604,2.7777777777777777,17815.91511154818,13.002569957023448,18,0.9997345615665055,2.071427777777778
26,nominal,predictive,7.328181562249354,8.771611263904525,0.10416666666666667,17827.517171218493,2.559381504577203,39,0.9999985294726331,19.191956944444446
26,nominal,predictive_no_forecast,7.195308560174634,8.612566306875694,0.0,17830.684593251386,1.0297983415483907,14,1.0,2.7025124999999997
26,nominal,mpc,7.45874021293541,8.927886012452994,0.20833333333333334,17823.797330510413,3.3916285769340346,22,0.9999847009837117,20.1891
27,nominal,static,10.013547742606537,11.985913207059323,19.270833333333336,17804.70371521053,34.6228337257667,0,0.9599720387674987,0.09037222222222221
27,nominal,reactive,9.182902039320446,10.991655471307798,0.5208333333333333,17813.316950652767,18.769991913080595,8,0.9999842630659195,1.8748763888888889
27,nominal,predictive,7.125237096315391,8.528692888013884,0.0,17838.7027672958,0.1906139344893235,43,1.0,19.313354166666667
27,nominal,predictive_no_forecast,7.310408152721963,8.750337031288414,0.0,17837.80017451687,1.8169840779979534,14,1.0,2.6064680555555557
27,nominal,mpc,7.429883646019902,8.893345576296547,0.0,17834.659343271647,3.3117579160476023,24,1.0,19.40341111111111
28,nominal,static,10.677364201309832,12.780481392476903,17.291666666666668,17764.296955672733,40.27976768811816,0,0.9488674048242147,0.09058472222222222
28,nominal,reactive,9.566004420969177,11.450217412978274,4.236111111111112,17802.044953389042,21.589682999311098,26,0.9997348790095287,2.2047833333333333
28,nominal,predictive,7.350374482393171,8.798175516803935,0.0,17823.335857772905,2.9331165068872123,41,1.0,19.199765277777775
28,nominal,predictive_no_forecast,7.491148235752108,8.966677433703284,0.06944444444444445,17821.807700827336,5.114744573696508,10,0.9999996928539987,2.5804513888888887
28,nominal,mpc,8.067504707931096,9.656558665553877,15.034722222222221,17817.436940863096,11.101421551353768,28,0.9992623816956888,19.603593055555557
29,nominal,static,9.35980060541421,11.203397694359445,19.65277777777778,17793.268084580843,27.709227203686083,0,0.9714855627959416,0.09644722222222223
29,nominal,reactive,9.03749450534778,10.81760705943145,0.3819444444444444,17811.11538375568,17.335132009288525,7,0.9999979327255237,1.9174208333333334
29,nominal,predictive,7.549187611123758,9.03614880725418,0.0,17827.361122939205,4.553600531553314,43,1.0,19.859325000000002
29,nominal,predictive_no_forecast,7.236941415850663,8.662399573518224,0.0,17828.580494381527,1.2948430554796178,15,1.0,2.5876694444444444
29,nominal,mpc,7.470059899580531,8.941435334346393,0.1736111111111111,17823.186642317298,4.081390132768235,25,0.9999975326979074,19.606765277777775
30,nominal,static,10.4741154777499,12.537198829427913,20.868055555555557,17797.19861679281,38.97386985286322,0,0.9615586415729347,0.08881111111111112
30,nominal,reactive,10.684237033835421,12.788707964742398,1.6666666666666667,17809.424686413495,28.944315471444266,14,0.9999533623328497,1.9730569444444446
30,nominal,predictive,7.164273031516198,8.575417719542122,0.0,17836.361803805394,0.6180182399171634,46,1.0,19.089516666666665
30,nominal,predictive_no_forecast,7.415362116988106,8.87596374609182,0.0,17833.149817462676,3.321565016205543,18,1.0,2.6420569444444446
30,nominal,mpc,7.6643032803041935,9.17393877490957,0.1388888888888889,17828.438659183565,6.213846756739272,26,0.9999942867397079,19.326384722222222
31,nominal,static,11.017857460705088,13.188041505995475,19.20138888888889,17779.885620407917,41.489247271412694,0,0.9519169737019302,0.09020277777777778
31,nominal,reactive,10.285496558585047,12.311427698912397,7.638888888888889,17790.012224620936,24.718203026580344,46,0.9929082505771387,2.5165208333333333
31,nominal,predictive,7.383079333788048,8.837322232867514,0.0,17821.83898895166,2.3958086794788582,44,1.0,19.026568055555554
31,nominal,predictive_no_forecast,7.3917878296401325,8.847746038508635,0.0,17820.498035570356,2.1632736526023244,15,1.0,2.5964
31,nominal,mpc,8.308516657019016,9.945042665219718,0.1388888888888889,17810.98209181035,9.237491139921826,25,0.9999984010512525,19.297808333333336
32,nominal,static,9.221015279333102,11.037275864656301,12.95138888888889,17778.297918139222,25.341307838030197,0,0.9700465738700251,0.08846805555555555
32,nominal,reactive,8.595439921958338,10.288481118707729,12.083333333333334,17804.394837408116,13.325480013173326,67,0.9992567507087281,2.8913152777777777
32,nominal,predictive,7.2662224135923745,8.697448040512084,0.0,17824.705202740613,1.8896398570528514,38,1.0,19.064231944444444
32,nominal,predictive_no_forecast,7.281900237718215,8.716213920905131,0.0,17824.23823349381,2.454429840209649,11,1.0,2.5705055555555556
32,nominal,mpc,7.538540379661183,9.02340439383686,0.1388888888888889,17821.252274789425,5.101531331824164,24,0.9999953304954412,19.3596125
33,nominal,static,10.132178098117995,12.127910147747306,19.96527777777778,17788.75578177858,35.99586999076023,0,0.9595876495895188,0.08898472222222222
33,nominal,reactive,9.48443289730007,11.352578771010714,0.6597222222222222,17808.731099927893,19.99033949366687,8,0.9999823214731436,1.8904305555555556
33,nominal,predictive,7.1030909096306765,8.50218457364884,0.0,17832.27702257714,0.6890059937292912,38,1.0,19.073981944444444
33,nominal,predictive_no_forecast,7.304077730060438,8.74275970719355,0.0,17829.2546526771,3.0335231591705027,14,1.0,2.5998361111111112
33,nominal,mpc,7.751565815286893,9.278389384964607,4.791666666666667,17817.24605267844,7.90208050811919,27,0.9962094128404129,19.736425
34,nominal,static,13.827686062009404,16.551321195435502,34.30555555555556,17762.555457133694,57.288003482173025,0,0.953060721513339,0.08845972222222223
34,nominal,reactive,11.31463731082541,13.543277993260698,14.0625,17792.779733623975,33.97882773152286,87,0.9990957065556826,3.2662458333333335
34,nominal,predictive,7.289847531492528,8.725726590725909,0.0,17812.41844791048,2.0739357295475553,42,1.0,19.557654166666666
34,nominal,predictive_no_forecast,7.468642130952676,8.939738308261544,0.0,17811.241607367236,4.1686266944932475,19,1.0,2.7085
34,nominal,mpc,7.618564314360096,9.119190618703746,0.0,17809.670021778267,5.566176544294409,26,1.0,19.763256944444446
35,nominal,static,9.074704567978738,10.862146376823036,19.34027777777778,17798.860814702057,24.18675585559177,0,0.9785617409287549,0.13037222222222222
35,nominal,reactive,9.778081247468084,11.704066947726957,0.3819444444444444,17813.474728965753,22.892511793432195,6,0.9999938691763604,1.9785333333333333
35,nominal,predictive,7.195426016583137,8.612706898637382,0.0,17836.872202198418,1.1107505704228857,43,1.0,19.396183333333333
35,nominal,predictive_no_forecast,7.2583715080605735,8.688050744496735,0.0,17835.20753206645,2.2491220125194715,17,1.0,2.646565277777778
35,nominal,mpc,7.79478710736579,9.33012396184693,0.9027777777777777,17828.387045766525,8.22309134072634,26,0.9999192314434188,20.268577777777775
36,nominal,static,10.4026094855909,12.451608323661834,20.48611111111111,17773.357443572986,39.29471979210393,0,0.9534619570438504,0.08897361111111111
36,nominal,reactive,10.614692416397146,12.705465165081419,6.979166666666667,17791.889885941517,29.297735987796734,51,0.9998025583564636,2.6240305555555556
36,nominal,predictive,7.200542313693333,8.618830951238984,0.0,17818.172457961475,1.253037692291789,44,1.0,19.334368055555554
36,nominal,predictive_no_forecast,7.528773561875764,9.011713808911905,0.034722222222222224,17812.78566464769,5.172702074766603,16,0.9999999889722465,2.652786111111111
36,nominal,mpc,7.59119173869482,9.086426475104416,0.10416666666666667,17811.539568851214,5.615220127567783,27,0.9999977661674344,19.74981388888889
37,nominal,static,10.206509717857573,12.216882844102265,23.40277777777778,17762.886267921393,37.218492177760595,0,0.9597708831474209,0.08720416666666667
37,nominal,reactive,10.467907182883543,12.529767688603041,10.104166666666666,17781.96615916838,29.700582795948346,63,0.9993185740257244,2.829275
37,nominal,predictive,7.33285838521256,8.77720927926959,0.0,17808.61631815295,2.094500649477473,45,1.0,19.397091666666668
37,nominal,predictive_no_forecast,7.489032859250864,8.964145392133608,0.034722222222222224,17805.971918296473,4.973319728020489,20,0.999999956663141,2.6843791666666665
37,nominal,mpc,8.209969911913879,9.82708519759388,10.277777777777777,17796.40748167369,13.271212862601192,29,0.9977772359152935,19.6930625
38,nominal,static,10.512481821577346,12.583122180372875,14.51388888888889,17769.199122116577,38.063040571410006,0,0.9607083250006937,0.09079166666666667
38,nominal,reactive,9.915596847376646,11.868668953678123,18.020833333333332,17798.07116497777,27.509963034764795,76,0.9987126813875464,3.0501625
38,nominal,predictive,9.52302141720902,11.398768059992623,10.034722222222223,17803.967694945,20.642257115450853,43,0.9996267492087137,19.232713888888888
38,nominal,predictive_no_forecast,9.119555777828298,10.915831915885375,0.9722222222222222,17805.9247458425,18.73774203908193,19,0.9999461727486137,2.691498611111111
38,nominal,mpc,9.254685717084326,11.077578358328195,12.986111111111112,17802.83842815418,22.236788717999907,27,0.9922743309594121,21.451725
39,nominal,static,8.821425409789084,10.558978899596013,10.79861111111111,17779.474134035197,21.07864445971856,0,0.9755928958803041,0.09739444444444445
39,nominal,reactive,8.440693754108638,10.103254645069434,1.284722222222222,17810.870766003896,12.128721084362935,11,0.9999418981867856,2.158301388888889
39,nominal,predictive,7.111791503148725,8.512598920435595,0.0,17831.767844283262,0.41314507164694797,46,1.0,21.702379166666667
39,nominal,predictive_no_forecast,7.256215544564352,8.68547012152399,0.0,17830.766460344075,2.394105619658012,14,1.0,2.6987194444444444
39,nominal,mpc,7.46527664759245,8.9357099266637,0.5902777777777778,17825.413207166595,4.628536755948408,27,0.9999661902548098,20.773652777777777
40,nominal,static,11.043759692380222,13.219045692394515,22.708333333333332,17773.618819136802,46.07412170800104,0,0.9461764396523975,0.09104027777777778
40,nominal,reactive,9.664024047385615,11.567543935507022,7.326388888888889,17792.93062581161,24.881697472068264,47,0.9997635730451304,2.5898680555555558
40,nominal,predictive,7.253436374790459,8.682143539521924,0.0,17818.849419637856,1.9213139875216636,43,1.0,20.025856944444445
40,nominal,predictive_no_forecast,7.651380439835353,9.158470526469575,0.0,17816.840457472008,5.730489844218572,15,1.0,2.858573611111111
40,nominal,mpc,7.98493479699848,9.557724984286057,2.326388888888889,17811.38998099647,10.089832992631433,27,0.9999105027217158,20.64356111111111
41,nominal,static,10.683011007012066,12.787240447787177,21.5625,17785.27993873767,42.74223994464693,0,0.9447858488825729,0.08994027777777779
41,nominal,reactive,9.919288396068264,11.873087625596847,0.6597222222222222,17794.824081117,23.369316405548272,9,0.9999863592704132,1.9236402777777777
41,nominal,predictive,7.433246512671739,8.897370825773754,0.10416666666666667,17813.380365331035,3.9163212904201745,45,0.999998387668136,19.671022222222224
41,nominal,predictive_no_forecast,7.255943149593497,8.685144072998284,0.0,17816.62689141167,1.5772265116575555,16,1.0,2.624
41,nominal,mpc,7.518423301574692,8.99932486097577,0.1736111111111111,17812.32936136181,5.0994135531600335,26,0.999987971033885,21.214694444444444
42,nominal,static,10.299697689062006,12.32842602175604,20.694444444444443,17766.392117639905,38.79208001981814,0,0.9497634042512011,0.11079722222222221
42,nominal,reactive,9.381802087700917,11.229732801945039,0.6597222222222222,17783.499904709617,20.63201839534717,7,0.9999860927122872,2.1773708333333333
42,nominal,predictive,7.215265600467029,8.636454279346886,0.0,17806.37809282489,1.7075727368747224,45,1.0,20.466316666666664
42,nominal,predictive_no_forecast,7.429934872143487,8.893406892414188,0.0,17805.669105352536,3.9183074857466553,15,1.0,2.641836111111111
42,nominal,mpc,7.997974727869031,9.573333386388688,7.986111111111111,17798.315864476615,10.731894082474042,28,0.9992568986592582,19.898094444444443
43,nominal,static,10.79087147678709,12.916346161608807,23.506944444444443,17776.962987104533,44.09910959697077,0,0.9455647788234499,0.08876944444444444
43,nominal,reactive,9.890021554904934,11.838056103598326,2.2916666666666665,17797.728688999377,24.93460872335187,19,0.9999304517182739,2.076275
43,nominal,predictive,7.84761474952101,9.393357048669094,0.0,17817.5513680574,7.875325212440079,45,1.0,19.132705555555557
43,nominal,predictive_no_forecast,7.555145436834136,9.043280144089351,0.0,17819.76128913233,5.574213797319964,15,1.0,2.5986013888888886
43,nominal,mpc,8.344806678368727,9.988480721077712,10.45138888888889,17810.19280941165,14.733514852909957,25,0.9976772838847432,19.18201388888889
44,nominal,static,12.430595363737297,14.879045965685554,31.319444444444443,17758.404455130145,56.565954720469854,0,0.9471135583877959,0.08885694444444445
44,nominal,reactive,10.242660264858516,12.260153953391246,9.722222222222223,17801.662673986986,27.405697991776055,58,0.9982494246590657,2.7219361111111113
44,nominal,predictive,7.244222308898618,8.67111458186351,0.0,17826.700674425752,0.9186695131820716,45,1.0,19.019675
44,nominal,predictive_no_forecast,7.759091773335879,9.2873977286899,0.0,17820.64332147724,6.484299133717376,17,1.0,2.6176958333333333
44,nominal,mpc,8.233983239402642,9.855828422921324,8.090277777777779,17814.351497389944,11.58087175148326,24,0.9996360645761266,19.76470833333333
45,nominal,static,10.297080142493648,12.325292897833284,21.28472222222222,17779.4447574267,38.89223973764952,0,0.9489929230722528,0.08899166666666666
45,nominal,reactive,9.79290458152908,11.721810029406035,0.625,17797.767867018934,21.894549148842053,7,0.9999934477682455,1.8912027777777778
45,nominal,predictive,7.1444616745900325,8.55170412564565,0.0,17817.402497753104,0.6136653670008211,39,1.0,19.574254166666666
45,nominal,predictive_no_forecast,7.182595006016911,8.597348567808114,0.0,17817.16276580111,1.1904717136018843,13,1.0,2.6298347222222223
45,nominal,mpc,7.623556281437839,9.125165852024079,0.0,17813.548791339545,6.400164771603745,25,1.0,19.817005555555557
46,nominal,static,10.29675011700003,12.32489786731823,20.65972222222222,17782.58488721139,38.88270077470021,0,0.9480285059445978,0.08944305555555555
46,nominal,reactive,10.292869077555462,12.32025238071033,1.0416666666666665,17801.292742361904,25.62646189492587,12,0.9999804556298431,2.1074791666666663
46,nominal,predictive,7.195739463221527,8.613082084765153,0.0,17826.61002570171,1.1820370498379864,43,1.0,19.388894444444446
46,nominal,predictive_no_forecast,7.297023533869126,8.734316048116062,0.0,17825.139996574537,2.814357644173822,19,1.0,2.731101388888889
46,nominal,mpc,7.723759952415738,9.245106609709756,0.3472222222222222,17818.39834778424,7.727400381777276,29,0.9999728360599548,20.000175
47,nominal,static,10.795199134242264,12.921526236441487,26.458333333333332,17765.191013724194,41.50885908540568,0,0.9687043469988253,0.08824583333333334
47,nominal,reactive,10.530357801654999,12.604519186829462,1.0416666666666665,17792.98544551451,29.057584803845696,12,0.9999626853887807,1.9851944444444443
47,nominal,predictive,7.266809668037272,8.698150966287049,0.0,17816.69736790485,1.4257225598366672,44,1.0,20.222484722222223
47,nominal,predictive_no_forecast,7.397842361139135,8.854993129242283,0.0,17816.733366862805,2.2691297528678107,17,1.0,2.7399305555555555
47,nominal,mpc,8.078469505010554,9.669683195391418,1.3541666666666667,17806.5069270171,10.639559136271098,23,0.9999547235463587,20.881781944444445
48,nominal,static,10.06288111195619,12.044963755220296,23.4375,17763.790074492324,35.16056902368856,0,0.969309306943014,0.09494583333333334
48,nominal,reactive,9.389317202322909,11.238728166416818,10.416666666666668,17794.1659444941,24.04711397051269,66,0.9965868851973042,2.9896472222222226
48,nominal,predictive,7.356565329407744,8.805585773078967,0.06944444444444445,17824.153993141204,2.9212617614458134,41,0.9999992262720507,20.350995833333336
48,nominal,predictive_no_forecast,7.7161854579144675,9.236040169321868,2.673611111111111,17817.60601837112,7.357945294073422,16,0.9995828810286514,2.760002777777778
48,nominal,mpc,8.107044940411889,9.703887125644542,9.131944444444445,17810.436876953263,11.91792528594887,24,0.9962025250930197,21.190716666666667
49,nominal,static,9.573412817444446,11.459085039062296,22.01388888888889,17798.469505443805,29.305473383038265,0,0.9770469143460426,0.10009444444444444
49,nominal,reactive,10.341225392989108,12.378133424941506,2.3958333333333335,17816.655864581462,27.567978172887177,22,0.9999420812126302,2.339141666666667
49,nominal,predictive,7.194337394612786,8.611403851127431,0.0,17836.636226418763,0.8567295895748708,42,1.0,22.588655555555558
49,nominal,predictive_no_forecast,7.282841517277296,8.717340604013735,0.0,17835.799222268834,1.6626093955027423,13,1.0,2.88215
49,nominal,mpc,7.786290249458035,9.319953480411872,0.20833333333333334,17829.722353554218,7.368802252056247,22,0.9999976755932118,20.737255555555556
50,nominal,static,11.086020433845164,13.269630519299504,23.29861111111111,17759.80154878761,48.02296582822272,0,0.934652519447198,0.10421527777777777
50,nominal,reactive,10.80694533750179,12.935586085797592,13.784722222222223,17797.695745193356,32.21665648018719,82,0.9985567944884631,3.435598611111111
50,nominal,predictive,7.3356974889973685,8.780607600466556,0.0,17814.746437636746,2.63959973120859,49,1.0,21.004148611111113
50,nominal,predictive_no_forecast,8.00125632611316,9.577261360044524,10.9375,17808.387659395114,10.795386333472095,15,0.9994968639005118,2.796426388888889
50,nominal,mpc,8.013797759178358,9.592273075380167,10.17361111111111,17808.185607860676,10.380303206928872,24,0.9996148354949185,21.100766666666665
51,nominal,static,10.973117486345293,13.134489112443601,22.430555555555557,17789.049701634136,46.23496460970806,0,0.9393460195755946,0.09244305555555556
51,nominal,reactive,9.627750876920517,11.524126049647311,7.291666666666667,17805.929952868828,24.830171030208856,50,0.9998102575860066,2.926226388888889
51,nominal,predictive,7.171757971166399,8.584376965487074,0.0,17826.58112863406,0.8961833637066876,42,1.0,21.944105555555556
51,nominal,predictive_no_forecast,7.340600641934387,8.78647652595177,0.0,17826.33006288638,2.560095791548551,12,1.0,2.6128902777777774
51,nominal,mpc,7.82935118529326,9.371496115729817,0.1388888888888889,17821.50608375882,8.56765443510281,27,0.9999983777225178,20.63343472222222
52,nominal,static,10.152669634961864,12.15243789639372,19.72222222222222,17786.480154873876,36.045464947714564,0,0.9622341284553118,0.0909611111111111
52,nominal,reactive,8.84683213010504,10.589389973913594,1.6319444444444446,17807.70423213092,17.873862666811842,15,0.9999402845865915,2.1450319444444443
52,nominal,predictive,7.095384597009405,8.492960350965829,0.0,17827.740773113896,0.13214317638579712,46,1.0,20.549488888888888
52,nominal,predictive_no_forecast,7.2299691703249085,8.654054006904076,0.0,17823.89883009473,1.7172538406694737,14,1.0,2.8994166666666663
52,nominal,mpc,7.361079232958545,8.810988778844315,0.06944444444444445,17819.56272095975,3.281823628645389,24,0.999999345895881,20.18236111111111
53,nominal,static,9.868271531454562,11.812021984619848,17.8125,17779.706054677692,33.34939699375744,0,0.959749133728587,0.08820972222222223
53,nominal,reactive,8.890417088926672,10.641559848866782,11.041666666666666,17806.17852661461,16.978743618245847,68,0.9996192347560809,2.895929166666667
53,nominal,predictive,7.331697694156491,8.775819967247923,0.0,17822.497726399717,2.7403978714474553,45,1.0,20.190651388888888
53,nominal,predictive_no_forecast,7.578595062712025,9.071348635670468,0.06944444444444445,17819.980262717854,5.605175172092781,16,0.9999996138133104,2.864651388888889
53,nominal,mpc,7.91185020011719,9.470244936503908,7.222222222222221,17814.308190758893,9.648028954510457,28,0.9998376710866459,20.48042361111111
54,nominal,static,10.43520531477573,12.490624543443682,18.40277777777778,17755.699075850393,37.69473726774456,0,0.959190089182961,0.09232777777777779
54,nominal,reactive,10.09654037372714,12.08525287158246,13.125,17779.568833479392,27.5374489683616,77,0.9966080574337752,3.243215277777778
54,nominal,predictive,7.352474891734702,8.80068964313699,0.0,17800.421408282007,2.5166406180858383,43,1.0,20.459540277777776
54,nominal,predictive_no_forecast,7.342299126864778,8.788509560944204,0.034722222222222224,17798.386489011584,3.3893135000885253,18,0.9999999999997381,2.6941930555555555
54,nominal,mpc,7.980694226701279,9.552649150142447,10.0,17789.14155630047,10.77890742298873,28,0.9961992201240861,21.444502777777778
55,nominal,static,13.315989423815338,15.938835825475946,39.201388888888886,17748.328238755596,63.62502603772113,0,0.9447805598115318,0.09217222222222221
55,nominal,reactive,9.735602965962018,11.653221731984846,23.29861111111111,17802.48526398473,26.44193632355737,120,0.9981705862541836,4.135886111111111
55,nominal,predictive,7.621000109111804,9.122106191209582,0.0,17817.633759404143,4.742321448742581,43,1.0,21.011634722222222
55,nominal,predictive_no_forecast,7.673995195383477,9.185539703565073,0.06944444444444445,17815.20029338578,6.2219447635298115,17,0.9999997112885811,2.6696222222222223
55,nominal,mpc,9.610151980659529,11.503060704122774,12.118055555555555,17800.52791864003,25.381992378301746,28,0.9972469481395853,19.9432375
56,nominal,static,10.820959768929502,12.95236093553683,22.98611111111111,17804.127449707954,43.852448918089635,0,0.949151838487872,0.08892638888888889
56,nominal,reactive,10.632749066016746,12.72707842750491,6.319444444444445,17820.697363647232,30.090149696334922,39,0.9997535107086517,2.449516666666667
56,nominal,predictive,7.172888206527677,8.585729822964945,0.0,17844.085394650207,0.472727963498927,44,1.0,19.550880555555555
56,nominal,predictive_no_forecast,7.552085734113255,9.039617772650722,0.0,17840.75324273356,5.087944601791215,15,1.0,2.631626388888889
56,nominal,mpc,7.867866664067417,9.417597976686752,0.06944444444444445,17833.622680166973,7.8068752832922215,28,0.9999999395210604,19.691908333333334
57,nominal,static,9.841004483672112,11.779384154698452,19.96527777777778,17786.210900716334,31.59436520797748,0,0.9698128576326959,0.08838194444444444
57,nominal,reactive,9.37942541737638,11.226887999586888,0.5902777777777778,17813.57162105992,19.246451307997393,5,0.9999914998320406,1.8293944444444443
57,nominal,predictive,7.125655535121344,8.529193746584639,0.0,17831.1593615675,0.11676589747044451,38,1.0,19.271920833333333
57,nominal,predictive_no_forecast,7.394326241363749,8.85078444042024,0.0,17827.45829138322,3.513454040665981,13,1.0,2.641394444444445
57,nominal,mpc,7.770437997313239,9.300978814965845,5.659722222222222,17820.559321948902,7.76778362150846,21,0.9995477909330047,19.49981527777778
58,nominal,static,9.402509433212972,11.25451886702766,18.958333333333332,17779.611159894594,28.118675784525035,0,0.9699102592998855,0.088925
58,nominal,reactive,9.19715471497756,11.008715492170117,0.7638888888888888,17802.62573734243,17.890918652739423,8,0.999951544798127,1.8917097222222221
58,nominal,predictive,7.295989386589099,8.733078205159671,0.0,17826.485417768334,2.3812869273224484,45,1.0,19.55409861111111
58,nominal,predictive_no_forecast,7.650716647793749,9.157675987510697,0.24305555555555555,17825.120186464777,6.567902237920856,17,0.9999981616339857,2.6657888888888888
58,nominal,mpc,7.9682799822335175,9.537789675703756,5.763888888888889,17813.47417677696,10.451833719704773,28,0.9963813682345154,19.848955555555555
59,nominal,static,11.346440665160324,13.581345644661612,22.67361111111111,17771.663925399418,49.52974119818671,0,0.9386832847146309,0.09067777777777777
59,nominal,reactive,11.41815465855159,13.667185121599623,7.777777777777778,17794.869592286712,35.3386471877327,50,0.9997446354603944,2.6174180555555555
59,nominal,predictive,7.215234807220688,8.636417420764143,0.0,17820.18592969136,1.3397179227798914,47,1.0,19.88026388888889
59,nominal,predictive_no_forecast,7.504385474179551,8.98252200697248,0.10416666666666667,17816.344701990245,5.125546700686872,21,0.9999997242576294,2.735176388888889
59,nominal,mpc,8.04264235534188,9.626799182909231,4.479166666666667,17809.550836231305,10.375775195095507,29,0.9998754028517499,19.720443055555556
60,nominal,static,9.245732322979386,11.066861416899568,18.993055555555554,17773.278381334283,25.79453005861232,0,0.9801962235771163,0.08921944444444445
60,nominal,reactive,8.781931377560491,10.511705739807255,3.75,17799.74001723517,17.517347664037732,25,0.9998584608128668,2.1756986111111107
60,nominal,predictive,7.1367656941246675,8.542492270240125,0.0,17816.450581928857,0.6198012178295541,45,1.0,19.4657375
60,nominal,predictive_no_forecast,7.18649499700684,8.602016738841515,0.0,17816.29201998996,1.3156612885153969,17,1.0,2.651725
60,nominal,mpc,7.614400513588587,9.114206675356025,0.034722222222222224,17810.59748794371,5.969823218511739,32,0.999999995420984,19.68050277777778
61,nominal,static,10.33255961113796,12.367760746665123,22.77777777777778,17777.85579864969,39.359507141774124,0,0.9514251167287595,0.08838750000000001
61,nominal,reactive,10.150576463235666,12.14993243326692,6.354166666666666,17797.856091210037,26.764356593870392,44,0.9998422350326985,2.493851388888889
61,nominal,predictive,7.335877114813971,8.78082260712581,0.0,17826.538305510516,2.974921306143138,49,1.0,19.460494444444443
61,nominal,predictive_no_forecast,7.5446880398824225,9.03076295682897,0.0,17825.38033530576,5.0925959609854194,22,1.0,2.701075
61,nominal,mpc,8.268933395791878,9.897662701023597,13.506944444444443,17818.45786918502,14.127353330007006,28,0.9977059832461757,19.490163888888887
62,nominal,static,9.159916633272108,10.964142636795398,13.88888888888889,17776.5489993338,24.228713454348433,0,0.9778128792917855,0.08895416666666667
62,nominal,reactive,8.413288318882456,10.070451169571426,0.4861111111111111,17806.42636723578,13.58261965160132,5,0.9999810500760281,1.8200888888888889
62,nominal,predictive,7.178548246288893,8.59250471904277,0.0,17823.09464487146,0.9646794251001057,38,1.0,19.289140277777776
62,nominal,predictive_no_forecast,7.197079738006853,8.614686353068818,0.0,17823.89013225971,0.7002945391850298,13,1.0,2.5756597222222224
62,nominal,mpc,7.496933442163191,8.973602150468057,0.45138888888888884,17818.488951504845,4.394940103650816,23,0.9999932468696268,19.671929166666665
63,nominal,static,9.08516237162132,10.874664050880076,17.46527777777778,17767.7801002195,24.201899886214928,0,0.9779277890036349,0.0893236111111111
63,nominal,reactive,7.863351755693714,9.41219376817883,0.20833333333333334,17806.39902425677,8.40617668583759,3,0.9999962872683608,1.8271541666666666
63,nominal,predictive,7.329594548620219,8.773302565772694,0.0,17809.56314423071,2.9590936194161257,41,1.0,19.501088888888887
63,nominal,predictive_no_forecast,7.13208231274563,8.536886404650058,0.0,17811.627448371295,1.0912392062213174,13,1.0,2.5801666666666665
63,nominal,mpc,7.485443053873443,8.959848503878824,0.24305555555555555,17807.262670262928,4.930444460119935,26,0.9999968836211857,19.550856944444444
64,nominal,static,13.21477678880838,15.817687368422124,29.54861111111111,17754.907227186046,61.26215804622311,0,0.9346612775076255,0.08865416666666667
64,nominal,reactive,9.241591435441189,11.06190489999779,21.145833333333332,17805.072253192306,26.339608803404044,122,0.9768052347469459,3.895775
64,nominal,predictive,7.68431887437248,9.197896834476149,0.1736111111111111,17817.976767403572,6.8216628030316455,44,0.9999974628006372,19.485020833333333
64,nominal,predictive_no_forecast,8.359126899815513,10.005621592203413,0.8680555555555556,17811.376220204485,13.265159782548375,18,0.99991803303595,2.6984305555555554
64,nominal,mpc,8.984009317242695,10.753586910032926,8.715277777777777,17803.125849288204,18.153939464615803,25,0.9993620278235428,19.657405555555556
65,nominal,static,10.184805961361734,12.190904105266332,18.92361111111111,17754.698871228127,36.44471031166792,0,0.9574465967237338,0.09042777777777777
65,nominal,reactive,10.601398027128754,12.689552183987452,4.652777777777778,17785.550725064826,31.834495129414325,31,0.9905265934969157,2.2920305555555553
65,nominal,predictive,7.708125677307772,9.226392856171424,3.9930555555555554,17804.630403118943,7.600394140441572,46,0.9942862906502984,19.598211111111112
65,nominal,predictive_no_forecast,7.671544176613213,9.182605908370356,3.9930555555555554,17800.190291170642,7.566357801826942,12,0.991707944571912,2.5856722222222226
65,nominal,mpc,8.406713617088469,10.062581450757419,4.270833333333333,17793.032514849772,15.264456655351038,23,0.9883211953215187,19.526213888888886
66,nominal,static,8.90116019766369,10.654419024476226,11.215277777777779,17751.81689002149,20.314143437638734,0,0.9821910668477106,0.09022222222222223
66,nominal,reactive,7.8245725429826685,9.365776225691372,6.527777777777779,17809.58686945452,7.851767902774488,38,0.9989666684118172,2.429575
66,nominal,predictive,7.362235764304097,8.812373111818536,0.0,17815.30030505808,3.172467108177992,41,1.0,19.454734722222224
66,nominal,predictive_no_forecast,7.286839451885875,8.722126010590667,0.3125,17816.60444938243,2.1746264338416137,14,0.9999932897267886,2.6192736111111112
66,nominal,mpc,7.721335160655154,9.242204207450857,4.861111111111112,17809.30613539534,6.782921366838833,17,0.9999381305546625,19.586336111111113
67,nominal,static,11.95051158320746,14.304400228384681,23.4375,17750.44544302239,57.05480985322938,0,0.927017051304589,0.08808888888888888
67,nominal,reactive,10.558316031822452,12.637984341120804,23.40277777777778,17794.341457529456,42.1704433280032,135,0.9456889561743291,4.050654166666667
67,nominal,predictive,8.704307351068667,10.41879213233976,23.368055555555557,17806.345936061323,18.63817354698613,45,0.9953419115316151,19.319895833333334
67,nominal,predictive_no_forecast,10.016915605712013,11.989944437140151,23.40277777777778,17797.401093823886,34.206274735978674,19,0.9664692491602664,2.6928944444444447
67,nominal,mpc,9.789115033722062,11.7172740555158,23.368055555555557,17794.950086865014,31.087964778933337,27,0.9739086357637433,19.578991666666663
68,nominal,static,11.15963178499908,13.35774107598378,22.881944444444443,17782.859301435532,47.82635635837847,0,0.9397336756252661,0.0891875
68,nominal,reactive,10.905519400754134,13.053576252417823,1.5277777777777777,17798.97105402259,31.76320734552994,15,0.9999521797557125,1.9968166666666667
68,nominal,predictive,7.2703953221145055,8.702442885561288,0.0,17824.172013704796,2.1137425191561965,41,1.0,19.212509722222222
68,nominal,predictive_no_forecast,7.324223768414495,8.766873904617349,0.0,17823.753247665412,2.9691935982495723,14,1.0,2.598434722222222
68,nominal,mpc,7.594675989526502,9.090597017766562,0.0,17821.436459634566,6.103534492583696,26,1.0,19.632526388888888
69,nominal,static,12.059067389110234,14.434338238480425,26.42361111111111,17741.652318055505,54.70700541833874,0,0.9330951582084585,0.088525
69,nominal,reactive,10.62113457734435,12.71317623651823,10.347222222222221,17787.084317738725,29.2690508520876,65,0.9994404047223029,2.845320833333333
69,nominal,predictive,7.564001623515355,9.053880731177479,0.0,17804.276287772303,4.8880978672931,41,1.0,19.2452125
69,nominal,predictive_no_forecast,7.881915934123464,9.434414527208395,0.24305555555555555,17801.045904975115,6.327103427250914,15,0.9999822527947949,2.603634722222222
69,nominal,mpc,8.736595380143982,10.457439924717798,7.708333333333334,17789.167186399955,16.966425081242633,22,0.9981013430400238,19.45402222222222
70,nominal,static,11.459890521233284,13.717141684506476,23.368055555555557,17786.19415273034,50.44712773053018,0,0.9406792442684004,0.091075
70,nominal,reactive,8.44388289514753,10.107071950252346,18.26388888888889,17828.1758678556,16.03852920415647,105,0.9982142156170519,3.5186333333333333
70,nominal,predictive,7.557332566123905,9.045898071572559,0.0,17831.66138742424,5.034927863394733,42,1.0,19.033925
70,nominal,predictive_no_forecast,7.611922716717572,9.111240827586167,0.0,17833.17308538157,5.298954882654251,16,1.0,2.601168055555555
70,nominal,mpc,8.534444945118258,10.215471979762754,13.125,17818.01626711936,16.729444479084716,27,0.9937377987159461,19.28077777777778
71,nominal,static,10.30814197329857,12.338533574099799,17.881944444444446,17740.198605442725,38.3291556368437,0,0.9499097096252822,0.08935555555555555
71,nominal,reactive,8.915069065805866,10.671067518161559,17.881944444444446,17796.901731180846,21.890285208482855,103,0.9839475007693256,3.570059722222222
71,nominal,predictive,8.56167761616533,10.24806866177365,11.805555555555555,17798.4490142339,16.889875624594936,39,0.9852904534631608,19.21375972222222
71,nominal,predictive_no_forecast,8.261250535353154,9.88846654989242,11.805555555555555,17801.770149336346,13.81734696184569,14,0.9921251906351108,2.6150472222222225
71,nominal,mpc,9.040030075532616,10.82064206010722,11.944444444444445,17792.236024912632,23.05205528909342,22,0.9737079649950819,20.027597222222223
72,nominal,static,12.963863645828578,15.51735193970392,24.791666666666668,17772.830042978152,54.953263270395425,0,0.9520903773298524,0.0929125
72,nominal,reactive,8.615575363594138,10.312582632180881,7.291666666666667,17804.420181835925,15.356054263435256,44,0.9997110762545208,3.1260152777777774
72,nominal,predictive,7.848962057255657,9.394969735199961,0.10416666666666667,17814.59633930238,8.222355224595894,45,0.9999994762603519,22.516070833333334
72,nominal,predictive_no_forecast,8.12092606202459,9.720502407574882,0.8680555555555556,17812.69411837194,10.873364134572991,14,0.9999517735069077,3.2475916666666667
72,nominal,mpc,9.151800000297717,10.954427273083631,22.430555555555557,17805.735057703772,22.938091345486832,23,0.9928264259676757,24.35439583333333
73,nominal,static,10.43415961310194,12.489372870228078,22.95138888888889,17771.5794154177,39.2523165772049,0,0.9522290647228471,0.09535416666666667
73,nominal,reactive,9.138554856824845,10.938573237714586,3.0208333333333335,17804.883787410858,20.517547613798197,23,0.9997655743438293,2.6649930555555557
73,nominal,predictive,7.183017976867867,8.597854851099413,0.0,17828.142902607622,0.6525261877012183,41,1.0,24.7129875
73,nominal,predictive_no_forecast,7.2416037545644185,8.667980251675582,0.0,17830.14590616068,1.5824397814872921,13,1.0,3.163429166666667
73,nominal,mpc,7.757239070523691,9.285180099566256,2.326388888888889,17808.195168402443,6.8669037070534,21,0.9986856290813065,22.521870833333335
74,nominal,static,11.374265675885873,13.614651339317945,30.729166666666668,17775.183813297906,48.54935275881507,0,0.9617867685749827,0.10977083333333333
74,nominal,reactive,9.853100944781394,11.79386325208683,15.0,17816.67633820086,27.51800435945457,84,0.9992473241878383,3.815552777777778
74,nominal,predictive,7.351786025739912,8.799865091415949,0.0,17833.40394271859,2.8649749752773426,47,1.0,24.909433333333336
74,nominal,predictive_no_forecast,8.090544611506882,9.684136731955196,0.1736111111111111,17824.938833754273,10.467125100244559,20,0.9999931627986909,3.0507569444444442
74,nominal,mpc,8.531821947920854,10.212332331602235,0.8680555555555556,17821.417393598575,15.474350177841085,25,0.9999457964479372,21.21574861111111
75,nominal,static,9.594845285686803,11.484739054079654,18.368055555555557,17770.85577180739,29.68972290102665,0,0.9708886922239125,0.0934375
75,nominal,reactive,9.718569648436187,11.632833367067548,8.29861111111111,17804.9582738156,24.76227106905859,50,0.9862678437032447,2.6926972222222223
75,nominal,predictive,7.684646329452769,9.198288788284357,7.951388888888888,17822.088136134837,6.879102621545505,46,0.9976611190467218,19.980043055555555
75,nominal,predictive_no_forecast,7.9720283870764295,9.542276402712705,7.986111111111111,17818.240229716837,10.426599622657715,17,0.9932738712660755,2.673611111111111
75,nominal,mpc,8.697705284745718,10.41088965901381,8.194444444444445,17808.256240475945,19.332326745317875,26,0.9811719179221654,19.47778472222222
76,nominal,static,10.810823625427126,12.94022827892033,27.118055555555554,17732.239329813823,40.24117805190543,0,0.9638503429876513,0.08907777777777778
76,nominal,reactive,9.36415506397967,11.208609849309003,12.63888888888889,17794.94023353391,25.658968500200075,77,0.9785245332826098,3.01545
76,nominal,predictive,8.609296447330856,10.305066959683911,12.1875,17801.16535128084,18.2220571375569,39,0.9808032708580002,19.14795972222222
76,nominal,predictive_no_forecast,8.278209603192462,9.908766040184902,11.875,17804.626215116652,14.647654005547432,16,0.9895806445297131,2.612029166666667
76,nominal,mpc,9.172931452989383,10.9797209816085,12.152777777777777,17793.44139138671,24.767122953928336,23,0.9685327371513444,19.291504166666666
77,nominal,static,9.849699910512589,11.789792317128697,17.395833333333332,17779.009298810477,33.31231419538368,0,0.9597961566750701,0.08937222222222221
77,nominal,reactive,9.402410356004223,11.25440027461112,4.652777777777778,17808.398886550436,19.74560638815748,30,0.9993801743394629,2.2270208333333334
77,nominal,predictive,7.266297816698862,8.697538295745613,0.0,17830.830158821806,2.161442950363799,51,1.0,19.21759861111111
77,nominal,predictive_no_forecast,7.537925862076123,9.022668834909293,0.034722222222222224,17827.984639579314,5.7789561944371,17,0.999999948032613,2.646891666666667
77,nominal,mpc,7.717732645803218,9.237892106340228,3.680555555555556,17821.500060178012,7.574304442518596,30,0.9998322994379889,19.6547375
78,nominal,static,10.499675579777634,12.56779349700656,22.77777777777778,17782.465955987194,40.73717314495624,0,0.95129908870378,0.09300416666666667
78,nominal,reactive,10.283354851048308,12.308864139891147,8.020833333333334,17803.89361500726,27.91286935691401,51,0.999741939792834,2.779106944444444
78,nominal,predictive,7.432548804833474,8.896535690634009,0.0,17829.41847705946,3.3353163907485532,42,1.0,21.729343055555557
78,nominal,predictive_no_forecast,7.784468519367226,9.317772924697135,0.1388888888888889,17827.106219155514,7.8879878302155,14,0.9999994639453934,2.749461111111111
78,nominal,mpc,8.554878317220771,10.239930106976368,14.20138888888889,17819.653183886043,16.470904925196216,26,0.9992104890567666,22.081929166666665
79,nominal,static,9.691106398114194,11.599960688651832,18.229166666666664,17767.27213316993,31.92056532947996,0,0.9585909128810728,0.10053888888888889
79,nominal,reactive,10.156888925906078,12.157488259796681,15.902777777777777,17782.030566558766,27.420725329959406,79,0.9987720008293441,3.079091666666667
79,nominal,predictive,7.523664774185088,9.00559874485791,0.06944444444444445,17804.0621966746,5.088925619541411,41,0.9999997569459484,20.547605555555553
79,nominal,predictive_no_forecast,7.482189300550999,8.955953859750434,0.0,17804.845854393036,4.415744806187329,16,1.0,2.90035
79,nominal,mpc,8.1128622048191,9.71085021485923,14.374999999999998,17797.7724888873,12.307236135596376,27,0.9989783119291703,22.06441527777778
80,nominal,static,11.114743517977566,13.304011180609514,23.368055555555557,17799.673919871373,48.35910162420195,0,0.9335236152636877,0.09978194444444445
80,nominal,reactive,10.498587854472975,12.566491522778271,2.8472222222222223,17815.487507833728,30.497625099444598,22,0.9998750823182713,2.3189680555555556
80,nominal,predictive,7.350506001242021,8.7983329408806,0.0,17837.988626190745,3.1331091224206133,45,1.0,20.60530277777778
80,nominal,predictive_no_forecast,7.517569794661639,8.99830323906469,0.0,17837.33524186051,4.419687922943872,15,1.0,2.7567222222222223
80,nominal,mpc,7.7596202507562415,9.288030300147641,0.1736111111111111,17834.765371446323,8.070016637534609,28,0.9999911491412901,20.971598611111112
81,nominal,static,10.572535593412526,12.655004725448304,19.51388888888889,17761.406601103216,40.4980825756611,0,0.9534277636252371,0.10464722222222222
81,nominal,reactive,10.196841154395269,12.205309866624637,0.5902777777777778,17792.16458338591,25.79247130452749,7,0.9999973374978915,2.045770833333333
81,nominal,predictive,7.29770138164587,8.735127411363983,0.0,17810.801298593353,2.2130901376026695,41,1.0,19.73305
81,nominal,predictive_no_forecast,7.643392964013499,9.14890975995555,0.5555555555555556,17806.115871693815,6.630826512673163,16,0.9999510456089697,2.685061111111111
81,nominal,mpc,8.357312186608462,10.003449435485903,12.118055555555555,17798.715071752184,14.552679915050517,26,0.9937216338687566,19.80137638888889
82,nominal,static,10.27707915128607,12.301352317448487,18.78472222222222,17781.560095085937,37.891720963927845,0,0.9518229311527512,0.08869305555555557
82,nominal,reactive,9.831801582351535,11.768368560693512,0.8680555555555556,17805.414081885523,22.638455874420046,10,0.999971722027735,1.915963888888889
82,nominal,predictive,7.2586512517314254,8.688385589193679,0.0,17826.808051052256,2.0160685839322605,40,1.0,19.5575125
82,nominal,predictive_no_forecast,7.2616785756366715,8.692009204171157,0.06944444444444445,17825.304478330305,2.3052594763698413,17,0.9999993633904628,2.6695180555555558
82,nominal,mpc,7.560588246068102,9.049795021808798,1.3888888888888888,17821.843247499375,5.608299231403737,26,0.9999750957725838,19.778866666666666
83,nominal,static,10.369651790894899,12.41215896182874,19.791666666666664,17781.49852051528,34.22072365445763,0,0.9678506744416068,0.09126111111111111
83,nominal,reactive,9.51270775509235,11.386422918974166,7.986111111111111,17809.06306524463,19.654876026778396,47,0.9987854999220522,2.5436513888888888
83,nominal,predictive,7.459751460119297,8.929096444688245,0.0,17827.747921509843,4.125993540937376,41,1.0,19.06340694444444
83,nominal,predictive_no_forecast,7.466358988228853,8.937005455607286,0.0,17827.824533587256,3.4120586053841886,15,1.0,2.6030680555555556
83,nominal,mpc,8.142224025752396,9.745995424764246,0.4166666666666667,17819.40246005318,9.851996486692267,26,0.9999803846935764,19.248902777777776
84,nominal,static,12.23928133105105,14.650048865955053,32.708333333333336,17769.15636732118,55.09365316365223,0,0.9436068048643831,0.09204166666666667
84,nominal,reactive,9.907250083897154,11.858678130725377,11.527777777777779,17808.66628039521,26.152599052423533,66,0.9913476035075502,2.848373611111111
84,nominal,predictive,7.292153648424496,8.728486942811154,0.0,17829.31587480421,2.395983494359522,44,1.0,18.953027777777777
84,nominal,predictive_no_forecast,7.642249562064989,9.147541142471727,0.06944444444444445,17825.45266213125,5.837369258297764,15,0.9999983828198186,2.5733305555555557
84,nominal,mpc,7.806775134534463,9.344473267094262,0.4166666666666667,17823.99144016672,8.366008845268173,29,0.9999783433427695,19.234943055555554
85,nominal,static,11.78888760776209,14.1109412274728,28.4375,17798.093453005204,51.26808516115918,0,0.9433384454187258,0.09106666666666666
85,nominal,reactive,10.133041035008045,12.128943057055086,13.125,17833.536478018126,25.932198001636763,76,0.9951929108661436,3.1082347222222224
85,nominal,predictive,7.404790532572256,8.863309879897068,0.0,17853.491822464835,3.144503289900303,41,1.0,19.32064861111111
85,nominal,predictive_no_forecast,7.710890590732291,9.229702373755325,0.625,17849.165605299797,7.115337063315373,15,0.9999592271605828,2.6364152777777776
85,nominal,mpc,8.044960043236966,9.629573385086669,11.5625,17845.228413542787,10.762762272678163,25,0.9986074603734678,19.622204166666666
86,nominal,static,11.018491065168796,13.18879991133841,22.256944444444443,17788.98376956299,46.02287561224902,0,0.951024769212256,0.08800694444444444
86,nominal,reactive,10.218694984055777,12.231468238490988,2.1875,17808.459321854756,27.508121778477424,18,0.9999177619151013,2.095613888888889
86,nominal,predictive,7.290689416749578,8.726734301866925,0.0,17832.506995676536,2.2221182729930438,42,1.0,19.274430555555554
86,nominal,predictive_no_forecast,7.555908052934309,9.044192972451677,0.0,17831.114588191147,5.0759768807225285,16,1.0,2.6415055555555553
86,nominal,mpc,8.215847056661632,9.834119961761637,7.048611111111111,17824.03298079409,13.00349112743548,26,0.9998661963285983,20.090961111111113
87,nominal,static,9.653297978372038,11.554705155930174,22.083333333333332,17784.437258411035,31.34740423343092,0,0.9667513476276459,0.089725
87,nominal,reactive,10.64242825240091,12.738664120298052,11.70138888888889,17804.957243768233,27.526083302543555,70,0.9987560673940212,3.007629166666667
87,nominal,predictive,7.951526745576089,9.517736559098667,0.625,17822.788656326615,10.154447336553321,41,0.9999655493262021,19.666720833333333
87,nominal,predictive_no_forecast,7.328545563153735,8.772046961956743,0.0,17825.73196653321,3.1477304021565846,16,1.0,2.6352305555555553
87,nominal,mpc,7.6562704763553215,9.16432375200107,0.24305555555555555,17821.551441295705,6.784539878852973,22,0.999995201718037,19.554745833333335
88,nominal,static,10.662433667547361,12.76260999600366,22.67361111111111,17792.35271268743,42.58109689722789,0,0.9466923265547408,0.0891125
88,nominal,reactive,10.217205193567288,12.229685004421466,1.0069444444444444,17803.13532974755,27.36133847007014,12,0.9999729213152807,1.9562458333333335
88,nominal,predictive,7.111326515076693,8.512042343803909,0.0,17826.969852057035,0.21741754362975096,45,1.0,19.361275000000003
88,nominal,predictive_no_forecast,7.40714373003101,8.866126585946208,0.0,17824.232728534364,3.9930605250829876,17,1.0,2.6528416666666668
88,nominal,mpc,7.63254816472853,9.135928863841725,0.3819444444444444,17819.724210921184,6.534056037488014,29,0.9999674586791704,19.992075
89,nominal,static,9.572564032919729,11.45806906970694,13.784722222222223,17780.73658590399,29.389412650401724,0,0.9635271161782272,0.09017638888888889
89,nominal,reactive,9.513313593631045,11.387148089346237,1.5625,17802.99332742054,20.32550497739544,15,0.9999285054406717,2.0268680555555556
89,nominal,predictive,7.128127807963257,8.532152982259063,0.0,17832.89364636894,0.1415529738640314,45,1.0,19.544922222222223
89,nominal,predictive_no_forecast,7.174439513604903,8.587586690527083,0.0,17830.429522439314,1.157108290706902,19,1.0,2.7173541666666665
89,nominal,mpc,7.5040572046765,8.982129078324895,0.3125,17823.714744589674,4.92434012130754,28,0.9999688390157211,19.40268611111111
90,nominal,static,9.656558101093296,11.558607424035921,16.52777777777778,17733.067761066915,29.04789182604905,0,0.9754753956492296,0.08950416666666666
90,nominal,reactive,9.427832617939785,11.284829951776407,13.576388888888888,17776.292196391783,25.3412010931554,41,0.9864227521919394,2.407570833333333
90,nominal,predictive,7.919182955979923,9.479022023066877,6.597222222222222,17799.457074750997,9.476864020380699,36,0.9923687202647931,18.930162499999998
90,nominal,predictive_no_forecast,8.502545262328093,10.177289026119984,6.770833333333333,17787.57666925045,15.786963137599376,13,0.9852109709326866,2.5291055555555553
90,nominal,mpc,8.69591673521716,10.408748819426602,13.229166666666666,17785.170464783718,16.92226145062004,22,0.9890851818077686,19.185225
91,nominal,static,10.773565529397215,12.895631467005751,18.055555555555554,17768.888085464765,43.34006455774238,0,0.942970253768997,0.08985555555555555
91,nominal,reactive,9.949811413549149,11.90962275258158,18.055555555555554,17816.00100969292,34.94298551617246,104,0.9531626557040465,3.4822569444444444
91,nominal,predictive,9.828754871169918,11.76472173973369,18.020833333333332,17819.172751814625,32.41591641688056,45,0.9582295474512184,19.002006944444446
91,nominal,predictive_no_forecast,9.456555023457181,11.319209800804792,18.020833333333332,17821.045091533175,27.97054940277347,12,0.9675603452792005,2.538373611111111
91,nominal,mpc,10.162178106010137,12.163819248103032,18.020833333333332,17814.939240386353,36.19503869121632,28,0.9505567318313363,19.228168055555553
92,nominal,static,11.275794983455244,13.49678490443885,21.5625,17779.930006468734,48.41722349652408,0,0.9458180645738161,0.09097222222222223
92,nominal,reactive,9.78639465548935,11.714017845206952,3.923611111111111,17809.076922435583,26.188055371405525,28,0.9998582830429242,2.2384444444444442
92,nominal,predictive,7.697612265561388,9.213808620899226,0.3472222222222222,17826.0209535519,7.2083289807852164,43,0.9999923548379536,19.359972222222222
92,nominal,predictive_no_forecast,7.620827945391211,9.121900116453102,0.034722222222222224,17826.36252109281,5.945029270514942,16,0.999999887845514,2.619151388888889
92,nominal,mpc,8.267362485940671,9.895782369535052,15.069444444444443,17821.418519344752,13.303378972502916,26,0.998984682234204,19.609601388888887
93,nominal,static,9.856532249528065,11.797970419889639,16.041666666666668,17768.24323962654,30.914995948699268,0,0.9727932346333863,0.08902638888888889
93,nominal,reactive,9.46668299294321,11.331332673371419,8.854166666666668,17776.388920115438,21.333279411149896,54,0.9997303348844286,2.717161111111111
93,nominal,predictive,7.262109759562871,8.692525318264632,0.0,17807.471910422984,1.941418525772337,41,1.0,19.272594444444444
93,nominal,predictive_no_forecast,7.256446307599889,8.685746337884716,0.0,17807.163883685964,2.0579779811588756,13,1.0,2.5957833333333333
93,nominal,mpc,7.768752042789285,9.2989607784902,5.798611111111112,17797.655258859315,8.164556196701353,26,0.9995769289438845,19.6174375
94,nominal,static,9.452598665285098,11.314474159962456,15.79861111111111,17772.905674906084,29.17322688194816,0,0.9610880579264924,0.08910277777777778
94,nominal,reactive,9.529398797367193,11.406401590788,6.145833333333333,17801.52814736551,20.787087907873108,38,0.9994958314288537,2.4322222222222223
94,nominal,predictive,7.157678668063407,8.567524466318337,0.0,17825.303224147567,0.8425261171999395,42,1.0,19.570680555555555
94,nominal,predictive_no_forecast,7.206103699315308,8.625487761301658,0.0,17822.445923704487,1.8621047865038036,14,1.0,2.5750222222222225
94,nominal,mpc,7.830976947821542,9.373442104210616,5.0,17814.313144500084,8.621907410898515,25,0.9995566752998758,19.88075277777778
95,nominal,static,11.346630863446235,13.581573306246248,30.520833333333336,17773.92364681866,47.36829703936452,0,0.9499114093372947,0.0889763888888889
95,nominal,reactive,9.005529204213614,10.779345562619335,7.187499999999999,17802.2879070214,18.208432188626187,46,0.9998200243571875,2.529051388888889
95,nominal,predictive,7.657251645541214,9.165498181784194,0.24305555555555555,17823.963935051735,6.482043630257145,45,0.999996627793511,19.54583472222222
95,nominal,predictive_no_forecast,7.593997212138792,9.08978454180252,0.034722222222222224,17824.21711818071,5.255277967215592,16,0.9999999999520882,2.6423180555555557
95,nominal,mpc,8.341336711134486,9.984327275448866,11.42361111111111,17815.671038230576,14.665620427175465,27,0.9964512274221484,19.791669444444445
96,nominal,static,11.20976754149762,13.417752057247135,20.79861111111111,17751.447142608413,48.637885537018946,0,0.9349862677375692,0.08977083333333333
96,nominal,reactive,9.676179597008566,11.582093760055697,20.79861111111111,17792.256501961172,31.638991308814827,120,0.9645507207507671,3.8237388888888892
96,nominal,predictive,8.263685562346744,9.891381203415035,15.069444444444443,17801.859819350124,13.676564692051587,47,0.9985225022587352,19.56581527777778
96,nominal,predictive_no_forecast,9.111234220949596,10.905871264469955,20.76388888888889,17793.28482676942,24.240008482796274,16,0.9811301322358094,2.6604069444444445
96,nominal,mpc,9.830967409979412,11.767370081642033,20.97222222222222,17785.766001290325,31.543097682869735,23,0.9752355865197033,19.09767638888889
97,nominal,static,9.565097647666422,11.449132032812832,11.180555555555555,17781.4208255503,27.88559820997462,0,0.9721728990666241,0.08876805555555554
97,nominal,reactive,8.528137656769808,10.207922346739602,11.180555555555555,17819.901466497504,15.45387678638049,65,0.9986916880583312,2.8255069444444443
97,nominal,predictive,7.167737721339707,8.579564848270262,0.0,17831.18975170884,1.0499047627769562,43,1.0,18.939305555555556
97,nominal,predictive_no_forecast,7.323274101087048,8.765737181604202,0.0,17831.67111418431,2.203012940096335,17,1.0,2.6322375
97,nominal,mpc,7.268012093113214,8.69959023266582,0.0,17829.84974689375,2.3046291685343405,24,1.0,19.143161111111112
98,nominal,static,9.627188694881914,11.523453134782896,18.229166666666664,17817.52810570281,31.19233147917385,0,0.9596867326935765,0.08928333333333333
98,nominal,reactive,9.79782867653496,11.727704021913047,4.097222222222222,17843.285527475928,23.054645272497357,26,0.9998042382890424,2.1706583333333334
98,nominal,predictive,7.26294838535082,8.693529127919925,0.0,17867.210734137276,2.251405423668396,44,1.0,18.96227083333333
98,nominal,predictive_no_forecast,7.418641700598578,8.87988930829223,0.0,17866.277866648863,3.798885943109951,15,1.0,2.5752944444444443
98,nominal,mpc,7.761518924482692,9.290302955062606,0.6944444444444444,17862.840260733854,8.167587328511877,29,0.9999495586215662,19.291327777777777
99,nominal,static,10.807629055494788,12.936404475516492,18.78472222222222,17760.93583721906,38.57004085974979,0,0.9592400361823101,0.09030972222222222
99,nominal,reactive,10.039255836852695,12.016685016838826,12.152777777777777,17804.197103989067,22.575239099243436,63,0.9991155557977721,2.8389402777777777
99,nominal,predictive,7.261761217369465,8.692108123821026,0.0,17821.29419621797,2.189559538785108,46,1.0,19.573658333333334
99,nominal,predictive_no_forecast,7.820075341092203,9.360393211307331,0.4861111111111111,17816.46633319018,7.048679568219071,16,0.9999896965842475,2.6591875
99,nominal,mpc,8.227085536423763,9.847572081476937,12.32638888888889,17808.444970542434,13.196064309816489,30,0.9931896742105629,19.581316666666666
0,mild,static,8.38391017144634,10.035286417337268,15.208333333333332,17594.052491372746,17.13080158917885,0,0.9868233734859728,0.09006111111111112
0,mild,reactive,7.363236955717776,8.813571507601564,0.034722222222222224,17609.18831977469,4.743898083466602,1,0.9999999713442176,1.7863624999999999
0,mild,predictive,7.032658155099245,8.417878700800618,0.0,17612.50794195644,0.1777710365158779,32,1.0,19.19557777777778
0,mild,predictive_no_forecast,7.0149631670262504,8.396698336288996,0.0,17612.636641420275,0.0,6,1.0,2.479070833333333
0,mild,mpc,7.016025347802574,8.397969734490955,0.0,17612.281609410766,0.1328139881368572,19,1.0,19.393522222222224
1,mild,static,8.59002571084088,10.2820004720671,11.597222222222223,17596.566977653536,18.70194477331933,0,0.9836432697212637,0.09035
1,mild,reactive,7.819775856638351,9.360034737491377,0.1388888888888889,17615.365096647824,8.607582335641492,3,0.9999990142290583,1.803311111111111
1,mild,predictive,6.991031417099316,8.368052756831005,0.0,17627.308941762294,0.0,31,1.0,19.154411111111113
1,mild,predictive_no_forecast,7.008518372932375,8.388984113055416,0.0,17627.20166687207,0.11699885954140643,6,1.0,2.466133333333333
1,mild,mpc,7.030922798620583,8.415801531682217,0.0,17626.530106201422,0.3339889609220781,17,1.0,19.36145972222222
2,mild,static,8.481314501940554,10.151876449292478,14.930555555555555,17597.38464415987,18.21556685215924,0,0.9898776004988142,0.09119583333333334
2,mild,reactive,7.8509146433149715,9.397306921543679,0.06944444444444445,17603.161088280707,9.144309540113609,1,0.9999990191534547,1.7597097222222222
2,mild,predictive,7.087326457025172,8.483315001590752,0.0,17611.006301727153,0.0,30,1.0,19.172279166666666
2,mild,predictive_no_forecast,7.050272237451521,8.438962223616219,0.0,17611.006301727153,0.0,7,1.0,2.4901180555555555
2,mild,mpc,7.067038256640866,8.45903064052467,0.0,17611.006301727153,0.0,19,1.0,19.711656944444442
3,mild,static,8.206058468302963,9.822403318120205,15.17361111111111,17619.847472617577,14.993256217488556,0,0.9918853813414805,0.08943055555555555
3,mild,reactive,7.717800196383244,9.237972962337514,0.06944444444444445,17631.145886364004,7.610505701153936,2,0.9999996477508524,1.7817041666666666
3,mild,predictive,6.995492380255087,8.37339239454776,0.0,17638.005681413804,0.0005712614544338286,32,1.0,19.34062777777778
3,mild,predictive_no_forecast,7.032981378220517,8.418265589082123,0.0,17638.00651001721,0.0,6,1.0,2.5009597222222224
3,mild,mpc,7.0153143888158755,8.397118738128098,0.0,17638.00651001721,0.0,20,1.0,19.69759722222222
4,mild,static,8.904717055479805,10.65867647549856,22.84722222222222,17618.05734874073,23.266435879212477,0,0.9834854045107755,0.09148333333333333
4,mild,reactive,7.876053508784532,9.427397381726934,0.1388888888888889,17628.449362259667,9.170217616486697,2,0.9999968337097436,1.824251388888889
4,mild,predictive,7.022138106751691,8.405286521717937,0.0,17633.811644147096,0.0,29,1.0,19.30025138888889
4,mild,predictive_no_forecast,7.105605357655213,8.505194291738814,0.0,17633.695249017885,0.23850987467052065,6,1.0,2.5192097222222225
4,mild,mpc,7.068525180382219,8.460810443184775,0.0,17633.42588192449,0.7895031672418421,17,1.0,19.572577777777777
5,mild,static,7.7530610415785315,9.280179125525823,10.347222222222221,17627.61203351119,9.542147935908782,0,0.9948865843717661,0.08938194444444444
5,mild,reactive,7.437284986881722,8.902204757025103,0.1736111111111111,17638.557858829365,5.116717675878475,2,0.9999957747396502,1.7864833333333334
5,mild,predictive,7.020961852746733,8.403878581318073,0.0,17645.261540363394,0.0,31,1.0,19.039020833333332
5,mild,predictive_no_forecast,6.994510557308634,8.37221718223306,0.0,17645.261540363394,0.0,5,1.0,2.4636583333333335
5,mild,mpc,7.045927695516774,8.433761938573118,0.0,17645.119173153336,0.12664891551698332,21,1.0,19.578356944444444
6,mild,static,9.350557828222565,11.19233437014518,21.493055555555557,17622.025212365475,26.594244161393743,0,0.9911490960249439,0.0889375
6,mild,reactive,9.083299590991,10.872434358913484,0.3125,17624.79059794824,20.12642853785552,4,0.9999973768732766,1.8304458333333335
6,mild,predictive,7.119694679720087,8.522058783301313,0.0,17641.805238804187,0.5290976943699516,31,1.0,19.090397222222222
6,mild,predictive_no_forecast,7.086238590472692,8.482012858293071,0.0,17641.78650647767,0.5569247720718798,10,1.0,2.5258611111111113
6,mild,mpc,7.379651441255814,8.83321914938195,0.0,17639.673121284748,3.5079985303663737,21,1.0,19.611370833333336
7,mild,static,9.557384401483493,11.439899510866589,22.881944444444443,17580.87032853528,26.07116381321983,0,0.9885014760997325,0.09030555555555556
7,mild,reactive,8.513462824283145,10.19035701694497,11.284722222222223,17599.250810921105,14.615325631886435,68,0.9989948955919454,3.0183541666666667
7,mild,predictive,7.015362908747587,8.397176815016064,0.0,17613.492921661134,0.0,32,1.0,19.21969861111111
7,mild,predictive_no_forecast,7.1016883645588775,8.500505769699277,0.0,17612.636870310314,0.8002724017708114,11,1.0,2.5600597222222223
7,mild,mpc,7.1665344892495515,8.57812461591992,0.0,17612.165821745475,1.239475552141755,23,1.0,19.676683333333333
8,mild,static,9.203850831698215,11.016730540972095,14.791666666666666,17593.910250892608,24.715682388391635,0,0.9823499984461097,0.08932222222222222
8,mild,reactive,8.201448236616043,9.816885010494973,0.10416666666666667,17612.552119507218,11.70227411419585,2,0.9999972374122648,1.8119347222222222
8,mild,predictive,7.02956324291328,8.414174184699224,0.0,17620.05486090917,0.0,35,1.0,19.307393055555558
8,mild,predictive_no_forecast,7.000736762883597,8.379669761633398,0.0,17620.05486090917,0.0,8,1.0,2.516134722222222
8,mild,mpc,7.033614696022808,8.419023651300014,0.0,17619.928348991325,0.1769861457769853,22,1.0,19.610456944444447
9,mild,static,9.323576694645853,11.160038770863983,16.07638888888889,17603.31733162561,28.148727201335245,0,0.9680412437698689,0.0880625
9,mild,reactive,8.001880938595994,9.578009002258836,10.520833333333334,17628.58071357968,12.293821581266188,61,0.9977845988066819,2.854276388888889
9,mild,predictive,7.491076274978525,8.966591298837937,0.3125,17632.70986660814,5.386178998818304,31,0.9999781910621286,19.233206944444447
9,mild,predictive_no_forecast,7.311015629686526,8.751064162806593,0.0,17635.197935348817,3.1806365312905482,11,1.0,2.560986111111111
9,mild,mpc,7.5691034953309115,9.059987517138504,2.048611111111111,17628.348613820843,6.386170618483689,22,0.9999594886197304,19.71293611111111
10,mild,static,8.124543201672019,9.724832014122562,13.055555555555557,17584.25883279839,13.488175827341319,0,0.9952620196104975,0.08928611111111111
10,mild,reactive,7.445640008895847,8.912205465193514,0.1388888888888889,17597.443564184552,5.606508780892689,2,0.9999999181518694,1.8
10,mild,predictive,7.045617580582708,8.433390740394445,0.0,17602.652196088216,0.0,28,1.0,19.23987222222222
10,mild,predictive_no_forecast,7.000714938280177,8.37964363824445,0.0,17602.652196088216,0.0,5,1.0,2.4595583333333333
10,mild,mpc,7.020376486184654,8.403177915281628,0.0,17602.652196088216,0.0,17,1.0,19.565618055555554
11,mild,static,8.449666379577137,10.113994605857489,20.104166666666668,17624.92294221695,17.826750001560242,0,0.992619077706793,0.0888
11,mild,reactive,7.853659395703502,9.400592306978439,0.06944444444444445,17632.213479979786,8.869798957893709,2,0.9999995018607961,1.784825
11,mild,predictive,7.070829817522833,8.463569024004592,0.0,17639.812000152342,0.38416406076928944,35,1.0,19.226725
11,mild,predictive_no_forecast,7.022513569385245,8.405735939112633,0.0,17639.89351617506,0.2249352868117988,8,1.0,2.511936111111111
11,mild,mpc,7.085471478956553,8.481094649054038,0.0,17638.993903776707,0.7898609291140875,23,1.0,19.49951388888889
12,mild,static,7.648487833476646,9.155008164312955,5.972222222222222,17624.061404462092,8.37892307300999,0,0.998610757042532,0.08799444444444444
12,mild,reactive,7.370781384211141,8.822601959889091,0.034722222222222224,17631.345744227212,4.952496401964964,1,0.9999999371252275,1.7680152777777778
12,mild,predictive,7.043299121098507,8.430615614648216,0.0,17635.108201461644,0.09318398708588604,32,1.0,19.074480555555553
12,mild,predictive_no_forecast,6.980547770288236,8.355504149284394,0.0,17635.337122967347,0.0,2,1.0,2.4221013888888887
12,mild,mpc,7.193121667714679,8.609948662870593,0.06944444444444445,17630.300312007097,2.041474230684333,20,0.9999993502709879,19.481830555555558
13,mild,static,8.074685067885442,9.665153338832587,10.13888888888889,17617.095977642148,13.43465651028783,0,0.992573529836115,0.08835972222222221
13,mild,reactive,7.5613294622351495,9.050682235099655,0.10416666666666667,17633.485352833268,6.727691406404783,2,0.9999979206744446,1.7809916666666665
13,mild,predictive,7.00643783941803,8.386493777485223,0.0,17638.67502866413,0.0,35,1.0,19.200512500000002
13,mild,predictive_no_forecast,6.996638465288383,8.374764223602751,0.0,17638.67502866413,0.0,6,1.0,2.4893763888888887
13,mild,mpc,7.179836396503901,8.594046595815273,0.0,17637.09349295049,2.036361682931738,22,1.0,19.391843055555558
14,mild,static,8.686722128186089,10.397743153434874,12.743055555555555,17607.213092345777,19.611462052489944,0,0.9848908525705167,0.09171805555555555
14,mild,reactive,8.746281889349032,10.469034382705638,0.2777777777777778,17613.048648769138,14.338352867136019,3,0.9999935306685346,1.8130041666666665
14,mild,predictive,7.034692686149227,8.420313972814974,0.0,17627.108340401188,0.006945519477627065,34,1.0,19.00001111111111
14,mild,predictive_no_forecast,6.99512102106887,8.372947888855158,0.0,17626.81901540207,0.2914173611168844,10,1.0,2.5341958333333334
14,mild,mpc,7.042605058576768,8.42978484284188,0.0,17626.84390406262,0.2639834686442631,21,1.0,19.077168055555553
15,mild,static,7.7966434716953525,9.332345973695952,7.569444444444444,17619.230623749412,10.11564331140741,0,0.9982143887024614,0.09311527777777778
15,mild,reactive,7.516568732418317,8.997104997894652,0.10416666666666667,17626.819883536726,6.426545773279108,1,0.9999987129421726,1.759665277777778
15,mild,predictive,7.008721926489521,8.389227760495025,0.0,17632.93956638876,0.0,33,1.0,18.979904166666667
15,mild,predictive_no_forecast,7.000582535421356,8.379485156034649,0.0,17632.93956638876,0.0,4,1.0,2.4330527777777777
15,mild,mpc,7.015885073099789,8.397801829922495,0.0,17632.93956638876,0.0,23,1.0,19.098370833333334
16,mild,static,8.575666700797054,10.264813172166164,11.38888888888889,17599.569152561508,19.38400363697631,0,0.9836149331919952,0.09355138888888889
16,mild,reactive,7.652310392056318,9.159583651097723,0.06944444444444445,17611.43103098445,7.268457937261754,2,0.999999675718071,1.825076388888889
16,mild,predictive,6.998630589174709,8.37714873552729,0.0,17617.92746682016,0.0,29,1.0,19.579455555555555
16,mild,predictive_no_forecast,7.014769239096797,8.396466210434053,0.0,17617.92746682016,0.0,9,1.0,2.5197875
16,mild,mpc,7.173314369546319,8.58623992718423,0.0,17615.534098141223,2.0205011176609933,19,1.0,19.30046527777778
17,mild,static,8.671721356030115,10.379787683732992,10.277777777777777,17608.46151494629,20.532866262382875,0,0.9742704199566447,0.09095972222222222
17,mild,reactive,7.975920476539022,9.546935115857313,10.277777777777777,17620.014490604375,12.197842968778565,59,0.9937718075944129,2.839177777777778
17,mild,predictive,7.167135773533232,8.578844334986757,0.0,17631.728076513093,1.5797205988590795,34,1.0,18.99402222222222
17,mild,predictive_no_forecast,7.132401966906692,8.537269020994378,0.0,17631.39964738887,1.8312582843414453,7,1.0,2.4574527777777777
17,mild,mpc,7.23370267097661,8.658522894047762,0.0,17630.351980041734,2.8797813599210875,17,1.0,19.13469027777778
18,mild,static,8.898035688440615,10.650679081618305,18.29861111111111,17603.828110093178,23.147146634076172,0,0.9809605225528925,0.08916111111111111
18,mild,reactive,8.12841638256779,9.729468094285675,0.10416666666666667,17620.211954868613,9.519418071318043,2,0.9999999283716846,1.7771375
18,mild,predictive,7.028051732297407,8.412364952295363,0.0,17625.3372989177,0.11249842344768843,36,1.0,19.01352222222222
18,mild,predictive_no_forecast,7.0034753212255625,8.382947732982116,0.0,17625.462876408674,0.0,7,1.0,2.4768541666666666
18,mild,mpc,7.091619611690045,8.48845377762899,0.0,17624.293073497356,1.0442421818090937,21,1.0,19.149868055555554
19,mild,static,8.180300044462053,9.791571265340947,17.84722222222222,17613.425246674,14.663811567905915,0,0.9957514811131045,0.09043333333333334
19,mild,reactive,7.736663757447033,9.260552073307808,0.1736111111111111,17620.962305741945,8.194943680116289,2,0.9999917935994507,1.7679430555555555
19,mild,predictive,7.0422608701183815,8.429372859687161,0.0,17627.500668308923,0.0,31,1.0,18.926890277777776
19,mild,predictive_no_forecast,7.006332550322479,8.386367749628432,0.0,17627.500668308923,0.0,6,1.0,2.4553277777777778
19,mild,mpc,7.062588363493513,8.453704253272535,0.0,17627.385760366305,0.17146699880967625,19,1.0,19.180718055555555
20,mild,static,8.225779425255931,9.846008705988165,11.458333333333332,17572.190413937387,14.97102341310543,0,0.9906545463722907,0.08979027777777777
20,mild,reactive,8.120632450971376,9.72015096404151,0.24305555555555555,17582.73323869507,11.570606918459337,3,0.9999977139574049,1.7840125
20,mild,predictive,7.016136106273022,8.398102309023756,0.0,17592.478642814982,0.0,31,1.0,18.87427361111111
20,mild,predictive_no_forecast,7.003964572787075,8.383533352275444,0.0,17592.235224914974,0.2869479264654456,7,1.0,2.4657750000000003
20,mild,mpc,6.990588814050317,8.367522974393564,0.0,17592.478642814982,0.0,19,1.0,19.16700277777778
21,mild,static,8.517450232088965,10.195129823257993,17.708333333333336,17636.73024168644,18.59775513792997,0,0.9922708216198954,0.09204999999999999
21,mild,reactive,8.344399686664772,9.987993564341158,0.1736111111111111,17635.495187705805,13.792678130003294,4,0.9999976755033456,1.786223611111111
21,mild,predictive,7.029884178435639,8.41455833479417,0.0,17650.73173256009,0.0,31,1.0,18.867984722222225
21,mild,predictive_no_forecast,7.051032639103694,8.439872401351389,0.0,17650.577325343667,0.3276955553221457,8,1.0,2.4666472222222224
21,mild,mpc,7.101684244000122,8.500500837515313,0.0,17650.38702067083,0.6426721255932716,21,1.0,19.509072222222223
22,mild,static,7.918672427452225,9.478410935889777,15.17361111111111,17624.76261979281,11.507990555543216,0,0.9978099293161989,0.08677916666666667
22,mild,reactive,8.389752029746473,10.042278944696559,0.10416666666666667,17625.964351052637,10.904718228301402,2,0.9999989344149334,1.7944847222222222
22,mild,predictive,7.028333867002917,8.412702658988353,0.0,17637.905392979537,0.0,30,1.0,19.22009027777778
22,mild,predictive_no_forecast,6.9810327683535025,8.356084677271625,0.0,17637.88925799133,0.022116527995851735,9,1.0,2.4980833333333337
22,mild,mpc,7.017278983176349,8.39947029804443,0.0,17637.627786972796,0.17904630159001939,19,1.0,19.354431944444446
23,mild,static,8.80769791024224,10.542547498623279,15.833333333333332,17610.98147670136,21.72754458905147,0,0.9826950032145848,0.09143055555555556
23,mild,reactive,8.41052222296096,10.06714023657448,0.2777777777777778,17612.634168586657,13.890181322486628,3,0.9999902981885951,1.7962361111111111
23,mild,predictive,7.069673500346039,8.462184947383891,0.0,17630.367717979498,0.383729269289654,34,1.0,19.062033333333332
23,mild,predictive_no_forecast,7.035796508293687,8.42163521447275,0.0,17630.37626906036,0.353448371535165,9,1.0,2.523523611111111
23,mild,mpc,7.07893047810711,8.473265269249422,0.0,17629.99597783088,0.6413997006083565,15,1.0,19.093091666666666
24,mild,static,8.659266778095837,10.364879931357128,11.909722222222221,17612.816485162686,20.341231645812762,0,0.9733712146515795,0.09227083333333333
24,mild,reactive,7.377745353874166,8.830937620546333,0.1736111111111111,17638.98305505167,4.344741139051271,2,0.9999973345026416,1.7842666666666667
24,mild,predictive,7.062362277348262,8.45343363500776,0.0,17643.821280433585,0.0024569225128639053,33,1.0,19.071019444444445
24,mild,predictive_no_forecast,7.016998477043217,8.399134540703237,0.0,17643.823967303564,0.0,8,1.0,2.5051236111111113
24,mild,mpc,7.160768610633128,8.571223033939656,0.0,17642.138423549965,1.5390895664200817,21,1.0,19.225466666666666
25,mild,static,7.654439654032579,9.162132313160207,4.583333333333333,17639.505055503334,8.393962623272389,0,0.9978822843439685,0.09287083333333333
25,mild,reactive,7.426280867017055,8.889033159005258,0.06944444444444445,17648.428636378263,5.40320162125332,2,0.9999998997118315,1.7723361111111111
25,mild,predictive,7.041407099334192,8.42835092193031,0.0,17653.056962024166,0.0,39,1.0,19.240737499999998
25,mild,predictive_no_forecast,6.997358233756008,8.37562576464735,0.0,17653.056962024166,0.0,3,1.0,2.4324694444444446
25,mild,mpc,7.00970111849595,8.390399823654251,0.0,17652.540140681,0.1554251057349114,21,1.0,19.27000138888889
26,mild,static,7.516587630240984,8.997127618015723,2.638888888888889,17619.595430047855,6.830541564076336,0,0.996349029264922,0.08839861111111111
26,mild,reactive,7.394792359895163,8.851342370177537,2.638888888888889,17628.34726162223,5.3383988659686645,15,0.999645567104613,2.0297430555555556
26,mild,predictive,7.0215979269308315,8.404639942841461,0.0,17639.59061402639,0.01675361286738972,28,1.0,19.05349722222222
26,mild,predictive_no_forecast,7.033860538920171,8.419317917798386,0.0,17637.41227433487,0.3934505039282777,4,1.0,2.4452402777777777
26,mild,mpc,7.041961343240796,8.429014335091253,0.0,17639.056780671617,0.12289649177883033,15,1.0,19.439209722222223
27,mild,static,7.7652017688609964,9.294711208182088,10.381944444444445,17633.890620975417,9.748544628814026,0,0.9991308662706291,0.08842222222222222
27,mild,reactive,7.417553056494359,8.878586234288703,0.034722222222222224,17638.886176466363,5.457476969233438,1,0.9999999641237707,1.8055277777777778
27,mild,predictive,7.04748598412046,8.435627162810858,0.0,17643.2925075952,0.0,33,1.0,19.103691666666666
27,mild,predictive_no_forecast,6.991926432306847,8.369124062912745,0.0,17643.2925075952,0.0,4,1.0,2.45765
27,mild,mpc,7.063301561978149,8.45455793024658,0.0,17643.291079243183,0.002952559290646249,17,1.0,19.457227777777778
28,mild,static,9.31565354884461,11.150555005435217,17.22222222222222,17608.65343213996,28.065517685686434,0,0.9642046167241596,0.08841944444444445
28,mild,reactive,8.196138424689106,9.810529326521811,0.3472222222222222,17617.028091585616,11.256137132940205,4,0.9999937563224927,1.8378625
28,mild,predictive,7.054014343242184,8.443441410850486,0.0,17629.601828772305,0.12928598816824835,31,1.0,19.385831944444448
28,mild,predictive_no_forecast,7.0165093432376855,8.398549062360255,0.0,17629.502979363762,0.27044469413277733,5,1.0,2.4592847222222223
28,mild,mpc,7.178021772662997,8.5918745460663,0.0,17628.4777221765,1.7330559460033472,17,1.0,19.489141666666665
29,mild,static,7.724156162186055,9.245580860798468,6.666666666666667,17622.310263086893,9.274295356386721,0,0.9984592314899334,0.09035555555555555
29,mild,reactive,7.427190368878359,8.890121805172583,0.06944444444444445,17630.952279241956,5.603991717523386,1,0.9999992205895087,1.768161111111111
29,mild,predictive,7.072129693388491,8.465124936025623,0.0,17635.214543466864,0.0,28,1.0,19.152204166666667
29,mild,predictive_no_forecast,7.012329385756659,8.393545779920844,0.0,17635.214543466864,0.0,6,1.0,2.491026388888889
29,mild,mpc,7.107946903037676,8.507997050605717,0.0,17633.827465823284,0.6302189663305585,19,1.0,19.40700972222222
30,mild,static,7.759590009198627,9.287994101919566,5.243055555555555,17629.334466639793,9.650453334467535,0,0.9986150342507645,0.09217916666666666
30,mild,reactive,7.603197854825199,9.100797432290761,0.034722222222222224,17635.509225322006,7.317735821538792,1,0.9999999951830716,1.7664402777777777
30,mild,predictive,7.036932365770087,8.42299480145209,0.0,17641.131949380815,0.0,28,1.0,19.12330972222222
30,mild,predictive_no_forecast,6.9985492150198665,8.377051333129838,0.0,17641.131949380815,0.0,5,1.0,2.4758097222222224
30,mild,mpc,7.053657416255621,8.443014180063535,0.0,17641.131949380815,0.0,20,1.0,19.414773611111112
31,mild,static,8.050856898257678,9.636631741853888,15.902777777777777,17617.54764031791,12.936243632342553,0,0.9970946903416933,0.09100555555555556
31,mild,reactive,7.809251597535104,9.347437518261716,0.06944444444444445,17620.430324760146,7.791199417194668,1,0.9999998242020398,1.7902736111111113
31,mild,predictive,7.059266574188964,8.44972817213528,0.0,17628.430223714422,0.0,32,1.0,19.01668611111111
31,mild,predictive_no_forecast,7.007024232729828,8.387195672509916,0.0,17628.3341069257,0.1515333974449003,7,1.0,2.478006944444444
31,mild,mpc,7.025452758926197,8.409254059926818,0.0,17628.368349740045,0.026256958098952524,21,1.0,19.19745138888889
32,mild,static,7.801117975804947,9.337701819524108,9.375,17616.340713432917,10.159666539802837,0,0.9951710792599965,0.08923055555555555
32,mild,reactive,7.595802895480161,9.091945890044432,0.10416666666666667,17620.842274382903,5.994811601856947,2,0.9999987516305626,1.7906916666666666
32,mild,predictive,7.034641681140837,8.420252921365526,0.0,17630.983448160234,0.0,30,1.0,19.176841666666668
32,mild,predictive_no_forecast,7.018260749995647,8.40064544317661,0.0,17630.581219343578,0.40357327160044576,7,1.0,2.4680944444444446
32,mild,mpc,7.259090996160894,8.688911949950166,0.0,17627.92295199872,3.0780803044616367,15,1.0,19.350713888888887
33,mild,static,8.06018705252173,9.64779965377601,10.590277777777777,17619.346551803108,13.267091831868273,0,0.9931799985629723,0.09090138888888889
33,mild,reactive,7.529394016199927,9.012456473936284,0.06944444444444445,17633.252764716784,6.068745076823834,2,0.9999999925028331,1.782340277777778
33,mild,predictive,7.006627670989833,8.386721000124194,0.0,17637.35023642933,0.08069287179789363,32,1.0,19.12755138888889
33,mild,predictive_no_forecast,7.014845598736896,8.39655761060932,0.0,17637.45205522218,0.0,6,1.0,2.461768055555556
33,mild,mpc,7.075500394669081,8.469159563316015,0.0,17636.087367867603,1.0003250018105703,19,1.0,19.338094444444444
34,mild,static,8.788597404208419,10.519684771704023,13.472222222222221,17601.407052137616,18.20702295979212,0,0.9928365241121078,0.09005277777777777
34,mild,reactive,8.056923873547023,9.643893727427491,0.034722222222222224,17612.823214585558,9.429502194940321,1,0.9999993130025444,1.7600708333333335
34,mild,predictive,7.021603499721421,8.404646613302898,0.0,17618.384833364267,0.0,31,1.0,19.10265
34,mild,predictive_no_forecast,7.090369165712541,8.486957031686238,0.0,17617.574645523844,1.2721051872987095,5,1.0,2.4407638888888887
34,mild,mpc,7.039474634627107,8.426037820235472,0.0,17618.335946815354,0.07669732983364567,22,1.0,19.442994444444444
35,mild,static,7.6056994924452095,9.103791816714716,2.7777777777777777,17630.384873265128,7.821828975280374,0,0.9995047190421421,0.08891527777777777
35,mild,reactive,7.455422450915954,8.923914751853935,0.06944444444444445,17637.402060941422,5.940957638914202,1,0.9999990138327696,1.7854
35,mild,predictive,7.0301093729610695,8.414827885817035,0.0,17641.907716312577,0.0,30,1.0,19.100151388888886
35,mild,predictive_no_forecast,6.9978284759529314,8.376188630307295,0.0,17641.907716312577,0.0,3,1.0,2.4005236111111112
35,mild,mpc,7.021239225235807,8.404210587782249,0.0,17641.784363396888,0.12208454997653406,20,1.0,19.64704861111111
36,mild,static,8.173811979450276,9.783805248129875,14.027777777777779,17607.04774186365,14.552100618935182,0,0.9944974333638351,0.0893625
36,mild,reactive,7.641705907187892,9.146890404058222,0.06944444444444445,17617.98398772,7.715899805424902,1,0.9999994006528182,1.7714486111111112
36,mild,predictive,7.033038185188693,8.418333585301621,0.0,17624.042601215395,0.0,32,1.0,19.078879166666667
36,mild,predictive_no_forecast,7.006244780455805,8.386262691757711,0.0,17624.042601215395,0.0,6,1.0,2.4758291666666667
36,mild,mpc,7.052602258942523,8.441751188734225,0.0,17623.951691627804,0.08567891905786638,22,1.0,19.30377777777778
37,mild,static,8.345234080739038,9.98899230876342,14.444444444444443,17596.5695389352,16.66441787843995,0,0.9934077098140054,0.09212083333333333
37,mild,reactive,7.541245219694997,9.0266420053925,0.10416666666666667,17611.56835413892,6.874273226029416,1,0.999999333561604,1.8025527777777777
37,mild,predictive,7.031893868925393,8.416963873410687,0.0,17615.4866736473,0.0,33,1.0,19.23968611111111
37,mild,predictive_no_forecast,7.054177085281888,8.443636208140447,0.0,17615.287831404017,0.41932164347004985,6,1.0,2.4686319444444442
37,mild,mpc,7.05667786546331,8.446629566236393,0.0,17615.108024995767,0.7988669224549602,24,1.0,19.48045138888889
38,mild,static,8.072372694407177,9.66238549785102,12.881944444444443,17610.72213243194,13.005522337702264,0,0.9928651927979277,0.08886666666666666
38,mild,reactive,7.68129425447709,9.194276456116505,0.1736111111111111,17620.98643856598,7.393903178212531,2,0.9999939332923405,1.8083208333333334
38,mild,predictive,7.034860212505036,8.420514496786332,0.0,17629.170910582565,0.22201654344363828,34,1.0,19.245380555555556
38,mild,predictive_no_forecast,7.012695190719253,8.39398363737606,0.0,17629.27191805745,0.12165525128166009,9,1.0,2.5031624999999997
38,mild,mpc,7.286429966905491,8.72163586947779,0.0,17626.12897147578,3.05984964316019,20,1.0,19.160816666666665
39,mild,static,7.824842643973641,9.366099528392695,7.222222222222221,17616.81709776659,10.462394946491013,0,0.9914495208681496,0.0931361111111111
39,mild,reactive,7.342613573241744,8.78888594372872,0.1388888888888889,17632.016297898834,4.241236947979063,2,0.9999980051553666,1.7891875
39,mild,predictive,7.012397317040833,8.393627091609472,0.0,17638.25758338151,0.0,35,1.0,19.127901388888887
39,mild,predictive_no_forecast,7.014481195395015,8.396121430851599,0.0,17637.79249102958,0.3783660084688364,3,1.0,2.4210805555555557
39,mild,mpc,7.085800165658229,8.481488077075767,0.0,17637.13605401425,0.9125442026168854,21,1.0,19.261655555555556
40,mild,static,8.763928513413193,10.49015685696427,19.618055555555554,17607.415394641124,21.570646764015034,0,0.9847161579236697,0.09632638888888889
40,mild,reactive,7.635190768225327,9.139091980148502,0.034722222222222224,17621.24535365791,7.501645514342068,1,0.9999996503278065,1.7716527777777777
40,mild,predictive,7.038769557739096,8.425193864566499,0.0,17625.29949558072,0.0,32,1.0,19.006708333333332
40,mild,predictive_no_forecast,7.0805301137427366,8.475179984631474,0.0,17625.119252696553,0.36540939694061936,7,1.0,2.5017416666666668
40,mild,mpc,7.092756211238039,8.48981425284554,0.0,17624.970789378913,0.6257201600971853,20,1.0,19.198390277777776
41,mild,static,8.082169671850867,9.67411218297301,17.916666666666668,17613.56770470925,13.495979467770635,0,0.9986279692324473,0.09319583333333334
41,mild,reactive,7.528135282825986,9.010949808231103,0.034722222222222224,17619.56638450973,6.583739023669932,1,0.999999436542645,1.7691
41,mild,predictive,7.022959866544849,8.406270143288545,0.0,17623.059902477664,0.05411495634190705,30,1.0,19.06330138888889
41,mild,predictive_no_forecast,6.99063209513175,8.367574780536488,0.0,17623.153469037567,0.0,4,1.0,2.4297569444444442
41,mild,mpc,7.075107945839013,8.468689813958818,0.0,17622.284532527654,0.5015182278252956,21,1.0,19.329404166666666
42,mild,static,8.201195925657563,9.81658300192345,16.38888888888889,17600.04344182452,14.986472140342693,0,0.993212087512083,0.08952500000000001
42,mild,reactive,7.755146990088062,9.282675942681164,0.1388888888888889,17606.292400247046,8.370647321512859,2,0.9999977343337788,1.7686319444444443
42,mild,predictive,7.035427230792577,8.421193200494141,0.0,17612.819783447205,0.0,32,1.0,18.95067638888889
42,mild,predictive_no_forecast,6.989267400845895,8.365941282830702,0.0,17612.819783447205,0.0,4,1.0,2.4501305555555555
42,mild,mpc,7.167440766902952,8.579209402808068,0.0,17611.343736457642,1.9754048851652157,20,1.0,19.321494444444443
43,mild,static,8.82477417017628,10.562987264301894,17.708333333333336,17608.840148018324,22.29934598180802,0,0.983884927661,0.09085694444444445
43,mild,reactive,7.689185201827112,9.203721680974889,0.10416666666666667,17622.887704872534,7.405470301204904,2,0.9999988429856542,1.7722333333333333
43,mild,predictive,7.025629705731062,8.409465859890215,0.0,17627.13754802144,0.2562217896912875,32,1.0,18.942868055555554
43,mild,predictive_no_forecast,7.035603079141047,8.421403685638536,0.0,17627.005211705782,0.5430225414031339,9,1.0,2.5308916666666668
43,mild,mpc,7.148646195193216,8.556712870004004,0.0,17626.264343363917,1.710939973654945,18,1.0,19.216095833333334
44,mild,static,9.220882233609931,11.03711661295735,19.34027777777778,17614.420620218938,26.57034335390437,0,0.976411488203168,0.09076388888888888
44,mild,reactive,8.505293344088962,10.180578396712535,0.20833333333333334,17615.911342496864,13.022177164420867,3,0.9999993932970311,1.8099124999999998
44,mild,predictive,7.084231845938383,8.479610845895948,0.0,17632.42536794623,0.0,34,1.0,18.951768055555558
44,mild,predictive_no_forecast,7.011433642522694,8.392473602413524,0.0,17632.41566353272,0.004027264298152442,8,1.0,2.486968055555556
44,mild,mpc,7.12829986732125,8.532358932096642,0.0,17631.35214748816,0.6439300804260071,21,1.0,19.700379166666664
45,mild,static,8.414681656002003,10.072118951881185,19.02777777777778,17609.460369447763,17.47456113403672,0,0.9911577234374579,0.08731805555555557
45,mild,reactive,7.919659332740618,9.479592231613765,0.1388888888888889,17614.396461416232,9.734075920722939,2,0.9999956473809964,1.8139541666666668
45,mild,predictive,7.036059494763563,8.4219500013079,0.0,17622.108534677736,0.0,30,1.0,19.259556944444444
45,mild,predictive_no_forecast,6.966118691815139,8.338232979596905,0.0,17622.108534677736,0.0,5,1.0,2.4725555555555556
45,mild,mpc,6.999732495933972,8.378467684527013,0.0,17622.108534677736,0.0,17,1.0,19.49143472222222
46,mild,static,8.49688783852872,10.170517261269206,18.055555555555554,17616.357356809178,18.39851019099132,0,0.9875133303605771,0.09025694444444445
46,mild,reactive,7.698337098679414,9.214676224176872,0.20833333333333334,17626.292279518104,7.64394944476774,2,0.9999955278912422,1.800626388888889
46,mild,predictive,7.032390414705159,8.417558223662228,0.0,17631.909963605907,0.0,36,1.0,19.389477777777778
46,mild,predictive_no_forecast,7.006535330898455,8.386610471832999,0.0,17631.909963605907,0.0,6,1.0,2.5298527777777777
46,mild,mpc,6.989796196424929,8.366574235114685,0.0,17631.909963605907,0.0,25,1.0,19.67447361111111
47,mild,static,8.155751774650135,9.762187730263046,7.777777777777778,17603.13980473524,13.833056612629257,0,0.9941703390933324,0.08978472222222222
47,mild,reactive,7.7265635191976125,9.248462394191087,0.10416666666666667,17616.292499500305,8.232423397466965,2,0.999999279948002,1.8199430555555556
47,mild,predictive,7.0572041061451145,8.447259460385823,0.0,17622.712060130743,0.0,34,1.0,19.396005555555554
47,mild,predictive_no_forecast,7.01738814545522,8.399600961984289,0.0,17622.712060130743,0.0,6,1.0,2.4878416666666667
47,mild,mpc,7.042768997149453,8.429981072345546,0.0,17622.712060130743,0.0,17,1.0,19.576794444444445
48,mild,static,8.349234533475252,9.993780729462799,15.034722222222221,17607.22247914553,16.697708488581327,0,0.9930607556144821,0.08951527777777778
48,mild,reactive,7.8065239648768046,9.34417262462525,0.24305555555555555,17625.583330710066,9.569011443569032,2,0.9999947773702732,1.8047958333333334
48,mild,predictive,7.05769088453917,8.447842119372647,0.0,17634.140473753298,0.1045958642176865,30,1.0,19.25606111111111
48,mild,predictive_no_forecast,7.103652854081418,8.502857204127762,0.0,17632.948809908,0.7344849957809582,10,1.0,2.5496055555555555
48,mild,mpc,7.138538472695167,8.544614232468463,0.0,17632.444440035917,1.2809192903271183,18,1.0,19.595891666666667
49,mild,static,7.79549796714385,9.330974839460053,6.5625,17628.94044385377,10.088965352799029,0,0.998565966466601,0.09115833333333333
49,mild,reactive,7.722819071419748,9.243980403669088,0.034722222222222224,17635.771134354545,8.318924126679178,1,0.999999999280037,1.8005166666666665
49,mild,predictive,7.081696793494072,8.47657646493988,0.0,17641.494373455127,0.0,33,1.0,19.25875138888889
49,mild,predictive_no_forecast,7.02162807842211,8.404676033262811,0.0,17641.494373455127,0.0,5,1.0,2.466447222222222
49,mild,mpc,7.059451309895178,8.449949295177547,0.0,17641.494373455127,0.0,15,1.0,19.596386111111112
50,mild,static,9.795369968685764,11.724761023123863,23.229166666666668,17597.202976315915,33.82355744883614,0,0.961433439034473,0.08774861111111111
50,mild,reactive,8.607339903528686,10.302725036041902,0.1736111111111111,17607.74768741268,13.043581960538612,3,0.9999981112353447,1.8139069444444444
50,mild,predictive,7.05008084818977,8.438733136469587,0.0,17621.603445777546,0.0,34,1.0,19.197375
50,mild,predictive_no_forecast,7.079212317822941,8.47360262284867,0.0,17621.06236412768,0.5709035827741671,9,1.0,2.5204166666666663
50,mild,mpc,7.158559014377931,8.568578214179658,0.0,17620.22717099654,1.3495741043785103,19,1.0,19.593691666666665
51,mild,static,8.527194641750595,10.206793586337836,21.25,17618.819581333086,18.79203124057075,0,0.9915227581706957,0.0906
51,mild,reactive,7.619035157945225,9.119754204207174,0.034722222222222224,17627.886952912933,7.345869071323815,1,0.9999996516506594,1.88085
51,mild,predictive,7.038726792456795,8.42514267581951,0.0,17631.94902878747,0.0,28,1.0,20.51204166666667
51,mild,predictive_no_forecast,7.053527681680052,8.442858891707944,0.0,17631.66623592824,0.5637983213746439,5,1.0,2.6441583333333334
51,mild,mpc,7.105713666477868,8.505323934117435,0.0,17631.54570128418,0.8042682227232884,19,1.0,19.973290277777778
52,mild,static,7.799081985919764,9.335264801328211,7.8125,17619.926797513082,10.084495556704715,0,0.9987063569051918,0.09283472222222222
52,mild,reactive,7.678321384796107,9.190718021195341,0.034722222222222224,17626.178221977552,8.053460492485014,1,0.999999330163049,1.8245944444444444
52,mild,predictive,7.022052273681561,8.405183782133989,0.0,17632.61499985651,0.0,34,1.0,20.734140277777776
52,mild,predictive_no_forecast,7.0060389439800765,8.386016311733727,0.0,17632.61499985651,0.0,7,1.0,2.7501333333333333
52,mild,mpc,7.024249761056031,8.407814107930694,0.0,17632.43362622851,0.04313435073934648,20,1.0,21.65675138888889
53,mild,static,8.249455300215269,9.874348010863722,13.61111111111111,17610.859527505774,15.527299911872218,0,0.9907596933999915,0.09538055555555557
53,mild,reactive,7.569371955075798,9.060308855317988,0.1388888888888889,17624.02584951442,6.2829071754850565,2,0.9999978476655789,1.8239680555555555
53,mild,predictive,7.137100712619159,8.542893277225962,0.0,17627.911731166812,1.0998440522211015,33,1.0,20.18235277777778
53,mild,predictive_no_forecast,7.111660855713391,8.51244253941452,0.0,17627.927668382195,1.070779826766094,6,1.0,2.563545833333333
53,mild,mpc,7.147876298623735,8.55579132714053,0.0,17627.858364573396,1.1735529627076922,22,1.0,19.512652777777777
54,mild,static,8.04882826604532,9.634203530569394,10.3125,17593.453559257465,13.05149171547276,0,0.9944742883680195,0.09158194444444445
54,mild,reactive,7.692212979636009,9.207345839261276,0.034722222222222224,17601.49968569658,7.5816080218119195,1,0.999999878870331,2.03485
54,mild,predictive,7.038764041693028,8.425187262026508,0.0,17607.552378091903,0.030208419132403103,35,1.0,20.964081944444445
54,mild,predictive_no_forecast,6.967705641605777,8.34013251040691,0.0,17607.617613208975,0.0,11,1.0,2.652161111111111
54,mild,mpc,7.085665997950666,8.481327482395498,0.0,17606.88534607832,0.830175747627209,25,1.0,21.608848611111114
55,mild,static,9.523140708660353,11.398910848244974,12.430555555555555,17599.176112761128,27.158802552855388,0,0.9811468108436583,0.09656666666666666
55,mild,reactive,8.396935203067127,10.050876985489438,0.20833333333333334,17615.609114251944,13.34571976880019,4,0.9999971983510205,1.873075
55,mild,predictive,7.066974025436327,8.45895375771925,0.0,17625.63938384593,0.22666797396169078,36,1.0,19.362906944444443
55,mild,predictive_no_forecast,7.058488033048164,8.448796281981894,0.0,17625.81765874342,0.0,10,1.0,2.555143055555556
55,mild,mpc,7.1052077090181225,8.504718318370179,0.0,17623.84154605094,1.155706791065421,21,1.0,19.559651388888888
56,mild,static,8.296282304140826,9.930398515562503,21.28472222222222,17635.744766134576,15.97841856748002,0,0.9970145816556758,0.09305555555555556
56,mild,reactive,7.720675633950618,9.24141477397119,0.10416666666666667,17643.7190123815,8.597356970256516,1,0.9999980862700188,1.7880277777777778
56,mild,predictive,7.067707057207362,8.459831174536085,0.0,17648.812399217775,0.0,34,1.0,19.236381944444446
56,mild,predictive_no_forecast,7.017788611703366,8.400080307947972,0.0,17648.525293210405,0.5910603364959143,4,1.0,2.573154166666667
56,mild,mpc,7.058424300986991,8.44871999663594,0.0,17648.67315663732,0.052289197322375074,22,1.0,20.185534722222222
57,mild,static,7.857198000049068,9.404827909149652,5.798611111111112,17618.54643522108,10.798447712187613,0,0.9952135751235895,0.09709305555555556
57,mild,reactive,7.433631127289799,8.897831197816583,0.034722222222222224,17631.798424863464,5.665441051014724,1,0.9999999720115759,1.9078222222222223
57,mild,predictive,7.061691844833073,8.452631147603212,0.0,17635.702779379204,0.0,26,1.0,21.109241666666666
57,mild,predictive_no_forecast,7.005110846215468,8.38490540683368,0.0,17635.222645914982,0.19037678169802436,6,1.0,2.694688888888889
57,mild,mpc,7.121887976628571,8.524684093237228,0.0,17632.488315136517,1.2750596169877841,16,1.0,20.132243055555556
58,mild,static,8.050600338586037,9.636324647701453,10.277777777777777,17614.393063433417,13.104256779731863,0,0.9926333844532823,0.08981111111111112
58,mild,reactive,7.445870988405856,8.912481940667613,0.034722222222222224,17630.217991475914,5.849568438377595,1,0.9999999520872676,1.8155236111111113
58,mild,predictive,7.038789014223978,8.4252171533893,0.0,17634.553884796824,0.0,36,1.0,19.455480555555553
58,mild,predictive_no_forecast,6.991698869917338,8.36885167762832,0.0,17634.525971830073,0.04473267076874781,5,1.0,2.5045888888888888
58,mild,mpc,7.149219072487456,8.557398586765292,0.0,17632.982451007814,1.8396492676742207,22,1.0,19.71337638888889
59,mild,static,8.8250268955337,10.563289768896393,21.5625,17605.62082447325,22.286065540095866,0,0.984372709347179,0.08754861111111112
59,mild,reactive,7.5407189600809215,9.026012088581725,0.06944444444444445,17622.084335653282,6.76745677882812,1,0.9999997820126307,1.804223611111111
59,mild,predictive,7.044335271194118,8.431855854914168,0.0,17625.73319134098,0.0,34,1.0,19.890204166666667
59,mild,predictive_no_forecast,7.010862474500209,8.391789931598735,0.0,17625.649277721346,0.02932881942224333,12,1.0,2.5728555555555555
59,mild,mpc,7.04061073857205,8.427397702230175,0.0,17625.50753191583,0.07770302102939754,20,1.0,19.693054166666666
60,mild,static,7.551875481527793,9.039366106677209,3.680555555555556,17606.54032663556,7.226951256125286,0,0.9976957381490964,0.08829444444444445
60,mild,reactive,7.371676097584444,8.823672904684413,0.1736111111111111,17616.6271109809,4.861891252154522,2,0.9999998552379714,1.8498208333333335
60,mild,predictive,7.005658738872494,8.38556121774132,0.0,17621.579454144852,0.0,36,1.0,19.33940972222222
60,mild,predictive_no_forecast,6.974185092676066,8.347888216991038,0.0,17621.579454144852,0.0,8,1.0,2.5520222222222224
60,mild,mpc,7.030472104955168,8.415262065022103,0.0,17621.579454144852,0.0,26,1.0,19.711195833333335
61,mild,static,8.854817132321548,10.598947779596996,14.791666666666666,17613.92118911988,22.689165513259532,0,0.980029531733316,0.08708055555555555
61,mild,reactive,7.524729337068492,9.00687299436987,0.034722222222222224,17629.620339519402,6.487320675132584,1,0.9999999066272817,1.7762694444444445
61,mild,predictive,7.01537789519508,8.397194753339566,0.0,17633.356871216405,0.0,35,1.0,19.356994444444446
61,mild,predictive_no_forecast,7.076024173453573,8.469786510648959,0.0,17633.27789270532,0.1609691900260939,9,1.0,2.5194319444444444
61,mild,mpc,7.143670748443958,8.550757411016255,0.0,17632.705262682714,1.3267893925806764,23,1.0,19.600706944444447
62,mild,static,7.591508141561358,9.086805199747676,6.979166666666667,17613.49227060465,7.691071102052449,0,0.9966435453469494,0.09449444444444444
62,mild,reactive,7.29428533384771,8.731038505666188,0.06944444444444445,17624.28652791311,3.83645403453325,2,0.9999999962095417,1.7864625
62,mild,predictive,7.002519212936567,8.38180330033318,0.0,17628.950676309065,0.0,28,1.0,19.1365
62,mild,predictive_no_forecast,6.976782554008938,8.350997299495534,0.0,17628.950676309065,0.0,4,1.0,2.4284694444444446
62,mild,mpc,7.074270752530458,8.467687718937952,0.0,17628.950676309065,0.0,19,1.0,19.379358333333332
63,mild,static,7.720791319378379,9.241553245922603,6.354166666666666,17599.883173516875,9.287862165794893,0,0.9949833978022108,0.08954166666666667
63,mild,reactive,7.36056612754734,8.810374607215767,0.06944444444444445,17612.30426572663,4.72904546446637,2,0.9999999919504035,1.8189875
63,mild,predictive,7.0146494024313535,8.396322769576908,0.0,17616.761176529908,0.18583399992115687,33,1.0,18.951575000000002
63,mild,predictive_no_forecast,6.982042461887808,8.357293249835408,0.0,17616.87606469219,0.0,2,1.0,2.4016875
63,mild,mpc,6.984698540122999,8.360472494995701,0.0,17616.87606469219,0.0,21,1.0,19.147969444444442
64,mild,static,9.586338673278172,11.474556896802664,21.07638888888889,17606.009089048555,29.657019226153867,0,0.9710477078030328,0.08701944444444444
64,mild,reactive,9.17822775364082,10.986060492994309,6.111111111111111,17604.91313811037,20.222074771637914,38,0.9997607012584322,2.3785694444444445
64,mild,predictive,7.054152408263295,8.443606670496992,0.0,17627.294569959384,0.10934649888186293,35,1.0,19.25550138888889
64,mild,predictive_no_forecast,7.111321486344815,8.512036324564255,0.0,17626.6539558558,0.9424710674790026,9,1.0,2.5056125000000002
64,mild,mpc,7.154508261307236,8.563729585504118,0.0,17626.463802212584,1.0741235041313646,20,1.0,19.22804861111111
65,mild,static,8.640550089577204,10.34247662237272,17.1875,17590.629521138762,20.152325018589476,0,0.9835313138033284,0.08874027777777778
65,mild,reactive,8.060936438837452,9.648696646487261,0.24305555555555555,17618.395515139335,9.08585731536009,3,0.9999865539040195,1.7995736111111111
65,mild,predictive,7.1129755043611596,8.514016134008058,0.06944444444444445,17624.60019973427,1.3130341859395793,32,0.9999999591384486,19.11658611111111
65,mild,predictive_no_forecast,7.124908161738398,8.528299163292939,0.1388888888888889,17622.85658308427,1.7830255306899139,6,0.9999934731324494,2.480313888888889
65,mild,mpc,7.277288556248673,8.71069387793402,3.958333333333333,17616.873854921832,3.4012729430042676,16,0.9989532035409331,19.121730555555555
66,mild,static,7.7133406049193995,9.23263496649443,4.722222222222222,17599.51542589162,8.580920852740213,0,0.9945911267058591,0.088575
66,mild,reactive,7.377631231294179,8.83080101927637,0.10416666666666667,17616.386055188814,4.323368241725822,2,0.9999996404096113,1.7796236111111112
66,mild,predictive,7.00560507713437,8.38549698626689,0.0,17627.391940324815,0.0,30,1.0,18.802588888888888
66,mild,predictive_no_forecast,7.061175738545324,8.45201338401637,0.0,17626.021272582435,0.46751663402144544,5,1.0,2.434826388888889
66,mild,mpc,7.026506560359203,8.410515428308736,0.0,17627.391940324815,0.0,15,1.0,19.092038888888887
67,mild,static,10.552531782316096,12.631060769742021,23.40277777777778,17592.52641940779,42.732399504208956,0,0.9417853135080577,0.0907388888888889
67,mild,reactive,9.091419278847654,10.88215337922672,23.40277777777778,17608.412494197575,25.307548716734612,135,0.9825970613569096,4.010376388888889
67,mild,predictive,7.429579596612933,8.892981638370044,0.0,17618.25955266917,4.5880668704972845,32,1.0,18.85757222222222
67,mild,predictive_no_forecast,8.191285020981896,9.804719949357125,12.465277777777779,17613.83596753497,13.89798402218656,8,0.9994092856318368,2.5033652777777777
67,mild,mpc,7.809547841408059,9.34779211320057,0.20833333333333334,17615.967329795316,8.93486233243213,21,0.9999897966361914,19.18310277777778
68,mild,static,9.05436054640568,10.837795199485592,21.944444444444443,17615.071411515844,25.02660412033277,0,0.9794257001814994,0.09024305555555556
68,mild,reactive,8.17364507722883,9.783605471228448,0.10416666666666667,17623.244788227967,10.017237070141098,2,0.9999997898057442,1.7777
68,mild,predictive,7.035350467150912,8.421101316741247,0.0,17629.508349674205,0.0,30,1.0,18.854465277777777
68,mild,predictive_no_forecast,7.030249559068799,8.414995684339926,0.0,17629.508349674205,0.0,8,1.0,2.4880166666666668
68,mild,mpc,7.0394180453513275,8.42597008458721,0.0,17629.508349674205,0.0,21,1.0,19.330868055555555
69,mild,static,9.385376679156211,11.23401147959609,26.006944444444446,17588.72858020478,26.767280521396877,0,0.9833001049446073,0.08802916666666667
69,mild,reactive,9.007268091599519,10.781426958126703,0.4861111111111111,17598.246708559287,15.879375090170798,4,0.9999744452245148,1.8287513888888889
69,mild,predictive,7.011453752851824,8.392497673868098,0.0,17615.072226507913,0.0,33,1.0,19.033851388888888
69,mild,predictive_no_forecast,7.168906926722484,8.580964351682976,0.0,17614.008713081388,0.5562851674157739,9,1.0,2.514575
69,mild,mpc,7.095962709756506,8.49365233440552,0.0,17613.77148695611,0.6764569561722159,17,1.0,19.19729166666667
70,mild,static,8.923758026951875,10.681467941351498,19.09722222222222,17620.197301139793,23.388626298635796,0,0.9824844369038759,0.08904999999999999
70,mild,reactive,8.27111965139271,9.900279582727647,0.1388888888888889,17633.316892697076,11.024108708576843,2,0.9999956487210849,1.8105458333333333
70,mild,predictive,7.036628178385375,8.422630698370362,0.0,17640.815262230182,0.0,33,1.0,19.046173611111108
70,mild,predictive_no_forecast,7.099161248402992,8.49748088823994,0.0,17640.588797477183,0.47662404407127984,6,1.0,2.4575444444444443
70,mild,mpc,7.075359278791729,8.468990651887061,0.0,17639.946736198464,0.5360311897692708,23,1.0,19.366170833333335
71,mild,static,9.455775858721879,11.318277164227693,17.8125,17582.0328832331,29.812772873900542,0,0.9623088181284986,0.09014722222222223
71,mild,reactive,8.759752206933682,10.485157944663047,0.6597222222222222,17604.565408924893,13.407880908363632,7,0.999983398969544,1.8549930555555556
71,mild,predictive,7.349376488279731,8.796980948092417,0.06944444444444445,17615.618403718494,3.7949464100198997,28,0.999999659152423,19.310219444444442
71,mild,predictive_no_forecast,7.362736947458158,8.812973012866582,0.06944444444444445,17615.721296127416,3.900429876349465,10,0.9999998396785283,2.56025
71,mild,mpc,7.512794555656883,8.992587422680222,0.20833333333333334,17613.861004734114,5.6837347733096975,19,0.9999854080079699,19.593243055555554
72,mild,static,8.395178328808026,10.048774060239918,14.791666666666666,17610.376945132117,16.715753022124357,0,0.9941817182005692,0.08913888888888889
72,mild,reactive,7.911432773205676,9.469745289140125,0.06944444444444445,17617.440121574717,9.388061285208671,1,0.9999998843964051,1.7986777777777776
72,mild,predictive,7.143117343168621,8.550095001671538,0.0,17622.918024795472,0.6381831703176046,34,1.0,19.48082638888889
72,mild,predictive_no_forecast,7.206932834606966,8.626480211120455,0.0,17622.751608655097,1.0578869480048394,11,1.0,2.563947222222222
72,mild,mpc,7.698502741918826,9.21487449411495,0.10416666666666667,17619.61291786044,7.308643966965403,21,0.9999982287946811,19.80247361111111
73,mild,static,8.191018557219975,9.804401000308753,15.243055555555557,17613.24553403852,14.27898407209428,0,0.9976962854998618,0.08987361111111111
73,mild,reactive,7.6260101903213116,9.128103106596722,0.24305555555555555,17623.885322263708,7.259880097007983,3,0.9999901390745594,1.8271069444444445
73,mild,predictive,7.060204021010469,8.450850267573124,0.0,17635.773391425566,0.004812251064853084,33,1.0,19.49296111111111
73,mild,predictive_no_forecast,6.979336926030816,8.354054805400535,0.0,17635.136255403006,0.10258748564267146,4,1.0,2.472448611111111
73,mild,mpc,7.086281759254776,8.48206453001708,0.0,17632.477114447243,0.5127691748344531,18,1.0,20.80544722222222
74,mild,static,8.697412017816031,10.410538627385854,10.79861111111111,17617.935356983682,20.15983163764432,0,0.991261236134084,0.0942236111111111
74,mild,reactive,8.631491166771745,10.331633366287376,0.1736111111111111,17623.33336680997,15.561933158810156,4,0.9999995602213374,1.9901624999999998
74,mild,predictive,7.041131241778103,8.428020728795,0.0,17639.814576631652,0.22484219127801783,39,1.0,20.240218055555555
74,mild,predictive_no_forecast,7.145083169570098,8.552448036303613,0.0,17639.63868049652,0.4740033666513636,11,1.0,2.6502347222222222
74,mild,mpc,7.216921346931913,8.638436157691224,0.0,17638.251442374774,2.1942045445361726,22,1.0,19.407933333333336
75,mild,static,8.461650237189673,10.128338920272494,8.125,17610.832576204823,18.033710969074797,0,0.9803797512713502,0.09014444444444444
75,mild,reactive,7.718229492622532,9.238486816926972,6.041666666666667,17629.146302901736,8.819266940184551,36,0.9997552268950909,2.3530138888888885
75,mild,predictive,7.172935395047177,8.585786306192826,0.0,17635.573110695594,1.585745732731372,32,1.0,18.973288888888888
75,mild,predictive_no_forecast,7.244445739891504,8.671382021991349,0.06944444444444445,17633.6092915322,2.7540309995782684,6,0.9999996832826734,2.466731944444444
75,mild,mpc,7.407150348679011,8.866134508267296,4.618055555555555,17630.203001260095,4.678384771292227,19,0.9999273246156481,19.33190972222222
76,mild,static,9.236115256449748,11.055350079689847,12.118055555555555,17587.348022266357,26.706979395940515,0,0.964584788253154,0.09015000000000001
76,mild,reactive,7.899564928873364,9.455539839105993,11.944444444444445,17613.634666568967,10.739857091643406,70,0.9985352766005906,2.9648805555555553
76,mild,predictive,7.142219171876207,8.549019917851824,0.0,17622.86203541133,1.6350806024030737,31,1.0,18.913725
76,mild,predictive_no_forecast,7.424128804618389,8.88645720552809,0.24305555555555555,17619.040199400348,5.099847297264936,8,0.9999888120737509,2.506009722222222
76,mild,mpc,7.452573728739661,8.920504917733838,0.2777777777777778,17618.851031647497,5.443948059096666,19,0.9999852773281128,19.664943055555554
77,mild,static,8.438660159522676,10.100820493974107,12.67361111111111,17615.567497844982,17.741229652551567,0,0.9823311533370849,0.09055833333333334
77,mild,reactive,7.520847152413676,9.002226136980008,0.24305555555555555,17632.38120386721,5.709605182969579,2,0.9999970873570324,1.818701388888889
77,mild,predictive,7.005052509006859,8.384835578962761,0.0,17637.2398972019,0.0,34,1.0,19.441554166666666
77,mild,predictive_no_forecast,6.963727294322166,8.335370549264399,0.0,17637.2398972019,0.0,6,1.0,2.531230555555555
77,mild,mpc,6.997559442648749,8.37586660559471,0.0,17637.08191717737,0.03573975049622798,21,1.0,19.829156944444442
78,mild,static,8.63901419159187,10.340638199026627,16.041666666666668,17615.545621611076,20.102609814168567,0,0.9864742699981888,0.08865416666666667
78,mild,reactive,7.736470857531907,9.260321177954868,0.10416666666666667,17631.479301035077,8.142782023551149,2,0.9999989523643921,1.8777875
78,mild,predictive,7.052040888365657,8.44107924516495,0.0,17635.922930357137,0.09294680877720791,31,1.0,20.7035375
78,mild,predictive_no_forecast,7.111990033297616,8.512836555007748,0.0,17635.56043793818,0.8290749181201522,10,1.0,2.592175
78,mild,mpc,7.094350398145232,8.491722446264744,0.0,17635.876239332913,0.18830231634026187,23,1.0,19.95287638888889
79,mild,static,8.134899859225744,9.737228619376278,14.270833333333332,17597.08760374592,14.148899469501574,0,0.9933478605628577,0.09100694444444445
79,mild,reactive,7.828903810022885,9.370960621088011,0.06944444444444445,17604.659330010334,8.964506517121048,2,0.9999993001872737,1.8034180555555557
79,mild,predictive,7.030644215101257,8.415468075651487,0.0,17612.362762334717,0.0,31,1.0,19.363668055555554
79,mild,predictive_no_forecast,7.0580978983524165,8.44832930257335,0.0,17611.947589515043,0.6340718889232682,4,1.0,2.480491666666667
79,mild,mpc,7.007860878861924,8.388197112577163,0.0,17612.362762334717,0.0,18,1.0,19.65565555555556
80,mild,static,8.966121613603812,10.732175870828797,22.95138888888889,17629.043956655853,23.9510812317018,0,0.9825688788673776,0.08941805555555556
80,mild,reactive,8.02627836018883,9.607211976589682,0.1388888888888889,17637.811761519573,10.957990121556794,2,0.9999976247985025,1.781425
80,mild,predictive,7.03568483052445,8.421501539567146,0.0,17645.153725369502,0.0,32,1.0,19.306769444444445
80,mild,predictive_no_forecast,7.060306116162651,8.45097247237649,0.0,17644.91307187012,0.5064860760113115,7,1.0,2.4920763888888886
80,mild,mpc,7.038816922980032,8.42525055932457,0.0,17645.106188362908,0.09984881889676242,22,1.0,19.543058333333335
81,mild,static,8.695876543833627,10.408700711558446,12.291666666666666,17597.7457684559,20.813808971379874,0,0.9790853461678375,0.08981666666666667
81,mild,reactive,7.607254145398287,9.105652689188869,0.06944444444444445,17612.8644659804,6.780123023413496,2,0.9999998177217236,1.8047513888888889
81,mild,predictive,7.0192641219899325,8.401846449048564,0.0,17617.486193392502,0.0034579267598580416,32,1.0,19.197979166666666
81,mild,predictive_no_forecast,7.014574721829837,8.396233379159954,0.0,17617.21123318897,0.259467004397724,9,1.0,2.5435250000000003
81,mild,mpc,7.013431014532657,8.39486439618303,0.0,17617.35939219993,0.12143958876476327,19,1.0,19.65293888888889
82,mild,static,8.32923874045567,9.969846371151487,17.083333333333332,17616.06768660926,16.42115285222302,0,0.9906782521101053,0.09035555555555555
82,mild,reactive,7.468761216188068,8.939880849679659,0.10416666666666667,17630.96956714267,5.957285310065069,1,0.9999992210086138,1.8038472222222222
82,mild,predictive,7.012919791389371,8.394252477572133,0.0,17635.13279064368,0.0,30,1.0,19.261912499999998
82,mild,predictive_no_forecast,7.004257039711854,8.38388342632177,0.0,17635.13279064368,0.0,8,1.0,2.510393055555556
82,mild,mpc,7.055067300457423,8.444701768729324,0.0,17634.530625753476,0.29031124428956195,20,1.0,19.465266666666665
83,mild,static,7.959562523364438,9.527355141602897,10.3125,17622.020753105226,11.81347162619652,0,0.9941842531636589,0.08979444444444445
83,mild,reactive,7.736870261035192,9.260799251845157,0.1388888888888889,17627.72642379474,7.225244883315857,1,0.9999990320848308,1.7894180555555557
83,mild,predictive,7.03666405931064,8.422673646750615,0.0,17635.95684019796,0.0,30,1.0,19.230570833333335
83,mild,predictive_no_forecast,6.989001162254528,8.365622603304669,0.0,17635.95684019796,0.0,7,1.0,2.5100291666666665
83,mild,mpc,7.090812546668405,8.487487745254613,0.0,17635.734487510144,0.12744511316883717,19,1.0,19.417829166666667
84,mild,static,9.113422661139431,10.908490761060841,16.319444444444446,17612.515338473055,23.44232664655726,0,0.988818814779151,0.08814444444444444
84,mild,reactive,8.606211257137877,10.301374080513524,0.3819444444444444,17619.11168246011,15.59039656093671,4,0.9999805687459931,1.8170527777777776
84,mild,predictive,7.0612227425049,8.452069646331617,0.0,17635.746459057467,0.0,31,1.0,19.14625
84,mild,predictive_no_forecast,7.057715759216974,8.447871893608196,0.0,17635.746459057467,0.0,7,1.0,2.4974569444444445
84,mild,mpc,7.035620852087983,8.421424959317438,0.0,17635.559291446356,0.15283016697650212,26,1.0,19.719233333333335
85,mild,static,8.760506862661984,10.486061244701462,16.631944444444443,17638.952805735214,19.67970441536107,0,0.994673038740769,0.09027638888888889
85,mild,reactive,7.932401270538438,9.49484394503842,0.1388888888888889,17649.958744855816,10.062685041004496,2,0.9999976772234406,1.784486111111111
85,mild,predictive,7.047449596983088,8.435583608510056,0.0,17659.982912358864,0.0,31,1.0,19.09554027777778
85,mild,predictive_no_forecast,7.041566526351902,8.42854175123939,0.0,17659.717425384835,0.25042073214587285,9,1.0,2.5195652777777777
85,mild,mpc,7.288116547585141,8.723654655442816,0.0,17656.82959267096,2.9825935886980037,19,1.0,19.287968055555556
86,mild,static,8.50898425768291,10.184996308438645,16.458333333333332,17622.72914933867,18.556793860921896,0,0.989692929193235,0.08942777777777777
86,mild,reactive,7.803041705142707,9.34000446524659,0.06944444444444445,17633.41567678951,9.406432657206041,1,0.9999993199858628,2.065179166666667
86,mild,predictive,7.023926850642876,8.407427593951335,0.0,17638.368642222715,0.0,31,1.0,19.881952777777776
86,mild,predictive_no_forecast,7.0131386033338385,8.394514388838981,0.0,17638.368642222715,0.0,6,1.0,2.564445833333333
86,mild,mpc,7.074094957144618,8.467477297188262,0.0,17637.82427192059,0.7206208135256795,20,1.0,20.287215277777776
87,mild,static,8.015315095381819,9.594089280835812,4.652777777777778,17614.216839729706,12.73518592120072,0,0.9949138571823367,0.08921944444444445
87,mild,reactive,7.478700158230774,8.95177746212472,0.034722222222222224,17629.86863263531,5.916662042704754,1,0.9999999953799696,1.7906208333333333
87,mild,predictive,7.061587583713485,8.45250635020252,0.0,17633.073996565185,0.20188066883131456,32,1.0,19.792420833333335
87,mild,predictive_no_forecast,6.999148491569641,8.377768649000002,0.0,17633.1769743129,0.0,3,1.0,2.5117402777777778
87,mild,mpc,7.022087827752401,8.405226339279386,0.0,17633.1769743129,0.0,17,1.0,19.663709722222222
88,mild,static,8.228687383612966,9.849489444021586,18.194444444444443,17620.546400423817,15.22581244538725,0,0.9969634243701552,0.08828194444444445
88,mild,reactive,8.268589264148757,9.897250785875036,0.06944444444444445,17622.92268969354,12.201943007536658,2,0.9999993269120993,1.8369347222222223
88,mild,predictive,7.001905804930522,8.381069069538041,0.0,17631.493556791735,0.0,33,1.0,19.228768055555555
88,mild,predictive_no_forecast,7.021656391130505,8.404709922716808,0.0,17631.493556791735,0.0,8,1.0,2.5238
88,mild,mpc,7.084266848305114,8.479652742668229,0.0,17630.608753358876,0.881020360977687,23,1.0,19.60312361111111
89,mild,static,8.009743496154309,9.587420245396826,12.152777777777777,17618.306059377068,12.614342378502998,0,0.99112213258056,0.099225
89,mild,reactive,7.555590880260064,9.043813326371911,0.20833333333333334,17631.185485048572,5.615627742781108,2,0.9999934452852269,1.7940583333333333
89,mild,predictive,7.018036865047971,8.400377459678621,0.0,17637.63064144744,0.0,31,1.0,19.131030555555558
89,mild,predictive_no_forecast,6.974069308340068,8.347749626649458,0.0,17637.63064144744,0.0,9,1.0,2.5413319444444444
89,mild,mpc,7.023342677681354,8.40672835661861,0.0,17637.108924601634,0.07143307183865549,22,1.0,19.633383333333335
90,mild,static,8.453301874328547,10.118346182908418,6.770833333333333,17584.296212485002,17.573623704657546,0,0.9791404547574699,0.08967083333333334
90,mild,reactive,7.680565347905745,9.193403977038699,6.666666666666667,17608.976832895714,8.1723396886091,39,0.9996031609800672,2.436815277777778
90,mild,predictive,7.189537899844865,8.605659001329455,0.0,17620.567177086927,1.5692385057091593,28,1.0,19.28635277777778
90,mild,predictive_no_forecast,7.332675968693247,8.776990932223736,0.06944444444444445,17618.687596331587,2.4476665627864977,6,0.9999996064231435,2.498169444444444
90,mild,mpc,7.550537236189063,9.03776426755964,6.5625,17611.573845505765,5.7675315296568375,16,0.9992686517775343,19.334144444444448
91,mild,static,10.167410366161878,12.170082104951332,18.020833333333332,17611.184876846914,38.21643650833229,0,0.9449483442900879,0.09030277777777777
91,mild,reactive,8.891897535779021,10.643331898886995,18.020833333333332,17629.76066831459,22.990911471428213,104,0.9788554272616927,3.5465138888888887
91,mild,predictive,8.025846635577038,9.606695215311916,11.70138888888889,17637.090114826486,11.99004986578836,36,0.9988449505588345,19.353002777777778
91,mild,predictive_no_forecast,8.185284045634573,9.797536963714114,16.21527777777778,17635.945878117214,13.710271120868752,6,0.9973263283333278,2.5097805555555555
91,mild,mpc,8.573097499207211,10.261737915717717,18.020833333333332,17633.221898446543,17.796457489718133,19,0.9902863761070535,19.502647222222222
92,mild,static,8.73102404636107,10.45077120700795,18.15972222222222,17617.92237106831,21.16507765379115,0,0.9826337624027638,0.09328194444444445
92,mild,reactive,7.60567226868303,9.103759230696348,0.1736111111111111,17631.069986522725,6.602649133854572,2,0.9999997170622559,1.7891166666666665
92,mild,predictive,7.0694236871458465,8.461885928553361,0.0,17635.148570558078,0.6435160685328063,37,1.0,19.474281944444442
92,mild,predictive_no_forecast,7.054144557824923,8.443597273760126,0.0,17635.571561070883,0.0,10,1.0,2.6523180555555554
92,mild,mpc,7.233765373847659,8.658597947484319,0.0,17634.130036040366,2.1922384255493914,19,1.0,20.013193055555554
93,mild,static,7.577863087810162,9.07047248389398,3.854166666666667,17603.559583595812,7.314495917709833,0,0.9998397812623347,0.08978611111111111
93,mild,reactive,7.433513690199283,8.897690629177923,0.034722222222222224,17609.15728688436,5.4135783867241605,1,0.9999997334609854,1.8515666666666666
93,mild,predictive,7.024211030323476,8.407767748417495,0.0,17614.030703926543,0.0,33,1.0,19.515054166666665
93,mild,predictive_no_forecast,6.9640555437686835,8.33576345390495,0.0,17614.030703926543,0.0,6,1.0,2.4944916666666668
93,mild,mpc,7.022147805721099,8.405298131090396,0.0,17613.98270342004,0.006149869513543144,17,1.0,19.594390277777777
94,mild,static,8.238125565523106,9.860786661762493,12.63888888888889,17607.28253428409,15.41858741788107,0,0.9874139182225248,0.09027638888888889
94,mild,reactive,7.433015124125315,8.897093860695454,0.06944444444444445,17627.414958585246,4.824749294430782,2,0.9999999516416259,1.8186402777777777
94,mild,predictive,7.010572305835311,8.39144260849983,0.0,17631.27909728781,0.0,27,1.0,20.462831944444446
94,mild,predictive_no_forecast,6.980279141176102,8.355182608377447,0.0,17631.27909728781,0.0,5,1.0,2.5185680555555554
94,mild,mpc,7.024151772024901,8.407696818029812,0.0,17630.153797476603,0.38049196348156605,14,1.0,21.282358333333335
95,mild,static,8.833165617305745,10.573031572229615,16.84027777777778,17613.320255691066,21.898795310368758,0,0.9816099321628542,0.09308888888888889
95,mild,reactive,9.000810708729984,10.773697666510138,0.10416666666666667,17619.2190253261,16.24345825594821,3,0.9999993178581481,1.8900638888888888
95,mild,predictive,7.023912887893421,8.407410880963349,0.0,17633.247755808967,0.0,37,1.0,21.223009722222223
95,mild,predictive_no_forecast,7.063583047666845,8.454894860086076,0.0,17632.78436729084,0.6853617230198461,6,1.0,2.5802055555555556
95,mild,mpc,7.159525729566733,8.569735342966233,0.0,17631.17144599336,1.6928134366793632,24,1.0,21.307219444444442
96,mild,static,9.598270461056089,11.48883888520351,20.76388888888889,17587.44545862235,31.49635888795955,0,0.9621505212041177,0.09733472222222223
96,mild,reactive,8.442813845101146,10.105792329742275,20.76388888888889,17604.358611669355,17.465162429082298,120,0.9950279520579454,3.916023611111111
96,mild,predictive,7.1601745514642,8.570511963116232,0.0,17613.333098082003,1.4903910004939689,34,1.0,19.26815416666667
96,mild,predictive_no_forecast,7.658109948724503,9.166525544685397,0.1388888888888889,17609.85950253498,7.748722396801178,9,0.9999934723810658,2.559963888888889
96,mild,mpc,7.677600761221505,9.189855456613603,0.10416666666666667,17609.597146983222,7.917597211626412,19,0.9999932588211314,19.64727222222222
97,mild,static,7.831716819378754,9.374327708044275,9.82638888888889,17618.26902084685,10.414356048670431,0,0.9936144602372331,0.08865416666666667
97,mild,reactive,7.377298958318753,8.830403298593652,0.1388888888888889,17633.79681238732,4.2954740793662305,2,0.9999985285380594,1.8060166666666666
97,mild,predictive,7.019740736978424,8.402416942746896,0.0,17638.768242174137,0.0,32,1.0,19.229913888888888
97,mild,predictive_no_forecast,6.98273374798875,8.358120698350186,0.0,17638.768242174137,0.0,7,1.0,2.5229805555555553
97,mild,mpc,7.022750786161869,8.406019880405873,0.0,17638.56580495605,0.047640269053104145,19,1.0,21.45990972222222
98,mild,static,8.417750700766366,10.075792505462761,15.45138888888889,17650.87168404311,17.461458507950706,0,0.9867684559235883,0.08962638888888888
98,mild,reactive,7.488684728785368,8.963728690515813,0.10416666666666667,17669.621052420953,5.825544427438731,2,0.9999995874534995,1.8561347222222222
98,mild,predictive,7.017205223834724,8.399382010347635,0.0,17674.15369177086,0.0,30,1.0,19.517818055555555
98,mild,predictive_no_forecast,7.029347354577388,8.413915772903248,0.0,17673.92208699316,0.3533391023566882,8,1.0,2.549026388888889
98,mild,mpc,7.007332807131482,8.387565026717994,0.0,17674.15369177086,0.0,20,1.0,21.140640277777777
99,mild,static,8.674341004753323,10.3829233238714,12.36111111111111,17602.490617667114,20.540253863849546,0,0.9776695110671311,0.08840555555555556
99,mild,reactive,8.235323640581028,9.857432842513646,0.10416666666666667,17619.309751641475,10.309261630115746,2,0.9999992201309977,1.7989472222222223
99,mild,predictive,7.013533592008843,8.394987178313606,0.0,17628.048251900203,0.0,35,1.0,19.647283333333334
99,mild,predictive_no_forecast,6.996354683292243,8.374424545152838,0.0,17628.028436999488,0.03138626439419538,7,1.0,2.5476180555555556
99,mild,mpc,7.20210219827816,8.62069808581781,0.0,17626.24160426433,1.7121287164757852,21,1.0,19.810443055555556
0,severe,static,13.754801819589895,16.464080965872764,41.5625,17952.03133297951,68.21816948987133,0,0.9445735072656866,0.08912361111111111
0,severe,reactive,13.94870327603742,16.69617513343873,18.368055555555557,18028.224459717123,63.97097855377435,98,0.9531309196046767,3.4542527777777776
0,severe,predictive,10.619350646948124,12.711040925892473,16.770833333333332,18052.9098375446,32.72821916968906,55,0.98232895790655,19.86027916666667
0,severe,predictive_no_forecast,11.113794132869723,13.30287479540468,16.770833333333332,18044.550817230174,37.525137640475464,25,0.9778715431496895,2.7765138888888887
0,severe,mpc,13.905298701096003,16.644221172524016,34.93055555555556,18029.85934091769,55.9150832513246,31,0.9731699843187558,19.746545833333332
1,severe,static,12.041744754408485,14.413603569670768,22.04861111111111,17926.66836148199,51.97932136982414,0,0.9385468606592463,0.08719027777777778
1,severe,reactive,9.505288869837235,11.377542738138526,13.92361111111111,18059.132213978657,28.23912272525203,80,0.9643634138021396,3.1270430555555553
1,severe,predictive,8.851642389165464,10.59514770824351,11.597222222222223,18065.601830558426,18.477598790623542,52,0.9876619589770352,19.429495833333334
1,severe,predictive_no_forecast,9.22628780609894,11.043586919421438,19.305555555555557,18057.963441574753,22.88822912926188,22,0.9847250489434133,2.7278875
1,severe,mpc,10.761480708662416,12.881166302792916,21.52777777777778,18019.356174169337,38.69777490196182,26,0.9631837308212137,19.82466388888889
2,severe,static,14.786157343318697,17.698582274578456,42.70833333333333,17943.86835975176,79.10759137227679,0,0.9339220561627152,0.08797777777777778
2,severe,reactive,11.173381490490483,13.374199056799235,23.194444444444446,18047.076918566832,46.724782902168926,129,0.9549193166881293,4.012526388888889
2,severe,predictive,10.650558843813686,12.748396191837616,27.04861111111111,18046.39338937396,37.6316852449634,55,0.9709718649061178,19.57573888888889
2,severe,predictive_no_forecast,10.32621335640826,12.360164472064442,15.069444444444443,18054.575617600214,32.72138393198106,25,0.9792840500763536,2.7948458333333335
2,severe,mpc,11.231942080661165,13.444294308670182,31.701388888888886,18042.85996020575,44.41785389338707,29,0.9620755448242051,19.979655555555556
3,severe,static,13.01885544365263,15.5831754552812,33.645833333333336,17988.17619739124,63.52232123450722,0,0.9412646650249057,0.09233888888888889
3,severe,reactive,10.154446022869415,12.154564178889148,18.47222222222222,18072.323956899138,34.280387117065644,106,0.9617753803605125,3.5807305555555553
3,severe,predictive,9.539560300517037,11.41856460213403,9.479166666666666,18074.366249502928,24.39077897348066,57,0.9799757727428513,19.606769444444446
3,severe,predictive_no_forecast,9.287607695090054,11.116984968365355,17.743055555555557,18083.392421281464,23.390957151573872,23,0.987887677906159,2.8871055555555554
3,severe,mpc,12.05883984130965,14.43406587065853,19.20138888888889,18043.092041437136,48.71942237984857,29,0.9623980337151418,21.410723611111113
4,severe,static,14.834336380492308,17.756251122104448,41.736111111111114,17989.75277031451,80.82022470068605,0,0.9222465358521102,0.10985833333333334
4,severe,reactive,11.086772685380899,13.270530941592304,22.95138888888889,18075.6400351124,45.92050225553706,132,0.94729404082807,4.767198611111111
4,severe,predictive,7.718685818172461,9.239033024782199,0.0,18099.302737060854,5.971136924120846,53,1.0,22.126411111111114
4,severe,predictive_no_forecast,9.167387827589492,10.973085429993478,22.916666666666664,18088.453459114946,22.323547807290335,21,0.994970609741402,3.391840277777778
4,severe,mpc,11.92472686217395,14.273536698662724,23.506944444444443,18066.160881983393,51.56049253057594,31,0.9529246799750439,27.07375
5,severe,static,17.671365588120047,21.152089113052778,49.47916666666667,17967.407732039454,83.53488658300363,0,0.9483320921742879,0.14292361111111113
5,severe,reactive,12.281291482051541,14.700333743667747,18.819444444444443,18073.536306425107,38.12125620855388,109,0.9947092359056907,5.110356944444445
5,severe,predictive,8.659877566594295,10.365611026681062,10.416666666666668,18083.007810485866,16.156802584098337,56,0.9914018238673198,24.813327777777776
5,severe,predictive_no_forecast,10.399298507759243,12.44764518352999,24.375,18069.181674690462,34.41955130644799,23,0.9789387642528887,3.2476833333333333
5,severe,mpc,10.25050848981141,12.269548040834866,22.291666666666668,18061.82854483191,31.745989642592214,34,0.9830376715489407,26.365761111111112
6,severe,static,19.40925902000639,23.232294887583436,61.458333333333336,17955.54866861246,123.03581720360461,0,0.8905352733690465,0.09521805555555556
6,severe,reactive,12.342634134263688,14.77375903949745,39.791666666666664,18078.247619050864,56.0023810185312,129,0.9670022881433528,4.397166666666667
6,severe,predictive,10.822631301416395,12.95436170927117,39.65277777777778,18084.560346306385,39.83300158392153,64,0.983909348246147,25.294270833333332
6,severe,predictive_no_forecast,11.73021616181865,14.040713284601122,32.22222222222222,18073.040312404228,48.636082654354716,23,0.9648495661468657,2.9761472222222225
6,severe,mpc,13.3550807031838,15.985626902295763,39.6875,18062.274949170394,64.95434019330277,33,0.9413341139503566,25.881272222222222
7,severe,static,15.640733975866356,18.721484607476373,33.611111111111114,17900.846001044058,82.46145721901902,0,0.9254000808191086,0.12373472222222222
7,severe,reactive,18.67295739685394,22.350964156840327,52.77777777777778,17992.72916626781,96.64820714028744,97,0.9612870083085319,3.9756875
7,severe,predictive,14.48141895489938,17.33381965813714,37.77777777777778,18007.64842923717,66.76630523537723,56,0.9527564392897521,33.28836527777778
7,severe,predictive_no_forecast,13.750062482334645,16.458408122794477,27.083333333333332,17998.758757996096,58.42955899897714,28,0.961402133529493,3.778947222222222
7,severe,mpc,15.098101449683696,18.07196991704563,32.604166666666664,17971.523007130407,75.22538795778705,33,0.9336975732429332,23.360233333333333
8,severe,static,17.41293104893268,20.84275080099517,54.34027777777778,17936.084319953174,100.04873664807889,0,0.9074878938430249,0.13970555555555556
8,severe,reactive,14.698410134167268,17.593551524230495,51.979166666666664,18025.87503735407,74.36841287963577,124,0.9521705687294061,4.319436111111111
8,severe,predictive,11.153054215255237,13.349867924320668,14.479166666666668,18053.291869432833,39.36729629620721,65,0.9794088853807271,21.947176388888888
8,severe,predictive_no_forecast,12.320582274972098,14.747363632163564,28.4375,18041.509937180228,52.3663698698135,28,0.9616541643421417,2.923738888888889
8,severe,mpc,13.299371275760976,15.918944405835102,48.888888888888886,18021.328811232623,62.335757857906415,35,0.9593475798709851,21.21442777777778
9,severe,static,15.265115750033194,18.271880973524574,32.708333333333336,17933.351621535523,79.15285834276607,0,0.9320353944038466,0.08975138888888888
9,severe,reactive,10.252854966294052,12.272356702079234,24.23611111111111,18049.4456610425,37.23443762777159,126,0.9601339807909548,4.062858333333333
9,severe,predictive,9.61520885724181,11.509113632153058,13.090277777777779,18045.577573558894,28.21434323219319,59,0.9678598442835802,20.855979166666668
9,severe,predictive_no_forecast,10.229734623959972,12.244682352921785,18.61111111111111,18037.12829307459,35.09780453802732,25,0.9647850120003127,2.7958333333333334
9,severe,mpc,10.331826057222223,12.366882704856907,18.125,18016.521343186872,35.672460576589216,32,0.9624897850636941,19.641205555555555
10,severe,static,14.071426927847401,16.843071625756725,31.666666666666664,17944.73237684153,72.11468213260558,0,0.923598684654128,0.086575
10,severe,reactive,10.347837687653495,12.386048141282188,20.729166666666668,18041.01832760355,36.11417635598226,117,0.978146960570693,3.743613888888889
10,severe,predictive,9.66241370054741,11.565616399140094,16.42361111111111,18046.653865179454,28.056479634929225,60,0.9771338457514351,19.47386527777778
10,severe,predictive_no_forecast,9.388654436046362,11.237934855267628,13.29861111111111,18044.052964323826,23.280245987129156,23,0.994581232088343,2.7854152777777776
10,severe,mpc,11.727690325582557,14.037689935166991,30.729166666666668,18017.999100281115,49.23332368934491,27,0.959169971891357,19.707693055555556
11,severe,static,15.519512083123251,18.57638567525356,39.75694444444444,17972.050727678317,86.93298875051961,0,0.9215318392616483,0.08824583333333334
11,severe,reactive,12.22707334212747,14.635436273152575,23.194444444444446,18061.259720443995,50.194839683385496,126,0.9647559713164141,3.947348611111111
11,severe,predictive,10.236853099045875,12.253202951888225,17.743055555555557,18072.095096275214,30.215630307375932,56,0.9894324675908162,19.506805555555555
11,severe,predictive_no_forecast,10.636877630060981,12.732020193557847,22.118055555555554,18072.702347542567,34.6351871680172,28,0.9859177247664372,2.8289013888888888
11,severe,mpc,12.577217039236542,15.0545476681771,39.34027777777778,18040.972752297843,53.812625127088985,29,0.9722243739041081,19.69756111111111
12,severe,static,13.410242749722313,16.051654200425197,30.243055555555554,17992.923579226746,66.0236437963334,0,0.9354999053292176,0.09066111111111111
12,severe,reactive,9.994489591147016,11.96310117728204,19.86111111111111,18081.00567696476,32.34868234021912,114,0.9849606794048409,3.695420833333333
12,severe,predictive,9.212889173840681,11.027549162627498,19.583333333333332,18081.871422215565,23.718917492494302,60,0.9788022363198107,19.602534722222224
12,severe,predictive_no_forecast,9.482737592576088,11.350549542628952,14.23611111111111,18070.75730948362,26.115763206794696,26,0.9796048673436208,2.7671333333333332
12,severe,mpc,9.81064420330129,11.743043819103054,19.54861111111111,18069.503395456737,29.595293060066748,33,0.9698001171897115,19.997954166666666
13,severe,static,13.270661815885116,15.88458005234734,40.38194444444444,17983.711956142855,65.37721276967468,0,0.9460844684571359,0.08827638888888889
13,severe,reactive,10.326713760505916,12.360763440605572,19.65277777777778,18071.697815285017,36.28658431746062,113,0.9610873503431994,3.7510222222222223
13,severe,predictive,9.215926399124037,11.031184629254513,16.07638888888889,18081.683886092815,22.565844542209685,59,0.9865546165506559,19.8706875
13,severe,predictive_no_forecast,9.933575996969513,11.890189450918074,22.22222222222222,18072.242861107836,31.381927329869647,26,0.9749213291733366,2.8617416666666666
13,severe,mpc,11.276746454625707,13.497923786597442,23.680555555555554,18051.429151562155,45.9778332428743,33,0.9553040731414592,22.22930277777778
14,severe,static,18.716398379313283,22.402961696450713,53.09027777777777,17930.04024542078,103.10603268039146,0,0.9252633615304008,0.0960513888888889
14,severe,reactive,13.827252045646729,16.550801691001404,32.25694444444444,18039.771856172105,61.37351121329687,125,0.9524331685814726,4.164808333333333
14,severe,predictive,11.295716268677136,13.520630079174135,21.666666666666668,18059.153618513003,42.13573123218718,58,0.9608804717959616,20.177694444444445
14,severe,predictive_no_forecast,12.116706065897384,14.503329987968078,31.006944444444446,18049.332947266546,45.423075926145856,23,0.9693503463489014,2.7520847222222224
14,severe,mpc,15.060647191604138,18.02713830510192,32.083333333333336,18017.70106353153,64.75033105071999,31,0.9465779656354044,20.510369444444443
15,severe,static,14.02217106035955,16.784113844975813,44.375,17981.253321410106,71.4632978168583,0,0.9410407615792945,0.09582638888888889
15,severe,reactive,10.682782287432188,12.78696667738095,20.555555555555554,18071.396725958613,37.1135989909422,115,0.9874710667372663,4.071523611111111
15,severe,predictive,10.167664515482311,12.170386313986423,20.17361111111111,18062.78580393278,32.97278486765379,55,0.9789608599924091,20.566508333333335
15,severe,predictive_no_forecast,10.273494722288868,12.297061864557898,20.0,18068.29975032199,34.197106138828154,27,0.9768212899461849,3.1350625
15,severe,mpc,11.725655185845664,14.035253934572825,25.381944444444443,18042.490162313563,48.6340953286506,32,0.9612317514802122,21.010462500000003
16,severe,static,14.29961859138163,17.116210132108336,42.22222222222222,17956.987885031413,76.08330889374753,0,0.9301504318337817,0.09034027777777777
16,severe,reactive,9.146749321751901,10.94838176391515,21.70138888888889,18072.986212376753,24.658328396827724,125,0.9819336785642068,3.937786111111111
16,severe,predictive,7.536404636696148,9.020847974227216,0.20833333333333334,18081.51756271968,4.449305584238306,53,0.9999988698629131,19.907647222222224
16,severe,predictive_no_forecast,9.2559649489353,11.079109560089194,11.527777777777779,18062.171725480104,24.15099988047427,26,0.9783775892042962,2.8075194444444445
16,severe,mpc,9.801615751704228,11.732237036130833,11.25,18052.519763189965,27.87700494778049,31,0.9744987013237733,19.82885416666667
17,severe,static,13.876699232746565,16.609988475560296,38.57638888888889,17974.615965581404,66.66469979175407,0,0.9519559730455673,0.08939583333333333
17,severe,reactive,11.639799484378806,13.932487261604933,20.243055555555557,18029.668009634162,47.798532390362745,116,0.9642185386397358,3.8096597222222224
17,severe,predictive,11.127452117260043,13.319222988841572,34.02777777777778,18058.029991149586,43.68039418683881,47,0.9668687553223388,19.44775277777778
17,severe,predictive_no_forecast,11.174080363307814,13.375035586383584,17.881944444444446,18052.44661166302,43.350174463724244,22,0.9681809422241144,2.7838611111111113
17,severe,mpc,11.693391578917694,13.996635374765134,34.44444444444444,18047.227497622476,48.84547369816363,27,0.9637492353148935,20.02551111111111
18,severe,static,20.55499041400403,24.603700647065423,55.52083333333333,17956.22916574484,111.43789679888678,0,0.9165531291515113,0.08992499999999999
18,severe,reactive,11.590192037284558,13.8731086506891,28.78472222222222,18062.964348430934,44.80801373749459,129,0.9752259254623669,4.366013888888888
18,severe,predictive,10.888309540250388,13.032976570905774,19.305555555555557,18062.844422775062,37.51996985852859,60,0.9797696704744872,21.412694444444444
18,severe,predictive_no_forecast,12.35777789961674,14.791885667723086,22.083333333333332,18055.59373537458,48.32912727639113,29,0.9610824054275733,2.8973625000000003
18,severe,mpc,15.240037640841683,18.24186323676506,40.59027777777778,18041.03845192634,67.35500938194257,33,0.963964822803999,20.813830555555555
19,severe,static,13.70278931647587,16.401823575781762,34.93055555555556,17980.4511405314,69.86040179680289,0,0.9290299306399289,0.09001666666666666
19,severe,reactive,9.608209302953934,11.500735377778202,21.319444444444443,18074.892964618706,28.996281058248275,123,0.973683307040125,3.907176388888889
19,severe,predictive,10.23151428467417,12.246812552867546,21.319444444444443,18070.870133860266,34.34508359884073,61,0.9732869700131339,21.167204166666668
19,severe,predictive_no_forecast,9.400932068832455,11.25263080966309,18.194444444444443,18072.34616733176,24.7851561970388,24,0.989130215153649,2.874776388888889
19,severe,mpc,11.249933272525395,13.465829220144052,30.486111111111114,18056.19623090833,45.66011736754756,34,0.9632474452619623,20.721244444444444
20,severe,static,15.110549151744921,18.086869439209867,38.125,17929.738389736554,78.6789604305249,0,0.9227685893263421,0.0923
20,severe,reactive,12.77690904518297,15.293572948022037,21.38888888888889,18024.774282793656,47.991121892766245,109,0.9890282788606004,3.7112180555555554
20,severe,predictive,9.153537905995778,10.956507493540403,16.145833333333336,18033.745309506885,22.72978243028124,59,0.9781787750724752,20.02599027777778
20,severe,predictive_no_forecast,10.02536529378914,12.000058457717321,16.145833333333336,18022.37574530447,32.031599402793766,26,0.9690666929829355,2.838838888888889
20,severe,mpc,11.105447514697241,13.292884146380018,16.666666666666664,18006.419787200182,43.33152788575875,31,0.9616520545530545,20.03827638888889
21,severe,static,13.970743024095146,16.722556043992675,33.05555555555556,17993.270826527696,72.74587892665404,0,0.91532599897691,0.08981527777777779
21,severe,reactive,11.820356308172071,14.14860830826657,32.8125,18072.560736800395,51.67553840136335,136,0.9627514608406261,4.2931638888888894
21,severe,predictive,8.81437186286863,10.55053601767609,9.930555555555555,18092.437042678255,17.106797314473347,53,0.9955754692551064,19.67142638888889
21,severe,predictive_no_forecast,9.786318823719224,11.713927076876038,19.270833333333336,18090.77985277076,28.89956432709785,23,0.9872983260394805,2.7843
21,severe,mpc,11.286433815114249,13.509519263545837,32.88194444444444,18068.920543101944,44.17543756727153,29,0.9740425813393787,19.5941625
22,severe,static,15.871621856879761,18.997850404447,36.736111111111114,17970.574098774316,76.11384427534853,0,0.9391753742054666,0.09146944444444445
22,severe,reactive,10.227955828515741,12.242553188677922,16.770833333333332,18068.049551095883,31.72245052518853,97,0.9792677838111029,3.4009847222222223
22,severe,predictive,9.127851921680978,10.92576214867875,9.54861111111111,18075.751435919745,19.322181323084187,51,0.9952663193436249,19.507602777777777
22,severe,predictive_no_forecast,9.838822775825024,11.776772716517824,16.70138888888889,18064.41149463022,28.08627964145888,21,0.9770650635763221,2.7160319444444445
22,severe,mpc,11.04096626530067,13.2157020448296,17.15277777777778,18051.312102035936,40.12039806961136,30,0.964761796327655,19.53767777777778
23,severe,static,13.969775860517139,16.72139837849779,39.166666666666664,17944.53753312066,73.76338168278171,0,0.9265526166230791,0.08869722222222222
23,severe,reactive,9.924868222259164,11.879766508461742,30.76388888888889,18073.137249883475,31.600758429499304,119,0.9859273681690772,3.769975
23,severe,predictive,9.972745306257163,11.937073927186608,25.90277777777778,18068.65458353863,29.416801363941097,53,0.986456202594214,20.138308333333335
23,severe,predictive_no_forecast,10.20013337488064,12.20925055478136,26.21527777777778,18068.7153340308,31.611548990169407,21,0.9889495613246105,2.7508805555555553
23,severe,mpc,11.22231463461545,13.432770547494226,18.194444444444443,18054.544632082427,44.397962539002236,28,0.9577294369995668,20.946195833333334
24,severe,static,13.261598604941668,15.873731663490773,34.0625,17963.740510541134,61.87858433611049,0,0.9521751547631038,0.08805833333333334
24,severe,reactive,14.035661694547148,16.800261725291293,27.708333333333336,18059.522514270713,57.49453353206983,93,0.969960378784537,3.335927777777778
24,severe,predictive,8.596599812171064,10.289869472144153,11.944444444444445,18089.63500534928,15.957597211961152,59,0.9870323189993804,19.690458333333332
24,severe,predictive_no_forecast,9.083920398632115,10.873177446847524,11.944444444444445,18081.04614233255,22.174317193591186,25,0.9747044585301282,2.7898430555555556
24,severe,mpc,9.781918493637024,11.70866001511097,11.944444444444445,18070.447426557213,28.104159103317805,35,0.9698456104345491,19.53924722222222
25,severe,static,13.696127827046276,16.3938499747978,38.71527777777778,18013.96605345882,67.49573950537552,0,0.9416710185234937,0.09042222222222222
25,severe,reactive,10.511115711111895,12.581486987543023,20.90277777777778,18087.808118650726,35.89782182638249,121,0.9748155815315342,3.902151388888889
25,severe,predictive,8.71421379662633,10.430649847476976,13.541666666666666,18095.742055199044,18.07737302483089,59,0.985954169616364,19.85561111111111
25,severe,predictive_no_forecast,8.515356523347403,10.19262371734007,9.6875,18104.633600485413,14.905285491125957,28,0.997311009180508,2.9113180555555553
25,severe,mpc,10.626765019362356,12.719915704994342,13.784722222222223,18080.75335457267,34.90100343986376,36,0.9757118989438331,20.1237625
26,severe,static,13.168825478497189,15.762685042443604,34.375,17985.973709566602,58.88077169760297,0,0.9586495751475542,0.09266527777777778
26,severe,reactive,10.412893840288534,12.46391838458777,20.555555555555554,18049.63704192598,34.067965641582774,118,0.9831857142357243,3.790633333333333
26,severe,predictive,8.722744266311691,10.44086056119126,8.541666666666666,18061.42428963605,16.32785292290602,50,0.9922009263334163,19.59219861111111
26,severe,predictive_no_forecast,8.540827218136112,10.223111367162925,3.5416666666666665,18072.932327966395,14.653766095383702,20,0.9938888656848965,2.702138888888889
26,severe,mpc,9.859898197290088,11.80199935736238,19.65277777777778,18048.59663516413,26.662282016633494,29,0.9906254928885706,19.918730555555555
27,severe,static,13.682661443938574,16.377731122290108,36.11111111111111,18005.65356334546,68.74387661920399,0,0.9428599990950144,0.08858472222222223
27,severe,reactive,11.407687071399089,13.654655736977679,20.0,18075.06683392748,47.72061653234311,113,0.9563553386364426,3.6746583333333334
27,severe,predictive,8.54534335638267,10.228517047791367,9.20138888888889,18100.347072551875,14.129381723351376,56,0.998385648367109,19.583455555555556
27,severe,predictive_no_forecast,9.193612054409032,11.004475034822935,11.944444444444445,18096.695668205524,20.746375541453485,22,0.9959879781062333,2.7436625
27,severe,mpc,10.144865045498332,12.143096039308608,16.52777777777778,18086.568434200795,30.17100756411599,29,0.9865528571127732,19.47129861111111
28,severe,static,16.62525879691103,19.899930984181395,50.34722222222222,17939.071886310718,82.60886487014488,0,0.9431212126934572,0.088425
28,severe,reactive,13.043025545258963,15.612106334476639,17.604166666666668,18054.62294929167,55.277480542356585,102,0.949989523640337,3.4800069444444444
28,severe,predictive,8.664360540707188,10.370977010846481,16.73611111111111,18087.372747021356,15.95029341839143,58,0.9970590252180904,19.567945833333336
28,severe,predictive_no_forecast,9.984926733951275,11.951654727002284,17.291666666666668,18075.792551141534,31.233191423439912,21,0.9687449808832521,2.715856944444444
28,severe,mpc,10.857322250684401,12.995885724304049,27.673611111111114,18069.43641887684,36.774506230661906,30,0.9788796293257309,19.512206944444447
29,severe,static,14.778045268669638,17.688872367043967,44.09722222222222,17998.394277479543,77.82233989334199,0,0.9355230117821143,0.0889611111111111
29,severe,reactive,10.330408641897227,12.365186101664872,21.21527777777778,18071.373169379858,34.341066794929205,123,0.9802460295990877,3.8688069444444446
29,severe,predictive,9.237298365268344,11.056766225093927,12.291666666666666,18073.563820138974,23.286291596564823,58,0.9868725037277595,19.56476388888889
29,severe,predictive_no_forecast,8.770362477051556,10.497858116470804,6.736111111111111,18082.546724256707,16.97177437194842,24,0.9961598408242618,2.7540472222222223
29,severe,mpc,10.322094185774104,12.355233949638707,25.416666666666664,18060.011925958854,34.251177920969184,30,0.9793055801366601,19.88223888888889
30,severe,static,16.95459141879429,20.294132152799214,46.770833333333336,17991.30237682827,95.7996276731694,0,0.9168112121089015,0.09048333333333333
30,severe,reactive,10.07894583610944,12.064192743221898,20.90277777777778,18084.90004191782,33.82197384281899,120,0.9757476531069639,3.881526388888889
30,severe,predictive,8.476819360739773,10.146495901491551,14.270833333333332,18097.904914846556,14.869464289890036,57,0.9969791047551174,19.970323611111112
30,severe,predictive_no_forecast,9.320679920543974,11.156571420045053,15.520833333333334,18087.78025880083,23.931799810836523,23,0.987766793913664,2.7789763888888888
30,severe,mpc,10.353228375359597,12.392500631112249,20.868055555555557,18076.10955758856,34.02828255091809,32,0.9745351464774733,19.90595833333333
31,severe,static,15.444574188439757,18.486687286162756,38.36805555555556,17953.936777519848,76.9089735512305,0,0.9419672498906021,0.09042638888888889
31,severe,reactive,12.767798653722902,15.282668085516818,32.77777777777778,18038.395651419363,55.54190976368804,108,0.9576316253406916,3.626802777777778
31,severe,predictive,11.52692976441643,13.797385627104507,33.29861111111111,18047.30250252519,39.20674523881848,54,0.9857745143826512,19.80815833333333
31,severe,predictive_no_forecast,10.906627012116939,13.054902029655127,28.888888888888886,18049.843291689358,32.97640236143298,26,0.9935214611416749,2.8278805555555553
31,severe,mpc,13.716503492795608,16.41823902925535,36.31944444444444,18024.322418822823,57.38961140165532,29,0.9632150117970255,19.827143055555556
32,severe,static,12.875368847495608,15.411426347759898,26.5625,17955.738903908077,56.14926366114758,0,0.9520838328039504,0.09220555555555555
32,severe,reactive,10.493739859184362,12.560688619326728,13.020833333333334,18059.35164851952,37.314728196467016,76,0.9625569674715363,3.1521041666666667
32,severe,predictive,9.627316335866913,11.52360591717405,12.95138888888889,18073.531970988694,25.199699878112263,56,0.980251262862597,19.579394444444446
32,severe,predictive_no_forecast,9.518218072862966,11.393018602366284,12.986111111111112,18071.14522555692,25.269259067004977,20,0.9767817392437581,2.7236166666666666
32,severe,mpc,11.132072242681994,13.324753138967846,13.368055555555555,18047.09068414097,38.131060757517226,30,0.9646731656404816,19.573400000000003
33,severe,static,13.404307210122933,16.04454953938961,39.02777777777778,17994.107538627875,67.07087988740957,0,0.934106637814365,0.08968888888888889
33,severe,reactive,8.725636700357006,10.444322717094005,20.03472222222222,18091.121857521237,18.965935321059337,116,0.9917685671245989,3.7466305555555555
33,severe,predictive,8.115558381886933,9.714077457107086,10.520833333333334,18087.73179994405,11.269103469298573,54,0.9940900103782877,19.5011875
33,severe,predictive_no_forecast,8.905960240763575,10.660164530610935,10.694444444444445,18077.049601194416,20.160925538286783,20,0.9841843182110819,2.6982083333333335
33,severe,mpc,9.675570132564973,11.581364249585347,10.590277777777777,18062.70370752683,27.91664736249121,30,0.9698973334088711,19.835711111111113
34,severe,static,20.058427083028295,24.009329387261136,49.82638888888889,17939.954406440043,103.05850998317626,0,0.9211754295493461,0.08817083333333334
34,severe,reactive,15.747059208040234,18.848752688411786,40.86805555555556,18042.79299580781,64.9924646072459,128,0.9571991085371835,3.9754694444444443
34,severe,predictive,9.416588320935206,11.271370868998218,14.82638888888889,18069.24219649023,22.327470923522537,56,0.9969879219043504,19.61896666666667
34,severe,predictive_no_forecast,11.382422410830182,13.624414703872475,18.92361111111111,18056.651167101576,38.81667432705949,27,0.9870694136326615,2.8220152777777776
34,severe,mpc,13.70654663028543,16.40632096655378,25.208333333333332,18038.147182131397,58.09486135195146,30,0.9557251506946612,19.73565
35,severe,static,13.786155788615506,16.501610716676158,45.48611111111111,17988.69052667488,68.95733815030864,0,0.9475248781642258,0.08961527777777778
35,severe,reactive,10.46377477377743,12.52482132012752,22.98611111111111,18083.046225854345,34.321940199575494,113,0.9935401011123794,3.713643055555556
35,severe,predictive,9.087159957077068,10.877055100137698,6.840277777777779,18091.801229079487,19.428144222094737,57,0.9993947524616128,19.59382638888889
35,severe,predictive_no_forecast,9.639794735110407,11.53854218293517,16.73611111111111,18085.222914434493,26.291609794402554,24,0.9870359163429985,2.7712805555555557
35,severe,mpc,11.481866156793929,13.74344585434426,32.1875,18057.081050966597,44.35462868948764,30,0.977208253463236,19.721581944444445
36,severe,static,15.186479322369228,18.17775555253286,42.56944444444444,17950.545254358552,81.16460685245428,0,0.9300722726254408,0.09154027777777778
36,severe,reactive,10.243990618829043,12.261746346780228,32.951388888888886,18066.15084996113,35.50610744390753,118,0.9785763021559953,3.7988666666666666
36,severe,predictive,8.366213716299121,10.01410429678227,3.958333333333333,18071.900472441826,12.914197594382456,60,0.9973241045543566,19.725295833333334
36,severe,predictive_no_forecast,9.468493856747397,11.333500222470372,18.29861111111111,18060.14184971228,25.007279203091134,24,0.988053317097885,2.8121041666666664
36,severe,mpc,11.62179188690396,13.910932713112288,26.180555555555557,18042.084826163526,43.529445496248016,32,0.9666488640208376,19.81018888888889
37,severe,static,13.900918749042015,16.63897850264119,44.40972222222222,17958.66844208147,71.80713099148116,0,0.9311115133420402,0.090725
37,severe,reactive,11.89740338256297,14.24083132155267,28.229166666666668,18045.403743937437,46.39938511677957,135,0.9607086373813304,4.087618055555556
37,severe,predictive,9.771667191407168,11.69638951698736,11.215277777777779,18051.358138030115,23.1973873448769,60,0.987805077919958,19.694955555555556
37,severe,predictive_no_forecast,10.32757016075864,12.361788525756538,15.625,18047.233219007056,33.08734431048136,27,0.9787822955224303,2.8186833333333334
37,severe,mpc,11.990732553575786,14.352543511098284,23.47222222222222,18018.481599761537,48.10520730578036,32,0.9646804068780221,19.66538888888889
38,severe,static,17.04401380499877,20.401168039316726,45.625,17921.236672479594,92.42268496141813,0,0.9359818623157404,0.09627916666666667
38,severe,reactive,18.552884690601292,22.207240766022736,53.40277777777778,17988.32859169429,97.0920349476143,84,0.9751453788489758,3.377670833333333
38,severe,predictive,16.936213562065298,20.27213441519935,51.701388888888886,18011.503626341622,82.54206415525898,56,0.9893962888934487,20.95993888888889
38,severe,predictive_no_forecast,16.649987743154817,19.929530783473204,51.145833333333336,18002.60489628734,85.47983930766841,24,0.9611913463179679,2.882948611111111
38,severe,mpc,16.25189298977606,19.453023427156207,52.29166666666667,17984.370056096166,80.85510586864372,32,0.9534360470123056,20.562775000000002
39,severe,static,11.956887803049975,14.312032370317409,34.34027777777778,17971.504900009135,49.535405892436465,0,0.9652428533199285,0.08895138888888889
39,severe,reactive,11.046877657940511,13.222777802686384,10.972222222222221,18055.86846693429,36.3262561383726,65,0.9722967608535222,2.9096277777777777
39,severe,predictive,8.320877033174218,9.959837660920666,6.631944444444445,18078.70347606521,13.008995369982138,61,0.9917361438540915,19.990269444444447
39,severe,predictive_no_forecast,8.283411736140476,9.914992835683295,10.79861111111111,18082.21261716405,12.677314541494374,21,0.992176497539129,2.7771458333333334
39,severe,mpc,9.821921915926112,11.75654289936611,23.29861111111111,18055.734972423754,28.818149677855732,32,0.9830540152902062,20.014530555555556
40,severe,static,15.170929452958639,18.159142830056535,43.81944444444444,17966.406649776774,84.62338413800472,0,0.9162089568163354,0.08755
40,severe,reactive,10.29009721874396,12.316934549708687,22.743055555555554,18069.17529929338,36.73149475344305,131,0.9647573679307561,4.042081944444445
40,severe,predictive,8.407877418160076,10.06397448537344,11.73611111111111,18081.692838723764,14.085533886404944,60,0.9969951775659025,19.911470833333333
40,severe,predictive_no_forecast,10.502697319871697,12.571410428331259,21.006944444444446,18063.791822960316,35.29852174373361,26,0.9849688025377593,2.8368861111111108
40,severe,mpc,11.34931124893373,13.584781646450976,27.77777777777778,18051.239862816732,46.89244096374877,30,0.9577425279155686,19.956543055555553
41,severe,static,14.54785686357991,17.413343821557767,35.798611111111114,17978.000954927244,76.22604331615842,0,0.9285408756227207,0.08808333333333333
41,severe,reactive,10.770930449417644,12.892477356121132,24.20138888888889,18060.56881344953,38.71652877396494,125,0.9826135750796445,3.931648611111111
41,severe,predictive,8.747965010358609,10.471049027550446,8.368055555555555,18071.499011355227,18.07079018951023,59,0.990561598281308,19.87066111111111
41,severe,predictive_no_forecast,8.888324326271995,10.63905487538619,8.402777777777779,18074.503576758725,17.02665883095696,24,0.9960531850508609,2.803309722222222
41,severe,mpc,9.443058232485848,11.30305455100578,11.354166666666666,18063.131097304948,25.106482985835207,33,0.9875559333023202,19.541215277777777
42,severe,static,12.748356721775053,15.259396682124683,28.47222222222222,17958.432093257263,61.90637032361338,0,0.9367374236630973,0.08713611111111111
42,severe,reactive,9.42488069037618,11.281296583935132,20.79861111111111,18062.424687391926,27.31681611968216,120,0.9800505226646288,3.7400402777777777
42,severe,predictive,8.809331632278274,10.544503014393698,14.791666666666666,18062.988542117717,18.99590366319169,57,0.9898099224370949,19.316027777777776
42,severe,predictive_no_forecast,9.933982913805751,11.890676518040232,16.979166666666668,18056.23230603738,30.77047371736798,24,0.9811500316624644,2.722676388888889
42,severe,mpc,10.924783674565933,13.076635004404677,20.3125,18041.28891476541,42.90781208348492,34,0.9570029663246393,19.377980555555553
43,severe,static,15.135172967476532,18.116343400464313,49.6875,17975.686403834297,83.67334233832833,0,0.9276762844738687,0.08706388888888889
43,severe,reactive,11.584184644036622,13.865917983013524,33.15972222222222,18057.902909635894,50.632358099580564,136,0.9588706684755165,4.031954166666667
43,severe,predictive,11.560527500795844,13.837601099437457,44.40972222222222,18057.271191273037,47.84636869422586,61,0.9747405799436111,19.331706944444445
43,severe,predictive_no_forecast,10.47578155231307,12.539193070192912,23.4375,18066.44365749224,37.27811437035831,23,0.9669581357594349,2.7351833333333335
43,severe,mpc,12.059607527001226,14.434984767168137,35.138888888888886,18043.974039149583,53.50905065976359,32,0.9595424513858652,19.247394444444446
44,severe,static,18.287061338889526,21.889058269276866,60.20833333333333,17915.993891277285,105.29440504125984,0,0.9361924985204755,0.08777777777777777
44,severe,reactive,13.298894418530846,15.918373622180836,36.42361111111111,18035.614943115,63.20341269353261,128,0.9399048742538411,3.9136444444444445
44,severe,predictive,9.729915752929248,11.646414310324404,11.07638888888889,18071.349864018463,24.1314836665695,62,0.9938381470147262,19.36657222222222
44,severe,predictive_no_forecast,11.548667039726494,13.823404486945341,36.42361111111111,18050.583162712977,41.06013504914469,27,0.9786870577923916,2.7784583333333335
44,severe,mpc,12.369769138643907,14.806238817467687,31.354166666666668,18041.925290154264,52.2042200075463,29,0.9573799218261876,19.328069444444445
45,severe,static,13.550239740045262,16.219226355508713,33.263888888888886,17973.002004501992,68.08691301394609,0,0.9341551005466976,0.08670555555555555
45,severe,reactive,11.202689803728676,13.409280219614645,21.805555555555557,18057.860282735695,44.56093321511711,124,0.9663365591847867,3.8655
45,severe,predictive,10.857301312501535,12.995860661933655,21.38888888888889,18058.71745939382,40.75859965489647,58,0.9622328495171906,19.43298611111111
45,severe,predictive_no_forecast,9.593352737323976,11.482952518918099,17.083333333333332,18071.783470000915,24.192811626817726,24,0.994145122413498,2.7537541666666665
45,severe,mpc,11.47706164489405,13.737694999191357,23.229166666666668,18052.198853259102,47.28313299840225,30,0.9549895169544647,19.34183472222222
46,severe,static,13.518522536429451,16.18126182390799,32.43055555555556,17973.9763284496,67.30958672898467,0,0.9367642179795651,0.09035972222222222
46,severe,reactive,10.47626255401477,12.539768814654048,20.729166666666668,18074.53261037372,34.88706457828876,119,0.9712190228296494,3.7924180555555553
46,severe,predictive,9.295013295147678,11.125849247222227,13.26388888888889,18080.698954873562,21.970994406183877,53,0.9905661452630948,19.290455555555557
46,severe,predictive_no_forecast,9.6445584576935,11.544244214511913,18.125,18072.44711468798,28.028580419647092,32,0.9786929735655221,2.8446708333333333
46,severe,mpc,11.285097984493923,13.50792031477303,18.506944444444446,18058.74512485491,43.33892775506824,36,0.9614411550843512,19.494084722222222
47,severe,static,16.561835536123716,19.82401526293595,54.23611111111111,17958.44971452599,95.48594622540533,0,0.9251059822206852,0.08963194444444444
47,severe,reactive,11.742197725918357,14.055054853750766,34.89583333333333,18043.657211073874,49.485698838387535,126,0.9576605694289994,3.9042416666666666
47,severe,predictive,10.456596839843547,12.516229550721798,23.333333333333332,18052.20679990603,35.61981931242133,57,0.9791470778127924,19.49295833333333
47,severe,predictive_no_forecast,10.311813061508792,12.342927755442354,16.354166666666668,18055.162240268506,33.95074655718896,24,0.9808906551303652,2.7542819444444446
47,severe,mpc,12.427696146497684,14.875575690504805,37.1875,18017.296328670538,56.13507895852679,29,0.9539227780157986,19.400704166666667
48,severe,static,13.433378311016632,16.07934676621685,38.50694444444444,17953.424859653107,67.97387587007607,0,0.9334743330378444,0.09054861111111111
48,severe,reactive,10.119170895427763,12.112340920284744,30.694444444444446,18053.482178498605,34.93698017045391,135,0.9753425528594941,4.040501388888889
48,severe,predictive,9.27699334807232,11.104279916632027,10.381944444444445,18063.61697348936,23.5952427364314,51,0.9886591423571921,20.42472638888889
48,severe,predictive_no_forecast,9.618880913049912,11.513508971680977,12.083333333333334,18055.26028552009,27.717812015890654,23,0.9814767432355563,3.0282291666666663
48,severe,mpc,10.841750591017568,12.97724691955135,31.041666666666668,18019.82455235902,40.45430281406805,27,0.9697233777684447,20.547158333333332
49,severe,static,15.45610711786548,18.500491853202607,59.34027777777777,17994.776044010396,85.29959683492623,0,0.9408242228922319,0.09333194444444444
49,severe,reactive,10.754886018928199,12.873272659020115,22.15277777777778,18075.084207697044,39.503154988472915,128,0.9772288059549341,4.015922222222223
49,severe,predictive,8.355015553272182,10.000700434977311,2.8819444444444446,18100.75656935501,13.071622597752038,57,0.9998616802054245,20.039337500000002
49,severe,predictive_no_forecast,8.436749632032,10.098533650462551,6.354166666666666,18099.57629892759,12.178405516704801,18,0.9997324023728185,2.8463458333333334
49,severe,mpc,10.749627343463608,12.8669781838428,28.020833333333332,18075.26643970755,36.8370912770076,28,0.9839460587541611,21.281119444444446
50,severe,static,15.430112074250797,18.46937657372443,41.52777777777778,17942.193223901042,84.39293236760456,0,0.9270134252987622,0.09224305555555555
50,severe,reactive,10.595870200780437,12.682935543358381,23.333333333333332,18062.091368865054,41.147798638533374,134,0.9499590305565689,4.595255555555555
50,severe,predictive,8.866754416816576,10.61323634740165,12.708333333333332,18073.863666855734,19.38625933507442,60,0.9859624198157588,21.707454166666665
50,severe,predictive_no_forecast,10.424064574477883,12.477289414905355,20.03472222222222,18060.63713185408,36.77368272742435,21,0.9673302035522127,2.832059722222222
50,severe,mpc,11.148263950394119,13.34413412244144,13.92361111111111,18046.287271495617,42.27486797734298,31,0.962968044839844,21.952381944444447
51,severe,static,14.29265102733951,17.10787016908819,39.375,17986.246784212588,76.01079151538293,0,0.9223922493268569,0.10764722222222223
51,severe,reactive,10.684730136342704,12.789298193501121,22.46527777777778,18071.66510760942,40.87418615024441,129,0.9555298852973877,4.254505555555555
51,severe,predictive,8.946378229559334,10.70854363841194,16.666666666666664,18085.644970080237,20.192826709263297,56,0.9949962923195922,20.81045138888889
51,severe,predictive_no_forecast,9.242319356312114,11.062776199222073,22.430555555555557,18083.512000754363,23.752258940980575,24,0.9895068073619852,2.8395777777777775
51,severe,mpc,11.400438998308017,13.645980013126254,24.791666666666668,18062.49666583768,48.99185291070461,32,0.9445948956186666,20.482659722222223
52,severe,static,15.997881837141755,19.148979774760566,39.0625,17955.61365588719,88.07143455800782,0,0.9228102124220499,0.08975972222222223
52,severe,reactive,12.87895583391056,15.415719861802035,32.5,18047.797478352724,57.190669613685,114,0.9656312104353164,3.7941097222222226
52,severe,predictive,10.859563392700714,12.998568303384193,16.666666666666664,18063.94940757634,34.91975709524408,54,0.9864101919687861,20.52915972222222
52,severe,predictive_no_forecast,11.609223648380036,13.895888912454877,27.63888888888889,18050.76660899206,41.00310401168086,27,0.9868178436766889,3.048322222222222
52,severe,mpc,12.241028264702557,14.652139892598507,29.86111111111111,18036.240348020372,47.913369784311556,29,0.975619407977687,21.14977777777778
53,severe,static,13.89328123443764,16.629836629099607,40.0,17981.045390148833,70.64423798786527,0,0.9457486127642981,0.09309722222222223
53,severe,reactive,10.316743938965088,12.348829866337004,18.020833333333332,18070.086222827213,33.42916683679546,105,0.9913053522955924,3.5910319444444445
53,severe,predictive,8.721322451339027,10.43915869175429,17.8125,18076.248901378443,18.061388577417553,58,0.9889113499731661,19.956881944444444
53,severe,predictive_no_forecast,9.180863391544385,10.989215271697084,17.8125,18071.235579482745,23.29007709204745,23,0.9832429107422387,2.7813083333333335
53,severe,mpc,10.931084343606488,13.08417671431685,17.8125,18056.250001231918,38.40727160176422,33,0.9654669191362337,20.002473611111114
54,severe,static,16.67313150537999,19.95723316553058,59.513888888888886,17933.387922390135,89.60031508854915,0,0.9522874960541656,0.09625138888888889
54,severe,reactive,10.858191551319111,12.996926250821366,18.958333333333332,18045.014595663644,38.855241095370125,107,0.9819338536265942,3.9843875
54,severe,predictive,10.492387930691875,12.559070401888752,15.972222222222221,18039.36250193505,34.010619047062,57,0.9775449890627464,21.080258333333337
54,severe,predictive_no_forecast,10.585877779150055,12.670974917467483,15.138888888888888,18031.20909312119,38.28872657468953,29,0.9638345410334764,2.917038888888889
54,severe,mpc,12.091597971508369,14.47327635983577,17.916666666666668,18019.060982261366,49.92734792125488,32,0.9637751847344285,19.997219444444443
55,severe,static,18.001717221254303,21.54751000725894,53.50694444444445,17910.310964594308,105.48397998328342,0,0.9108741388997972,0.0914875
55,severe,reactive,15.358772733059947,18.383985544117202,46.076388888888886,18031.063461252626,78.44175928559758,121,0.9506768318533078,4.0744
55,severe,predictive,15.810427872815154,18.924603059884806,53.50694444444445,18027.914134523406,81.86027975054928,52,0.9441143562706642,20.018218055555558
55,severe,predictive_no_forecast,14.658479612403957,17.545755899695635,47.25694444444444,18020.85955900472,73.39683099305657,26,0.9512705236255614,3.055095833333333
55,severe,mpc,17.204407503646713,20.59315443618321,54.34027777777778,17990.913097271543,97.99490749042214,31,0.9219080064812814,21.3393625
56,severe,static,16.682944011147516,19.96897843758565,46.25,17976.072342385185,95.20248071423646,0,0.9152053371091513,0.11238333333333334
56,severe,reactive,13.58304234115633,16.258490075020458,35.486111111111114,18057.214090659047,68.50630788859064,132,0.9343602972763267,4.074602777777778
56,severe,predictive,10.867078502589806,13.007563662190831,22.15277777777778,18081.145505611163,33.62009227544019,55,0.9967184618217435,19.45294861111111
56,severe,predictive_no_forecast,11.783039171563612,14.10394082656855,32.604166666666664,18074.24731558367,45.41670348462688,24,0.983280353421654,2.783904166666667
56,severe,mpc,12.944602450100243,15.494296872089679,36.00694444444444,18055.457202396956,55.651792547715324,32,0.9736142408829938,19.367875
57,severe,static,17.60309679643733,21.070373438159834,47.15277777777778,17974.83276112955,94.41952002591029,0,0.9327256322172564,0.08933194444444445
57,severe,reactive,12.082377643381214,14.462239906471446,20.27777777777778,18071.371386132556,47.7388601554967,117,0.9670119878720052,3.730440277777778
57,severe,predictive,8.521578658343705,10.200071424381111,6.041666666666667,18085.231478886675,14.834751055034232,54,0.9941110383122927,19.33188611111111
57,severe,predictive_no_forecast,10.224930019752279,12.238931387279235,20.03472222222222,18066.469943591714,35.26739166345149,23,0.9605508546097097,2.7550875
57,severe,mpc,10.616230479259501,12.707306179719707,20.0,18065.048793592243,34.939270304609906,26,0.9751671010466677,19.5351875
58,severe,static,12.486023417363329,14.945391666237935,22.67361111111111,17981.996920451034,57.15735521606532,0,0.9486321386107732,0.0909625
58,severe,reactive,9.959836980126545,11.921623051969643,18.993055555555554,18067.282318155867,31.77320079577441,109,0.9775793580121442,3.776365277777778
58,severe,predictive,9.289626728437648,11.119401690099583,18.993055555555554,18076.148437763455,23.937043174301188,60,0.9870656731050966,19.761523611111112
58,severe,predictive_no_forecast,9.72379030922214,11.639082339826501,18.993055555555554,18064.614325980456,29.373063006314776,28,0.974326979194762,2.852945833333333
58,severe,mpc,11.148567556534358,13.34449752979111,24.02777777777778,18037.39491760894,43.60870336160325,30,0.9693423951820203,19.91306527777778
59,severe,static,17.328131528938446,20.741248345244472,49.44444444444444,17958.6653558007,98.53826787033651,0,0.9180765612050703,0.08978055555555556
59,severe,reactive,11.712863543837049,14.01994272671405,22.708333333333332,18060.92346498289,50.03935436929039,131,0.9444487968381702,4.0209319444444445
59,severe,predictive,9.643172538727377,11.542585311507011,15.972222222222221,18067.871510143665,26.713661893487696,59,0.9843024467311338,19.851570833333334
59,severe,predictive_no_forecast,10.818872876586893,12.949862988641884,22.569444444444446,18060.087780943195,40.515188105366114,28,0.960821659170998,2.822102777777778
59,severe,mpc,11.764336634057697,14.08155445591754,25.833333333333336,18052.914354500528,47.62960731492287,34,0.9718769423137472,19.87812361111111
60,severe,static,13.844975806965754,16.572016496216577,43.26388888888889,17970.117919981556,69.93784273593116,0,0.94688472044103,0.08893888888888889
60,severe,reactive,9.686510165892779,11.59445913796258,19.756944444444443,18063.95410484107,27.86087795935187,114,0.988217951883667,3.7276
60,severe,predictive,9.626880092809024,11.523083747453239,19.72222222222222,18064.275558119047,25.49156987940922,63,0.9925533660293859,19.750665277777777
60,severe,predictive_no_forecast,9.78609278394564,11.71365651411676,14.652777777777779,18060.37368622052,26.83991972471052,29,0.9922529984647485,2.818108333333333
60,severe,mpc,11.093516974701892,13.278603651537125,30.555555555555557,18044.804216820266,40.48757084309497,36,0.9827678803938754,19.4963625
61,severe,static,14.107080661393177,16.88574806439485,44.61805555555556,17970.734958237517,74.44724955537711,0,0.9366908769544202,0.08961805555555556
61,severe,reactive,10.648409396868193,12.745823368978595,22.8125,18070.6797460842,41.917865786971724,131,0.9505178076576731,3.965438888888889
61,severe,predictive,9.495249048105135,11.36552537576222,14.756944444444445,18079.526073437726,27.161885647229358,60,0.9733827146047298,20.329662499999998
61,severe,predictive_no_forecast,10.156634887208185,12.15718418317343,15.069444444444443,18071.94814614385,34.299637356059755,27,0.9700395831310581,3.082936111111111
61,severe,mpc,11.301112419536928,13.527089108233607,24.479166666666664,18053.235175820337,46.23156244987905,34,0.9566217625722809,20.8765
62,severe,static,13.12460631278692,15.709756041063107,38.47222222222222,17966.108334038723,60.112946345649085,0,0.9603306895442976,0.107625
62,severe,reactive,10.674079504226194,12.776549709604089,14.618055555555557,18060.148710948954,33.8860322315772,85,0.9798449360536328,3.317788888888889
62,severe,predictive,8.035573610968852,9.618338110099087,1.25,18086.679903781762,8.974304824802529,48,0.9998524224036061,20.296229166666667
62,severe,predictive_no_forecast,8.353543160180697,9.998938025064772,7.569444444444444,18079.145129638157,12.569431119607213,24,0.9972478265885101,3.0851902777777775
62,severe,mpc,10.261972754589353,12.283270418372107,19.444444444444446,18057.939066320894,31.79057305609969,28,0.9873367295170521,24.3885
63,severe,static,12.710953542455,15.214626209908268,28.541666666666664,17974.086809841276,57.93292039295692,0,0.9540273585801262,0.09293472222222222
63,severe,reactive,11.188824810070743,13.392684242357403,19.270833333333336,18034.27086275812,42.492244127582026,112,0.9754655719117704,4.718649999999999
63,severe,predictive,9.712849356459158,11.625986350913207,19.09722222222222,18050.203888341457,28.793429711148356,53,0.9748256827324897,24.691170833333334
63,severe,predictive_no_forecast,8.942175409901552,10.703512990639735,8.090277777777779,18054.967192430788,19.702873958870253,25,0.9885800990844443,3.019334722222222
63,severe,mpc,10.132515030743058,12.12831344588943,18.958333333333332,18035.39851072729,32.361631383962155,31,0.9763383936028611,28.074150000000003
64,severe,static,18.068521636855504,21.627472868357348,47.291666666666664,17914.623634380296,100.42968203710477,0,0.9164317476981105,0.13781527777777777
64,severe,reactive,12.162890100356757,14.558610877699751,21.180555555555554,18034.79300995135,55.4088329426601,122,0.934853089600584,6.015733333333333
64,severe,predictive,11.586670881696609,13.86889393415199,21.11111111111111,18055.645125843876,47.83510105074497,52,0.945680970410551,22.05499861111111
64,severe,predictive_no_forecast,13.502436874844653,16.16200777443526,34.93055555555556,18028.030554366276,61.061280248240855,25,0.9482317035670844,2.9238888888888885
64,severe,mpc,14.506854319107076,17.3642650183251,34.89583333333333,18023.083055281077,68.21521442357634,30,0.9400016809979377,22.281713888888888
65,severe,static,16.278520226542238,19.484895422679337,50.72916666666667,17951.182569105513,88.53137171561242,0,0.9367467495970649,0.0940125
65,severe,reactive,11.84100375238876,14.173322673313837,30.9375,18033.51208117825,50.634707954412384,111,0.9707571227435289,3.970365277777778
65,severe,predictive,9.257012523204171,11.080363474744392,18.958333333333332,18043.276408469013,23.143644313080177,55,0.9852905684065189,21.2435125
65,severe,predictive_no_forecast,9.547164786844576,11.42766694182913,4.375,18044.409220543337,23.970473977034565,20,0.9871855908223425,2.888961111111111
65,severe,mpc,11.73161055044431,14.042382325531811,19.444444444444446,18016.977141707375,44.68428933760779,27,0.9732172485327893,21.650118055555556
66,severe,static,12.342660830461636,14.773790994037421,29.40972222222222,17933.147185612313,50.3538698292806,0,0.9684771133345008,0.09616805555555555
66,severe,reactive,11.522886554024858,13.792546026787331,13.472222222222221,18048.805221964918,37.64098120807207,73,0.981779388803611,3.278576388888889
66,severe,predictive,8.416735168340395,10.074576943922604,7.881944444444445,18070.45108400028,13.18466829905191,55,0.9939230354299979,20.590306944444446
66,severe,predictive_no_forecast,8.680196135301513,10.389931737709363,11.25,18065.964695840557,14.9396164398161,20,0.9953322932413765,2.8461097222222222
66,severe,mpc,10.240809204713681,12.257938290490614,16.944444444444446,18036.143095226773,31.67640712683151,24,0.9718625582189399,20.218015277777777
67,severe,static,16.932869971302978,20.268132238377795,53.40277777777778,17933.077518343176,99.08888193791782,0,0.9150254791097743,0.08989166666666666
67,severe,reactive,11.697027662983743,14.000987657207785,23.4375,18031.130030073266,53.99941551246268,135,0.930450523201783,4.228127777777778
67,severe,predictive,12.374192483323478,14.811533427008431,24.375,18048.719815342916,59.13897860805013,56,0.929109489332487,19.74365138888889
67,severe,predictive_no_forecast,12.562180092469285,15.036548898561724,24.20138888888889,18034.58388728869,61.13986038954592,24,0.9283683171872467,2.7731736111111114
67,severe,mpc,13.65556519428199,16.34529773254964,36.18055555555556,18015.928988820615,71.13577138571374,32,0.9231279923224981,19.74051111111111
68,severe,static,15.931298490227874,19.069281526181854,45.97222222222222,17971.3448906571,86.33573202358588,0,0.922928066449104,0.09000833333333334
68,severe,reactive,10.454816080292563,12.514098035501698,22.916666666666664,18073.726349881264,39.63170525228438,132,0.9541243055418915,4.021975
68,severe,predictive,9.02896046346574,10.807392069905942,18.368055555555557,18085.051577610193,21.267514115955162,56,0.9909286806596542,19.490898611111113
68,severe,predictive_no_forecast,9.578911128010924,11.465666350194898,21.90972222222222,18079.999641518694,25.852876031742237,26,0.9947722050374815,2.825756944444444
68,severe,mpc,10.468345568098739,12.53029242242123,33.71527777777778,18068.31151562094,35.34470874431459,31,0.9889027079913889,21.2377125
69,severe,static,15.13551862160536,18.116757137982166,34.166666666666664,17913.50399494101,80.13471861164895,0,0.9299083745947835,0.09079444444444446
69,severe,reactive,10.902917331518328,13.050461654393143,26.59722222222222,18044.53805946515,39.24355685322478,111,0.9752008961075347,3.822159722222222
69,severe,predictive,11.085241381641042,13.26869801741884,27.04861111111111,18042.9846742294,40.99691523399022,52,0.9778790535829387,19.897931944444444
69,severe,predictive_no_forecast,10.748917297869532,12.86612828078323,26.28472222222222,18040.924422513974,35.65660365465323,22,0.983435517303011,2.7584430555555555
69,severe,mpc,14.762590757739083,17.670373785778605,39.75694444444444,18001.516005021575,75.78059352431262,31,0.9403303711172215,20.295005555555555
70,severe,static,16.124044060495883,19.299992133017792,46.875,17984.59932104722,91.5020048662378,0,0.908800024080461,0.09112777777777778
70,severe,reactive,11.468278721066106,13.727182105518523,23.40277777777778,18071.953360689982,49.63708998066664,135,0.9438597432996763,4.451905555555555
70,severe,predictive,10.061161503468186,12.0429054359695,18.506944444444446,18080.608283809146,32.13339583490859,60,0.9762913133329375,22.36913888888889
70,severe,predictive_no_forecast,10.674882911878107,12.77751136421772,23.055555555555557,18073.240496089373,39.9469755620353,26,0.9601037638471626,2.8147291666666665
70,severe,mpc,12.451528970953273,14.904102859171331,28.333333333333332,18042.57806624706,56.72491406326729,30,0.9503080690221692,20.287970833333333
71,severe,static,14.902462999679539,17.837796620828538,40.208333333333336,17918.13114140204,77.95614053023479,0,0.9354328992048128,0.09983611111111111
71,severe,reactive,12.802794481221166,15.324557030552599,24.40972222222222,18012.638562882417,58.24427650227613,104,0.9530571342205364,3.6203555555555553
71,severe,predictive,11.917084869962107,14.264389465560695,22.95138888888889,18027.256936926085,48.92081158230547,58,0.961985058455196,20.449150000000003
71,severe,predictive_no_forecast,11.775475546683394,14.094887396787689,18.61111111111111,18019.637797229938,47.38216189173324,24,0.9609836761521545,2.8255666666666666
71,severe,mpc,12.887972202950932,15.426512182320064,29.097222222222225,18001.862358855156,57.91768112615823,30,0.9570434005058004,20.05364583333333
72,severe,static,21.176995161831194,25.348221481585814,72.84722222222221,17951.94709400018,118.90254224547603,0,0.934342461280155,0.08966249999999999
72,severe,reactive,14.304061285101506,17.12152790186393,44.201388888888886,18053.02054389304,62.984957033183846,129,0.9682574483447387,4.008965277777778
72,severe,predictive,11.175153053215999,13.37631956369793,31.38888888888889,18067.758490467575,44.3783167043337,53,0.9650842135482023,19.86255277777778
72,severe,predictive_no_forecast,12.177151505063444,14.575681346969883,23.368055555555557,18058.06794988597,51.000116234363354,26,0.9652385201440877,2.828034722222222
72,severe,mpc,12.867157227603924,15.401597287586517,36.11111111111111,18042.431619958727,63.09143735720523,28,0.9360275617279966,20.013893055555556
73,severe,static,13.478889790617119,16.13382262816294,27.95138888888889,17958.22353150902,68.38330157258093,0,0.9322410845353425,0.09354722222222221
73,severe,reactive,10.931549439778,13.084733420340322,23.09027777777778,18045.39070401136,41.58889040774113,119,0.9647468079817427,4.219036111111111
73,severe,predictive,8.953816238335092,10.717446709522303,15.277777777777779,18067.121860481835,19.31968094222759,53,0.988716520340461,21.049847222222223
73,severe,predictive_no_forecast,9.289882388527346,11.119707707479703,23.020833333333332,18067.5417437905,22.59122899402827,23,0.9927708600356949,2.7512041666666667
73,severe,mpc,10.64319677239893,12.739584015447203,23.09027777777778,18016.11335824339,35.09223231632454,28,0.9700174809278201,19.645787499999997
74,severe,static,15.864639391054208,18.989492604443683,50.59027777777778,17950.009359405154,90.04932805947395,0,0.9215147679068848,0.09411527777777778
74,severe,reactive,10.386026491642658,12.431758982420758,25.3125,18073.897079719092,37.389841736301385,134,0.9742767712365705,4.3241000000000005
74,severe,predictive,9.53667103087078,11.415106233921076,11.284722222222223,18082.306386819007,25.932917169939028,58,0.9946870112749562,21.193933333333334
74,severe,predictive_no_forecast,10.802418303983252,12.930167363858752,31.041666666666668,18062.39461913584,39.29792582013116,27,0.9807164331524136,3.042247222222222
74,severe,mpc,12.089096541245425,14.470282223611978,41.14583333333333,18042.514288318795,52.92980972507118,29,0.9597744753942539,20.0789
75,severe,static,14.079147186867885,16.852312541857017,38.75,17960.1537755843,71.65085229563968,0,0.9423165611572698,0.09192499999999999
75,severe,reactive,11.393937151957127,13.638197500069914,18.4375,18044.328581405116,43.77446593195409,107,0.9715194350541533,3.6624291666666666
75,severe,predictive,9.540354683908122,11.419515454980939,12.430555555555555,18054.571280197313,26.936929520437438,56,0.9739402241855264,19.73513472222222
75,severe,predictive_no_forecast,9.4454810459244,11.305954585273147,8.26388888888889,18054.35900038641,25.921988227137827,25,0.9741749019152631,2.8279694444444443
75,severe,mpc,10.910726847483376,13.059809408351317,21.458333333333332,18022.34832394855,40.502869448317725,32,0.9711899685904706,21.181591666666666
76,severe,static,14.088637585174117,16.86367226104176,34.13194444444444,17906.92561946464,69.1565933659382,0,0.931653038923636,0.09406666666666666
76,severe,reactive,12.694140228688081,15.194501182823599,14.270833333333332,18015.334042184302,51.45819069539949,84,0.9624902225713583,3.288776388888889
76,severe,predictive,10.450343444063497,12.508744425469924,26.458333333333332,18027.859029743842,37.13043209779088,50,0.9644291088838257,20.582256944444445
76,severe,predictive_no_forecast,9.994369939052202,11.962957957350357,13.506944444444443,18038.879808862017,32.36447148549523,24,0.9637421093908612,2.8031819444444444
76,severe,mpc,11.41068669581699,13.658246196508214,16.041666666666668,17992.016125040347,43.91912061600926,31,0.9577454676483492,20.03104861111111
77,severe,static,13.953001725044158,16.701320246643768,41.25,17973.306767140715,70.20407271658884,0,0.944531328336621,0.08985416666666667
77,severe,reactive,14.046128168973011,16.812789778013137,21.07638888888889,18052.387650199646,64.87228222551036,118,0.9594088933778683,3.838947222222222
77,severe,predictive,10.136315757123695,12.132862800193498,20.069444444444446,18076.301063276744,31.337545170297563,61,0.9777688847758925,21.148316666666666
77,severe,predictive_no_forecast,10.718502364389256,12.829722527072006,20.208333333333332,18063.775714845728,39.43130433496883,26,0.9606452280063729,2.8988541666666667
77,severe,mpc,11.067918960089424,13.247963603743402,21.90972222222222,18044.990557701578,43.425363011877806,32,0.9518785079788574,20.440448611111112
78,severe,static,14.629863339050578,17.511503087651427,36.736111111111114,17976.378069760853,78.89670498873109,0,0.927722169818447,0.09251388888888888
78,severe,reactive,11.715090999037734,14.022608923090614,28.4375,18063.02861441367,47.70240149797018,131,0.9738215244176036,4.190980555555556
78,severe,predictive,10.756980099834172,12.875779210407563,22.77777777777778,18071.650901613608,39.22812532889486,54,0.9697539192296601,19.842180555555554
78,severe,predictive_no_forecast,11.164380336498931,13.363424948233583,22.84722222222222,18070.628077196878,43.16204299587402,27,0.9661907098047114,2.861125
78,severe,mpc,13.369116197449959,16.002426963614365,43.78472222222222,18046.908645369727,65.62767533850166,30,0.9513216972185626,20.01062222222222
79,severe,static,13.073332592971441,15.648382952193092,35.97222222222222,17966.129111493978,62.50749739268275,0,0.9460551908080851,0.090375
79,severe,reactive,11.78651440431246,14.108100574858852,18.26388888888889,18018.594495813562,49.88057447504985,105,0.9537869797751082,3.58775
79,severe,predictive,10.629236803298438,12.72287435546329,18.229166666666664,18041.570660695823,37.827928800105965,58,0.9579489671854825,19.691125
79,severe,predictive_no_forecast,10.439613307601459,12.495900777280518,14.51388888888889,18049.365459710898,33.831804006451584,24,0.976228579306002,2.8059569444444445
79,severe,mpc,11.175370227141457,13.376579514305693,18.40277777777778,18014.852545555448,44.436406219481405,30,0.9523491836486642,19.9302625
80,severe,static,15.05121558226426,18.01584895452842,46.59722222222222,17990.085709842104,83.39058935226355,0,0.9264276113071231,0.0895875
80,severe,reactive,10.811438661726973,12.940964458733811,23.368055555555557,18089.125717866835,43.581749685021514,135,0.9460888364338021,4.054523611111112
80,severe,predictive,10.022923620399677,11.99713584866021,21.666666666666668,18092.112804053035,32.31551960636594,64,0.9736984657298725,20.432075
80,severe,predictive_no_forecast,9.859355219485037,11.80134942938361,23.506944444444443,18088.684221788968,30.608418195588552,22,0.9789921134673918,2.741098611111111
80,severe,mpc,11.440834918202134,13.694332705120743,23.541666666666668,18075.52031247946,47.84124293337053,33,0.9524833299128819,19.963715277777776
81,severe,static,15.072158414648094,18.04091689026061,47.43055555555556,17953.95518273025,81.31093413947617,0,0.932213796815166,0.09152222222222223
81,severe,reactive,14.599401717739134,17.47504145002106,26.73611111111111,18028.12935582764,69.94225223968046,117,0.9585369869616435,3.8357097222222225
81,severe,predictive,10.03940025634237,12.016857882591612,12.152777777777777,18058.47638984589,29.136518446348177,53,0.9781140040508937,19.6568875
81,severe,predictive_no_forecast,10.773210468193083,12.895206469503854,12.152777777777777,18047.6406240472,37.93234176798282,29,0.965307326191196,2.9197652777777776
81,severe,mpc,11.849378322049201,14.183346779422537,21.42361111111111,18028.15227042869,50.54190657244078,29,0.9593783101941847,19.783231944444445
82,severe,static,14.053648520091363,16.821791410412366,33.09027777777778,17972.665164213606,70.7324608124755,0,0.931353463626947,0.09032638888888889
82,severe,reactive,10.084279886434357,12.070577439822937,19.131944444444443,18073.846514895078,33.42837325053914,108,0.9744723885556961,3.6664958333333333
82,severe,predictive,8.52639329527983,10.20583439889556,8.368055555555555,18086.84783104412,14.117582293620284,54,0.9962987474844583,20.69589583333333
82,severe,predictive_no_forecast,9.22642310025628,11.043748862427972,18.88888888888889,18070.485770757106,23.222786733467345,24,0.9861322702525197,2.9106930555555555
82,severe,mpc,10.64892476467982,12.74644024863192,18.854166666666668,18054.172688680886,39.02845708078947,30,0.9565325026112124,20.455163888888887
83,severe,static,16.030518361933574,19.188044705950777,49.0625,17953.27603907335,81.09068581938637,0,0.9453777167536973,0.0889763888888889
83,severe,reactive,11.929552785189141,14.279313182271851,20.65972222222222,18055.814242748234,48.071099713873124,114,0.96499681333455,3.8543541666666665
83,severe,predictive,10.70493721996829,12.813485460265095,19.6875,18066.20224199851,34.790589149447506,54,0.9779816113985665,20.313095833333332
83,severe,predictive_no_forecast,10.516744104360468,12.588224003704202,20.65972222222222,18067.486376477806,31.819321960806377,23,0.9859078558722413,3.12085
83,severe,mpc,12.208011073859558,14.6126193156804,35.27777777777778,18050.26006937298,44.88441354852152,29,0.9802004013001675,20.210587500000003
84,severe,static,14.900559264364933,17.835517907345917,41.66666666666667,17953.130543946125,79.42570065517559,0,0.9176362506081905,0.08996666666666667
84,severe,reactive,11.89565838441611,14.23874261164961,32.74305555555556,18058.52011973312,50.84649698579732,125,0.9562437576117816,3.8786930555555554
84,severe,predictive,9.941264811374488,11.899392728766427,16.631944444444443,18077.91508436576,30.556429932669776,62,0.9785975547764377,19.4498375
84,severe,predictive_no_forecast,10.409372465969092,12.459703406235725,27.673611111111114,18071.456454568783,33.11581604205233,25,0.9886015928822671,2.7690569444444444
84,severe,mpc,12.196879936785336,14.599295681909702,33.611111111111114,18043.962695512666,53.88522558052536,32,0.95596953454843,20.048736111111108
85,severe,static,16.044762023779757,19.20509393755457,37.5,17976.96695192821,87.05218693204101,0,0.9213845557843748,0.11655555555555555
85,severe,reactive,11.393587753312325,13.637779280479906,20.65972222222222,18090.836864971316,45.64432867697172,119,0.9604518827536134,4.093683333333334
85,severe,predictive,11.383678775317712,13.625918534092397,19.34027777777778,18092.91420236879,40.96059097419024,56,0.9737806269829805,21.22361527777778
85,severe,predictive_no_forecast,12.061167434689423,14.436851929400962,19.20138888888889,18084.83719210059,48.046051143490864,24,0.9583185226477179,2.8040625
85,severe,mpc,13.76207316919522,16.472784551006406,26.38888888888889,18067.18987593752,61.119321357698,27,0.9550942012862177,20.160370833333335
86,severe,static,15.480735652586255,18.529971462944147,55.69444444444444,17985.343579728167,87.86828012472732,0,0.9286749897333828,0.09708194444444444
86,severe,reactive,10.642966244880142,12.739308080992917,22.36111111111111,18081.368433637967,39.0497491352585,128,0.9709093007230813,4.114387499999999
86,severe,predictive,9.79632524915352,11.725904464895876,22.22222222222222,18085.354407351228,29.851634108516606,58,0.9812855096809825,20.12275138888889
86,severe,predictive_no_forecast,10.603670895565942,12.692272738631967,20.416666666666668,18078.694781001766,38.29162229585308,22,0.9723753584852797,2.7917930555555555
86,severe,mpc,12.560611933021109,15.034671859222236,43.15972222222222,18056.788857898497,60.19166894840038,35,0.9456307747767447,20.35980972222222
87,severe,static,13.9764328805943,16.72936662980228,38.57638888888889,17992.590126250332,72.5187815622463,0,0.9382848534049328,0.09172222222222223
87,severe,reactive,10.82544461808418,12.957729164070457,22.1875,18073.89405238275,42.02199602069943,128,0.9631676446826227,4.166895833333333
87,severe,predictive,11.106592372275042,13.294254506208002,22.15277777777778,18069.61413553473,45.52572810093945,55,0.9428272425846389,20.100225
87,severe,predictive_no_forecast,10.081490358228278,12.06723845909143,22.15277777777778,18079.039322203647,31.856316699441717,25,0.9814130472226258,2.8492569444444444
87,severe,mpc,10.426614496672876,12.480341594502372,22.118055555555554,18075.01726928978,35.617009080969176,30,0.9755024358171912,20.280141666666665
88,severe,static,16.514371446141105,19.767202185532526,56.18055555555556,17974.281341932612,92.00450116029153,0,0.9312811313180563,0.09456805555555556
88,severe,reactive,11.5152454147178,13.783399814586467,22.77777777777778,18068.839617144815,45.28323032586505,131,0.9689569438387999,4.060218055555556
88,severe,predictive,10.714656855113288,12.82511956899925,15.0,18070.639378098414,33.87331219658244,58,0.9899514344544085,20.061341666666667
88,severe,predictive_no_forecast,11.841416909744256,14.17381721014841,20.381944444444443,18058.48705136591,47.13510310316644,29,0.9675196101249428,2.876698611111111
88,severe,mpc,12.82213173024709,15.347703131659419,19.131944444444443,18045.32001751432,54.48231861924681,34,0.9640632345669856,20.048134722222223
89,severe,static,12.827065616627147,15.35360884414459,26.73611111111111,17968.686138517212,58.68986732762099,0,0.9503457166319933,0.08797777777777778
89,severe,reactive,10.849035406953378,12.985966623474495,13.993055555555555,18065.417778018338,39.52232659631207,83,0.9721358754394517,3.3425694444444445
89,severe,predictive,8.971700775962004,10.738853959106041,5.659722222222222,18068.167354259367,17.525161472686506,56,0.9936809728517132,21.53524861111111
89,severe,predictive_no_forecast,9.057058624538552,10.8410247172507,12.5,18069.997351703103,20.862642524973094,25,0.9863715474762705,2.8813472222222223
89,severe,mpc,10.18411390094932,12.19007572992419,15.555555555555555,18055.5178909199,31.016434197555505,32,0.9798794050936629,20.046531944444443
90,severe,static,15.08632354664829,18.057872124018413,38.229166666666664,17899.909295137455,74.99438448858835,0,0.9465506743907898,0.09270277777777779
90,severe,reactive,14.214469667163472,17.014289450089617,32.673611111111114,17998.10708540327,63.45789162442376,75,0.9595891363945334,3.1206
90,severe,predictive,11.316168059602798,13.545110253160919,18.61111111111111,18013.959668118285,40.65781784146816,47,0.9674364612194503,20.244701388888892
90,severe,predictive_no_forecast,11.945490824145633,14.298390531931894,21.84027777777778,18005.76038154166,46.270892590552506,20,0.9639508270501828,2.9000666666666666
90,severe,mpc,12.25326949835717,14.666792278336613,21.979166666666668,17983.063417089903,50.07247990173183,23,0.9588993594310751,20.196770833333332
91,severe,static,14.725135318308809,17.625540759793886,42.77777777777778,17963.586939044195,78.60114883144607,0,0.9324271019622232,0.08906805555555555
91,severe,reactive,11.354992693792413,13.591582163781851,18.125,18046.288793527987,48.343217203059126,105,0.9445730714959497,3.4948375
91,severe,predictive,11.575622233300738,13.855669036829694,18.40277777777778,18055.623165389043,48.35081653556985,62,0.9456503985455081,19.557418055555555
91,severe,predictive_no_forecast,10.573823571809399,12.656546396559747,18.055555555555554,18048.561238055674,39.63646000592825,27,0.9453824008610575,2.7727458333333335
91,severe,mpc,11.292054378048299,13.516246907057806,18.055555555555554,18042.958618746754,45.52731925490705,31,0.945257192244208,19.46008611111111
92,severe,static,15.489079719235868,18.53995905787324,57.986111111111114,17966.983484573313,87.8516850222129,0,0.9313874753130691,0.08910972222222222
92,severe,reactive,11.018379145287355,13.188665946631826,21.59722222222222,18057.218480038675,45.93625957146605,124,0.9424677619383163,3.8430763888888886
92,severe,predictive,11.081161705448912,13.263814768643401,18.29861111111111,18072.864973525626,44.10662437568652,54,0.9513054824543679,19.524654166666668
92,severe,predictive_no_forecast,10.952731720582909,13.11008796857652,18.506944444444446,18070.929775297576,42.77309254011694,24,0.9522620303789665,2.783023611111111
92,severe,mpc,13.277510835996777,15.892778121874933,36.80555555555556,18039.955833734766,64.9636383789107,29,0.9449294371914393,19.857648611111113
93,severe,static,14.9858895545195,17.93765567889456,32.29166666666667,17956.98925992333,74.9703665152402,0,0.9286949484056157,0.09019583333333334
93,severe,reactive,12.421859521100146,14.868589426771392,33.29861111111111,18028.458170644666,51.288450814512096,89,0.9692517168604355,3.3315875
93,severe,predictive,11.727825428675716,14.037851649475483,16.21527777777778,18031.343547588996,44.627314180562394,54,0.9634829069913828,19.903306944444445
93,severe,predictive_no_forecast,11.47503157699699,13.735265069435771,15.069444444444443,18030.568990678108,41.13686580582241,25,0.972923996400705,2.7993944444444447
93,severe,mpc,12.781697614447893,15.29930472032398,28.40277777777778,18009.498355430496,56.410208769210335,28,0.9565904105833086,19.88625972222222
94,severe,static,11.910022511911595,14.255936036985078,27.22222222222222,17975.209982372173,51.51439651934746,0,0.9525906613801586,0.09000833333333334
94,severe,reactive,10.485517593271858,12.550846816189026,20.9375,18060.9487636132,35.97486975077213,92,0.9731523005636245,3.347534722222222
94,severe,predictive,9.5479381798848,11.428592669862114,13.506944444444443,18066.48517210754,26.37740756755482,58,0.9805213162656758,19.792591666666667
94,severe,predictive_no_forecast,9.497370570585366,11.368064773882477,12.777777777777777,18067.08703155278,25.37026739954327,25,0.9849344826409936,2.810334722222222
94,severe,mpc,10.987482718478457,13.151683859996956,26.770833333333332,18050.57854650103,38.9138269834803,31,0.9759446736780717,19.905618055555554
95,severe,static,17.72487656975667,21.216140136526906,53.888888888888886,17951.17458605367,99.48881588899383,0,0.9171704543483934,0.0894486111111111
95,severe,reactive,11.085795358654291,13.2693611111165,18.92361111111111,18070.44829510614,42.431416469608976,110,0.9688903939776302,3.6124
95,severe,predictive,10.205118444980242,12.215217532627864,18.819444444444443,18073.50240515602,35.2892586666243,63,0.9594951632462125,19.47597638888889
95,severe,predictive_no_forecast,10.58301164497069,12.667544241707349,18.78472222222222,18066.831801378994,38.49371376098675,27,0.9589041077023626,2.7830500000000002
95,severe,mpc,10.95108206020496,13.108113375093803,18.958333333333332,18043.730636195167,43.426537809556585,33,0.9478534186044351,19.538005555555557
96,severe,static,16.649523078835166,19.928974594363293,48.78472222222222,17935.098394963643,95.2927847494654,0,0.9156790355361406,0.0890736111111111
96,severe,reactive,12.469311204439855,14.925387653799213,21.006944444444446,18033.193454348464,58.44806544903299,120,0.941800387875632,3.791891666666667
96,severe,predictive,12.554069265844001,15.026840484873896,21.041666666666668,18027.084380021985,58.36999492636116,58,0.9345607085313616,19.44948888888889
96,severe,predictive_no_forecast,12.821717480954023,15.347207287808589,21.354166666666664,18015.32311345569,61.5082634521575,23,0.9341540732639879,2.759440277777778
96,severe,mpc,14.845792500071553,17.769963750085648,36.736111111111114,17989.301601671985,76.82632303140723,28,0.9324655857552051,19.44261111111111
97,severe,static,14.57223902543313,17.442528530442697,45.86805555555556,17978.106273556237,72.65168945673096,0,0.9433128685393893,0.08893055555555555
97,severe,reactive,11.70200864672283,14.00694974380458,23.229166666666668,18051.478792733422,42.22684199737026,71,0.9824732777381663,2.967990277777778
97,severe,predictive,8.212198697327842,9.829752986195443,11.180555555555555,18082.877240258113,12.304198927400666,58,0.9933516914147251,19.479269444444444
97,severe,predictive_no_forecast,8.492076422093277,10.1647581415965,9.375,18082.989370348958,13.998870497967424,24,0.9962618364850445,2.7939333333333334
97,severe,mpc,9.140762631916457,10.941215877596957,14.444444444444443,18070.220617833023,20.779350832342168,29,0.9882646877780668,19.515972222222224
98,severe,static,12.718509041497798,15.223669913307951,24.930555555555557,18021.211125004163,61.02928932950496,0,0.9442246890012831,0.089125
98,severe,reactive,10.983047190440471,13.14637466734542,18.645833333333332,18107.070775209384,39.59687141706732,106,0.9749232853127631,3.582813888888889
98,severe,predictive,8.96853783239864,10.735068011507444,14.444444444444443,18116.89094351715,20.765842511113796,60,0.9873662666056175,19.460126388888888
98,severe,predictive_no_forecast,9.022649758107683,10.79983834682587,18.26388888888889,18118.159177459263,21.208479691314423,23,0.9865022261442411,2.734266666666667
98,severe,mpc,10.63511657487755,12.729912263868593,18.4375,18087.402689460363,38.73161165510155,33,0.9613828305530174,20.041843055555557
99,severe,static,16.76839750421911,20.071263679292574,43.78472222222222,17944.43986136813,82.14810670376795,0,0.9366850286170946,0.08852222222222222
99,severe,reactive,11.034523795440002,13.20799060363274,18.854166666666668,18054.36181904118,41.91393407988313,110,0.9617038762784714,3.674351388888889
99,severe,predictive,10.020558915254204,11.994305368258816,12.63888888888889,18061.345269472193,30.52901879888236,62,0.9700297497823136,20.225055555555556
99,severe,predictive_no_forecast,11.100108689204054,13.286493734047266,12.5,18051.620998014674,39.08433313578641,29,0.9613608066915137,2.9001111111111113
99,severe,mpc,11.717816551766916,14.025871327114958,12.743055555555555,18035.81190230012,44.97417367170609,33,0.960978794972857,19.977976388888887
0,transfer_vmware,static,10.294440663793914,12.322133521813935,16.805555555555557,18475.07797223104,37.11727826616876,0,0.9463632047541969,0.08940833333333333
0,transfer_vmware,reactive,8.701557040078484,10.415500093427278,16.805555555555557,18545.35065806508,17.02783067213995,97,0.995086493454155,3.4669611111111114
0,transfer_vmware,predictive,8.075737167817113,9.66641267056896,0.1388888888888889,18550.98005829987,8.332442627965978,52,0.9999987286323893,19.738647222222223
0,transfer_vmware,predictive_no_forecast,8.002511227705089,9.578763439222762,0.1736111111111111,18550.551804636,7.928752939494924,15,0.99999634653996,2.622551388888889
0,transfer_vmware,mpc,8.698922461154218,10.412346582290654,0.20833333333333334,18545.64114342661,13.163976249054784,25,0.9999803387586792,20.331934722222222
1,transfer_vmware,static,10.677120049129579,12.780189149715719,21.354166666666664,18459.471809317827,38.76222563374436,0,0.9536565972332355,0.09014027777777778
1,transfer_vmware,reactive,8.295870034297716,9.929905041053333,13.88888888888889,18559.883712909115,13.682425040492861,80,0.9922129560185412,3.2012722222222223
1,transfer_vmware,predictive,7.342535739396315,8.788792778974367,0.0,18570.41109162811,1.4867198100923997,46,1.0,19.78922083333333
1,transfer_vmware,predictive_no_forecast,7.472414495214739,8.944253713969164,0.0,18567.29100357747,3.0071096673250666,17,1.0,2.9570847222222225
1,transfer_vmware,mpc,8.153177404605277,9.75910628733056,5.625,18552.43540674159,10.517377409022437,28,0.9940366694557219,19.832106944444444
2,transfer_vmware,static,11.103040383741291,13.290002883569109,22.5,18477.196666739044,45.93986647408637,0,0.9402190168872355,0.08750277777777778
2,transfer_vmware,reactive,9.068812432427215,10.855093669117425,22.5,18540.97264938964,22.62076654650982,130,0.987717077141776,3.976648611111111
2,transfer_vmware,predictive,7.489306871002916,8.964473375897427,0.0,18552.55052005591,2.6789209351595686,51,1.0,19.65563611111111
2,transfer_vmware,predictive_no_forecast,7.8650549213659815,9.41423240587747,0.0,18550.389848928135,6.737742504388017,18,1.0,2.682
2,transfer_vmware,mpc,8.244885781038557,9.868878434879466,10.243055555555555,18546.08674919162,11.035893241281947,27,0.9994920315148121,19.8292125
3,transfer_vmware,static,10.520146172918944,12.592296176675715,18.47222222222222,18506.703052590037,39.87226966893889,0,0.9421810765481594,0.08904305555555556
3,transfer_vmware,reactive,8.588967333943149,10.28073362699255,18.47222222222222,18570.009664979072,17.1453108171748,106,0.9916612132623575,4.173611111111112
3,transfer_vmware,predictive,7.7011823471119785,9.218081900331011,9.23611111111111,18574.215540843594,5.9910624574472475,52,0.9996925922041929,20.856795833333333
3,transfer_vmware,predictive_no_forecast,7.781870983703836,9.314663753221264,0.06944444444444445,18578.27237661446,6.226963582031814,19,0.9999999257720974,2.7744791666666666
3,transfer_vmware,mpc,8.092401462906727,9.686359326812589,0.4861111111111111,18573.578386035842,9.318842363313918,29,0.999956358057651,25.07963472222222
4,transfer_vmware,static,11.471093871841306,13.73055175568884,22.95138888888889,18505.34357890056,50.533698809449156,0,0.9282036672538131,0.12456666666666666
4,transfer_vmware,reactive,8.947332228565527,10.709685546313294,22.95138888888889,18569.646070198025,21.28417955408445,132,0.989649408680759,4.066258333333333
4,transfer_vmware,predictive,7.205294732866999,8.624519452977173,0.0,18580.21579693065,0.0,50,1.0,19.4682125
4,transfer_vmware,predictive_no_forecast,7.92719241091547,9.488609097913978,0.3819444444444444,18576.038953221883,8.031972334393307,14,0.9999929146299179,2.6190333333333333
4,transfer_vmware,mpc,7.695477232768021,9.211253051343553,0.0,18577.108704095346,5.429078429703704,29,1.0,19.9119875
5,transfer_vmware,static,11.127215636812423,13.318939928911838,13.88888888888889,18507.30145823864,37.54860383223777,0,0.9609466738642346,0.09110694444444445
5,transfer_vmware,reactive,10.729580163379191,12.842982316772044,3.2638888888888893,18564.870287140675,26.957028344123703,25,0.9998727135842996,2.2849611111111114
5,transfer_vmware,predictive,7.308304899129132,8.747819500472742,0.0,18590.153931004403,1.1033947128939317,50,1.0,21.731430555555555
5,transfer_vmware,predictive_no_forecast,7.6808278185345635,9.193718146427726,0.0,18587.67776041208,5.0065042490599,19,1.0,3.0673819444444446
5,transfer_vmware,mpc,8.22757826628771,9.84816186419287,1.4583333333333333,18579.072196151526,10.63562817799395,29,0.9999508232297825,23.454443055555554
6,transfer_vmware,static,14.247067976529749,17.053308638573462,51.84027777777778,18498.857153937384,76.53924580246928,0,0.9302357158473017,0.0911125
6,transfer_vmware,reactive,9.629519617933408,11.526243179041499,22.15277777777778,18573.84870362393,27.10715705411042,129,0.9941606284706931,4.495973611111111
6,transfer_vmware,predictive,7.804657794500964,9.341938875236009,0.0,18584.615038069715,6.5227987363260596,56,1.0,24.525786111111113
6,transfer_vmware,predictive_no_forecast,8.524746408900654,10.203863125805341,1.7708333333333333,18578.01099288172,13.764705849517496,15,0.9999660712379517,2.9096763888888892
6,transfer_vmware,mpc,9.272069875692953,11.098386669390056,16.90972222222222,18573.07094052595,21.855543246969848,29,0.9995942319642553,20.615291666666668
7,transfer_vmware,static,13.146789485011942,15.73630862599917,28.40277777777778,18451.93481562279,61.398099087150825,0,0.9254300326501596,0.09439861111111111
7,transfer_vmware,reactive,10.396355926980013,12.444123003506391,16.458333333333332,18532.65541385987,29.772324339646335,94,0.9919237372572256,3.6515583333333335
7,transfer_vmware,predictive,8.623475196906801,10.322038493267238,0.3472222222222222,18545.35662860083,12.869953411570537,51,0.9999971804846025,22.37546111111111
7,transfer_vmware,predictive_no_forecast,9.458610884025575,11.321670603606368,12.152777777777777,18537.586700641412,19.692179251516755,22,0.9920072248527844,3.1887305555555554
7,transfer_vmware,mpc,9.765660566579196,11.689199769087232,12.569444444444445,18533.80651629603,22.86724649076447,30,0.9953599714910556,22.80873888888889
8,transfer_vmware,static,12.682464853555047,15.180526112588609,38.54166666666667,18467.087881968324,57.76878715082151,0,0.9431541323561984,0.09720138888888888
8,transfer_vmware,reactive,10.753950429494791,12.872152786819537,10.590277777777777,18538.233298477317,29.4243721816848,71,0.9997565282802703,3.157113888888889
8,transfer_vmware,predictive,7.595968928416549,9.092144626437996,0.0,18561.154275444682,3.8057900194057606,61,1.0,22.547452777777778
8,transfer_vmware,predictive_no_forecast,8.26991988854287,9.898843502952825,0.10416666666666667,18556.646842392183,10.152327053686609,18,0.9999995099379271,3.122526388888889
8,transfer_vmware,mpc,8.524765662737122,10.203886172064143,12.395833333333334,18551.826412002443,14.117519075582555,32,0.9978862421082654,21.4243125
9,transfer_vmware,static,11.109790410722079,13.298082461318874,24.20138888888889,18480.598509658954,46.09306148832482,0,0.9393475235694859,0.09768888888888888
9,transfer_vmware,reactive,9.449326081114505,11.310556975879493,22.01388888888889,18557.40602403242,27.15318115011597,126,0.976528822659301,4.0713791666666665
9,transfer_vmware,predictive,8.41198958356124,10.068896622747552,10.48611111111111,18565.004103861385,14.203892153643576,52,0.9865071547696754,21.88236527777778
9,transfer_vmware,predictive_no_forecast,8.756811338179592,10.481637813881628,10.659722222222221,18560.926154920497,18.03807768425725,17,0.9852993338409478,3.0159069444444446
9,transfer_vmware,mpc,9.065355917536108,10.850956325535638,12.812499999999998,18545.64909946156,21.695543071548077,29,0.9770989036528752,20.907420833333333
10,transfer_vmware,static,11.276471074727398,13.497594165203987,30.97222222222222,18464.40588702163,45.80666608611582,0,0.9498268759623215,0.0929625
10,transfer_vmware,reactive,10.435739286590623,12.491263691525129,4.6875,18518.09989163381,27.22826825402844,32,0.9998799045146568,2.4012708333333337
10,transfer_vmware,predictive,7.299740607661467,8.737568303109953,0.0,18544.971039203832,1.0889405185967507,52,1.0,19.818272222222223
10,transfer_vmware,predictive_no_forecast,7.549330517539942,9.036319861903863,0.10416666666666667,18540.50780469488,3.848528501662564,15,0.9999997632414388,2.6477013888888887
10,transfer_vmware,mpc,7.9093384505533155,9.467238448389574,0.24305555555555555,18536.202254463587,7.620385891848858,27,0.9999827575126653,20.136081944444445
11,transfer_vmware,static,11.617530209883315,13.90583161486035,22.04861111111111,18509.217136848794,51.4498134973029,0,0.930018015088847,0.09009166666666667
11,transfer_vmware,reactive,9.017532740826804,10.79371343220178,22.04861111111111,18571.938556519402,21.14022041476541,127,0.991945705295565,3.9405444444444444
11,transfer_vmware,predictive,7.733687876011605,9.256990033407826,0.0,18580.91570130711,5.591151292021638,48,1.0,19.63211527777778
11,transfer_vmware,predictive_no_forecast,8.365717966563109,10.013510899371001,0.7291666666666666,18575.875510984035,12.657401134512499,18,0.9999681957271963,2.6917277777777775
11,transfer_vmware,mpc,8.146909352452827,9.751603618845044,0.20833333333333334,18575.222838106532,9.27536886089109,28,0.9999947410376879,19.773568055555554
12,transfer_vmware,static,10.555296410106413,12.634369945430404,19.583333333333332,18514.644760211755,39.590844765039535,0,0.9475364753694371,0.09037361111111111
12,transfer_vmware,reactive,10.471495750599015,12.534063095413952,9.166666666666666,18552.922816102644,27.70270021087812,60,0.9980003009550976,2.8741680555555553
12,transfer_vmware,predictive,7.499310262981362,8.976447132962534,0.0,18576.94188575444,3.348169324566633,52,1.0,21.176383333333334
12,transfer_vmware,predictive_no_forecast,7.676323399315266,9.188326493119778,4.930555555555555,18572.259836981255,5.531410909683602,20,0.9998925430864407,2.739715277777778
12,transfer_vmware,mpc,7.727623036256599,9.249730604004112,5.763888888888889,18570.33949750551,5.778603827309329,27,0.999311894534669,21.931265277777776
13,transfer_vmware,static,10.474442589522196,12.53759037230683,19.618055555555554,18503.7454851566,39.35847031456492,0,0.944187544246927,0.09741666666666667
13,transfer_vmware,reactive,8.487990321904682,10.159867203491958,19.618055555555554,18572.547603805626,15.861459864728443,113,0.9956033156763359,4.022233333333333
13,transfer_vmware,predictive,7.61726667073209,9.117637378603563,0.034722222222222224,18580.658470088238,5.030851709161047,55,0.9999999631197097,21.836570833333337
13,transfer_vmware,predictive_no_forecast,7.971988331679657,9.542228457616543,0.6597222222222222,18577.126465804977,8.872033125622961,20,0.9999647348549693,2.8624055555555556
13,transfer_vmware,mpc,7.987884580768372,9.56125578607123,1.0416666666666665,18575.89537367816,8.731619476826685,31,0.9999600418546316,22.227843055555557
14,transfer_vmware,static,12.804006002771805,15.326007185135955,25.590277777777775,18476.30755835069,55.23346376570599,0,0.9468041382120973,0.10022361111111111
14,transfer_vmware,reactive,9.134965484880732,10.934276868266348,21.666666666666668,18558.346039024975,20.848479536826783,125,0.9953962316125243,4.492244444444444
14,transfer_vmware,predictive,7.930375319881615,9.492418943494664,2.638888888888889,18566.520760322328,8.248139089802724,58,0.9999087020921678,21.664193055555554
14,transfer_vmware,predictive_no_forecast,8.11559472292868,9.714120956232811,0.8333333333333334,18563.879506194484,9.186666514903477,21,0.9999233268616116,2.7267944444444443
14,transfer_vmware,mpc,10.130561962200614,12.125975682028027,23.020833333333332,18547.627566159787,23.60228635110821,31,0.9961571144093007,21.620945833333334
15,transfer_vmware,static,10.800337290830194,12.927676454175538,20.0,18506.091425903403,42.442940467292686,0,0.9426501942654697,0.09614722222222223
15,transfer_vmware,reactive,9.543644199691192,11.423452905690981,2.8819444444444446,18550.895289782926,20.253940724396465,22,0.9999254069654782,2.414861111111111
15,transfer_vmware,predictive,7.46490211438639,8.935261621765523,0.0,18575.24029332747,2.901912919364765,51,1.0,23.18856111111111
15,transfer_vmware,predictive_no_forecast,7.694859712492975,9.210513898287033,0.0,18573.992375983664,5.624040200413267,19,1.0,3.0717777777777777
15,transfer_vmware,mpc,8.696814712254762,10.409823670729187,7.847222222222222,18560.301050958682,16.823237492645696,28,0.9974858587330656,21.851015277777776
16,transfer_vmware,static,11.288562647625373,13.512067411551579,21.70138888888889,18482.0525421308,48.195352709370255,0,0.9328426963900079,0.09535972222222222
16,transfer_vmware,reactive,9.213910978507915,11.028772231850398,11.527777777777779,18537.638283976794,19.212465296920453,69,0.9990180420907487,3.1905763888888887
16,transfer_vmware,predictive,7.190138236679031,8.606377586327936,0.0,18563.274002606027,0.06743823870443345,52,1.0,20.06444722222222
16,transfer_vmware,predictive_no_forecast,7.810143497385073,9.348505095354849,0.798611111111111,18556.17081153104,7.321256261429626,18,0.9999151388283098,2.6949055555555557
16,transfer_vmware,mpc,7.770303057821446,9.300817296483231,0.3472222222222222,18555.162406527823,6.42729028723955,28,0.9999846022569155,19.788425
17,transfer_vmware,static,10.17265255454899,12.176356845596512,20.208333333333332,18497.671905566018,35.129409338685996,0,0.9576055531121497,0.08874444444444445
17,transfer_vmware,reactive,8.880180600750002,10.629307082715924,14.444444444444443,18560.332802530025,20.252652435867358,87,0.9861614839066543,3.2823805555555556
17,transfer_vmware,predictive,8.232052922499793,9.85351789208309,10.243055555555555,18565.09460051893,11.700546324839555,45,0.9957963622894183,19.87633333333333
17,transfer_vmware,predictive_no_forecast,8.21991487828049,9.838989020972106,10.243055555555555,18565.006171266974,11.960976249646231,17,0.9961540197410306,2.694513888888889
17,transfer_vmware,mpc,8.763009723512097,10.489057093294774,10.277777777777777,18560.15114025131,17.671312994577452,27,0.9867677794007591,19.924487499999998
18,transfer_vmware,static,12.930792199367877,15.47776642045549,22.5,18481.750754806533,57.43141344768552,0,0.9314401639605907,0.0904375
18,transfer_vmware,reactive,8.71745277946815,10.43452681178764,19.270833333333336,18560.75009070498,18.096657589950716,111,0.9953647250178771,3.707981944444444
18,transfer_vmware,predictive,7.379442059196524,8.832968525401888,0.0,18567.76068690862,1.9819014066017056,56,1.0,19.863848611111113
18,transfer_vmware,predictive_no_forecast,8.648216148525236,10.351652662628686,18.229166666666664,18557.55932363557,16.66337932996316,19,0.9949792744293382,2.736616666666667
18,transfer_vmware,mpc,8.692751286796291,10.404959873589494,17.98611111111111,18556.29648072761,16.63911475375279,29,0.9968438261457826,19.979516666666665
19,transfer_vmware,static,11.146833714945403,13.34242217394978,21.319444444444443,18502.756549169968,46.26701765120805,0,0.9376303516784964,0.09003333333333333
19,transfer_vmware,reactive,8.340394530225645,9.983199513451913,15.590277777777779,18564.984310715492,13.759072753218794,95,0.9989270523595912,3.4145833333333333
19,transfer_vmware,predictive,7.6403450205769206,9.145261464023893,0.0,18569.597226178583,4.978575620678588,54,1.0,22.31891388888889
19,transfer_vmware,predictive_no_forecast,7.696648791785438,9.212655371985598,0.0,18569.404596486478,5.419988000865355,17,1.0,3.35475
19,transfer_vmware,mpc,8.512928720664393,10.1897177110983,5.104166666666667,18561.873476308167,14.969716463530078,29,0.9998717772225667,23.08867638888889
20,transfer_vmware,static,10.993549040984817,13.158945064209092,18.020833333333332,18450.08564372448,42.37703362733809,0,0.9514022670381641,0.09132083333333334
20,transfer_vmware,reactive,8.675357401259351,10.384139919689225,16.145833333333336,18522.842161501172,17.680491401038164,93,0.9903623391305869,3.483633333333333
20,transfer_vmware,predictive,7.350610787525014,8.798458366885999,0.0,18534.288948100984,1.7284656676277286,53,1.0,20.17998611111111
20,transfer_vmware,predictive_no_forecast,7.523878119634994,9.005854112896435,0.0,18531.956909802306,3.586492102036776,18,1.0,2.6889972222222225
20,transfer_vmware,mpc,8.603726911724168,10.298400394336499,11.42361111111111,18518.476880201255,15.924212721301375,28,0.9923292751622409,20.90747777777778
21,transfer_vmware,static,11.539789676620144,13.812778552318047,23.75,18522.720688157922,50.592224806901534,0,0.931885046163313,0.09198055555555555
21,transfer_vmware,reactive,9.124091200171137,10.921260678992713,23.541666666666668,18583.845233338725,22.82658480380727,136,0.992979959185626,4.377969444444445
21,transfer_vmware,predictive,7.39421147078076,8.850647063510308,0.0,18595.760647790834,2.0111483797039553,49,1.0,20.23719861111111
21,transfer_vmware,predictive_no_forecast,8.226738152571397,9.84715627353242,3.1597222222222223,18589.563498855674,11.766166173187312,21,0.9999049715298944,2.8414597222222224
21,transfer_vmware,mpc,8.386670009806092,10.03858986022244,7.604166666666666,18581.899032072793,12.260357134285503,26,0.9996247611361208,19.372408333333333
22,transfer_vmware,static,11.166023802526608,13.365392127266706,16.770833333333332,18510.003132122376,42.48296574077343,0,0.945226796042652,0.0882861111111111
22,transfer_vmware,reactive,8.435766946756596,10.097357405966243,16.770833333333332,18571.55366017292,15.040561305564003,97,0.9943593567780175,3.4369722222222223
22,transfer_vmware,predictive,7.242729244417246,8.669327428923655,0.0,18583.045166914926,0.34458242839593184,46,1.0,19.288295833333333
22,transfer_vmware,predictive_no_forecast,7.877613207346777,9.429264293642348,2.7083333333333335,18574.020775319404,7.797537427069023,14,0.9999112378204463,2.586923611111111
22,transfer_vmware,mpc,8.05447008116467,9.640956612303164,8.194444444444445,18569.712466602705,9.680176072189456,28,0.9990395694260171,19.840706944444445
23,transfer_vmware,static,11.487751708525126,13.750490681416444,30.729166666666668,18481.06663183409,49.427589042049355,0,0.9448962228075412,0.09045138888888889
23,transfer_vmware,reactive,9.158165712444838,10.962046837623364,12.777777777777777,18556.920140555794,21.42562300183084,78,0.9956108006859621,3.1256458333333335
23,transfer_vmware,predictive,7.677882392308321,9.190192560490265,0.06944444444444445,18569.800937464777,4.926311291289023,49,0.9999999447829865,19.740768055555556
23,transfer_vmware,predictive_no_forecast,7.699988107590749,9.216652431813156,0.0,18571.612477310682,5.243970869956614,15,1.0,2.7924694444444444
23,transfer_vmware,mpc,8.010507352162263,9.588334557891178,0.10416666666666667,18567.00662512596,8.807791731568368,22,0.9999987289175551,23.505625
24,transfer_vmware,static,9.790836415993784,11.719334497931952,11.979166666666668,18487.677868127885,30.189703167790437,0,0.9597247785872683,0.09235694444444445
24,transfer_vmware,reactive,8.801215619337556,10.534788392843446,11.979166666666668,18572.331637379822,18.377153129975763,69,0.986265958129903,3.0571305555555557
24,transfer_vmware,predictive,7.511681245189706,8.991254823787683,0.10416666666666667,18585.5885740169,3.336147646229267,56,0.9999987795082356,19.8925625
24,transfer_vmware,predictive_no_forecast,7.527116445379478,9.009730290681484,0.06944444444444445,18586.019451787186,3.712959212702971,21,0.9999998264362514,2.7127833333333333
24,transfer_vmware,mpc,7.899940469901851,9.455989350337058,9.479166666666666,18579.115596647214,7.725707657609087,33,0.9989368900760435,20.682484722222224
25,transfer_vmware,static,10.476948214481604,12.540589529455248,20.90277777777778,18533.304635849738,38.79421831272973,0,0.9494719738305021,0.09123611111111112
25,transfer_vmware,reactive,10.810139576860434,12.939409493514763,2.7777777777777777,18576.418203259123,29.560156921742255,31,0.999946355961196,2.2961930555555554
25,transfer_vmware,predictive,7.2982902166580805,8.735832229030136,0.0,18599.02185402173,1.1045293900207942,55,1.0,19.837530555555556
25,transfer_vmware,predictive_no_forecast,7.308745575467932,8.74834697669646,0.0,18600.062687489455,0.5136974280086105,23,1.0,2.7301555555555557
25,transfer_vmware,mpc,7.783336568312582,9.316418013586276,0.45138888888888884,18593.052021489682,6.287227623635666,33,0.9999707318397355,19.733980555555554
26,transfer_vmware,static,9.547675015191784,11.428277669699243,20.416666666666668,18515.551209316727,28.385212798987798,0,0.9675979130315517,0.08805416666666666
26,transfer_vmware,reactive,8.411039539273228,10.067759448524,6.388888888888888,18566.39605547544,13.716294193234669,45,0.9993854668842469,2.5109861111111114
26,transfer_vmware,predictive,7.474327578251713,8.946543616392205,0.1388888888888889,18576.870376220526,2.7175718464825773,44,0.9999935749541378,19.471255555555555
26,transfer_vmware,predictive_no_forecast,7.361700905261994,8.811732901752995,0.06944444444444445,18579.719412325074,1.3966445564185934,16,0.9999979949146163,2.6450208333333336
26,transfer_vmware,mpc,7.743582875532283,9.268834047985612,0.24305555555555555,18571.7179130622,5.023249875403454,24,0.9999723886748993,19.96257361111111
27,transfer_vmware,static,10.611397321587116,12.701521036445186,19.34027777777778,18527.47600930558,40.01176910983907,0,0.9471999928691673,0.09275138888888888
27,transfer_vmware,reactive,8.79560125313016,10.528068166625488,16.180555555555557,18572.428011941505,17.17819053975055,94,0.9988270658734967,4.158634722222222
27,transfer_vmware,predictive,7.245586217930685,8.672747139644303,0.0,18589.575041882123,0.2250184706670397,50,1.0,22.4183
27,transfer_vmware,predictive_no_forecast,7.352250041551147,8.80042050428092,0.0,18589.493782647496,0.5445765985422181,17,1.0,3.0497277777777776
27,transfer_vmware,mpc,7.5312704996080155,9.014702567712625,0.0,18586.73304640248,3.1421721565173923,27,1.0,22.20087222222222
28,transfer_vmware,static,10.838808707130307,12.973725573686293,17.32638888888889,18477.428025929945,40.563082194163556,0,0.9463703446785543,0.08823194444444445
28,transfer_vmware,reactive,9.061477544866033,10.846314030975995,17.32638888888889,18561.645132690835,20.065834559608046,100,0.9897537642879458,3.839497222222222
28,transfer_vmware,predictive,7.468013849482516,8.938986274380596,0.0,18573.572017711147,2.710412144032828,56,1.0,21.230016666666668
28,transfer_vmware,predictive_no_forecast,7.773597161961593,9.304760239317657,0.5902777777777778,18571.01119921079,6.434783037694586,13,0.9999842411073885,2.797143055555556
28,transfer_vmware,mpc,7.970167620443088,9.540049121439472,0.5902777777777778,18568.941144165696,8.28203439536363,31,0.9999798025807539,21.769381944444444
29,transfer_vmware,static,10.415977220487779,12.467609097250525,21.11111111111111,18516.871317670157,38.536249878471615,0,0.9485759458373473,0.0936875
29,transfer_vmware,reactive,9.679294260125129,11.585821917422496,5.104166666666667,18559.46900912199,22.42438617964463,42,0.9998800097262464,2.572290277777778
29,transfer_vmware,predictive,7.6367052292525655,9.140904744105335,0.0,18577.48840230856,4.5235920858035445,53,1.0,21.113531944444443
29,transfer_vmware,predictive_no_forecast,7.469213426401516,8.940422131601812,0.0,18579.104373894046,2.0535507933736503,19,1.0,2.7597305555555556
29,transfer_vmware,mpc,7.907740910905111,9.465326241840955,6.423611111111111,18568.628080339095,7.418634258007102,28,0.9997058130401191,19.773320833333337
30,transfer_vmware,static,11.60866044853733,13.895214779309836,20.90277777777778,18520.033519590026,50.72546943465955,0,0.9347277770521123,0.09135555555555555
30,transfer_vmware,reactive,9.708128909221546,11.620336118613661,5.694444444444445,18564.125297652758,23.281842105030606,40,0.9997984433367699,2.630786111111111
30,transfer_vmware,predictive,7.261399334341035,8.691674960802143,0.0,18586.479152404565,0.3980342387184353,53,1.0,22.045008333333335
30,transfer_vmware,predictive_no_forecast,7.902071573407398,9.458540216654306,0.2777777777777778,18580.190783653798,7.41243191845519,17,0.9999950957552622,3.0720500000000004
30,transfer_vmware,mpc,8.015262782656995,9.594026664089437,0.3472222222222222,18577.26983707038,8.607903954293565,28,0.9999845828026069,20.963952777777777
31,transfer_vmware,static,11.479401255915935,13.740495442687264,19.23611111111111,18499.88262556475,45.283795663073924,0,0.9421395770972456,0.08934583333333333
31,transfer_vmware,reactive,8.55308611510573,10.237784895353823,18.75,18561.692735355056,15.870676270994062,108,0.9965012400303599,3.6534222222222223
31,transfer_vmware,predictive,7.6155938158477205,9.115635021999553,0.0,18568.66125316185,3.568753988852561,51,1.0,20.030320833333334
31,transfer_vmware,predictive_no_forecast,7.590461029273955,9.08555183807034,0.0,18569.60401975146,3.143521915791279,17,1.0,2.6980472222222223
31,transfer_vmware,mpc,8.696813654300355,10.4098224043898,1.215277777777778,18557.83870617217,10.473032715424043,27,0.9999710537335899,22.079349999999998
32,transfer_vmware,static,9.654939996050373,11.55667060133303,12.95138888888889,18497.923986432685,28.819605474022126,0,0.961039690718569,0.09461527777777777
32,transfer_vmware,reactive,8.29456287094467,9.928340406130737,12.95138888888889,18563.15389627919,13.681744318987818,75,0.9906174423362368,3.2056736111111115
32,transfer_vmware,predictive,7.653042777713456,9.160460294535802,0.034722222222222224,18572.249726282553,4.73003759642566,49,0.9999998325874704,19.607975
32,transfer_vmware,predictive_no_forecast,7.56786724523023,9.058507763230123,0.0,18573.38271740201,3.2464201809672484,15,1.0,2.6558541666666664
32,transfer_vmware,mpc,7.750667681135541,9.27731434560164,0.3472222222222222,18570.80194974503,5.72067906077921,27,0.9999945805902644,20.824266666666666
33,transfer_vmware,static,11.048918470138611,13.225220593044696,20.0,18507.66521887378,45.19493207932138,0,0.9378140084079054,0.10908472222222222
33,transfer_vmware,reactive,8.87274499482471,10.620406887744734,9.305555555555555,18561.683828036465,16.937277495918526,59,0.9994861684505614,3.135209722222222
33,transfer_vmware,predictive,7.2863539150828425,8.721544837750674,0.0,18581.520054245764,1.3881132678812234,47,1.0,22.171195833333336
33,transfer_vmware,predictive_no_forecast,7.700977232096025,9.217836383872518,0.034722222222222224,18577.857943354888,5.420281471465356,16,0.9999998263393086,2.6910833333333333
33,transfer_vmware,mpc,7.890790768084804,9.44503743452574,10.48611111111111,18569.887512676716,8.175241256274244,27,0.9983214604776829,20.616829166666665
34,transfer_vmware,static,14.303355927761428,17.12068361050232,34.34027777777778,18479.02555878971,61.26144761991162,0,0.9428070165962923,0.09053749999999999
34,transfer_vmware,reactive,11.768904167915867,14.087021655535644,5.0,18535.508071008535,35.250612913789055,38,0.9998629708411173,2.376438888888889
34,transfer_vmware,predictive,7.474969550653779,8.947312037903773,0.0,18560.568019202765,2.7278397925238824,50,1.0,19.40567638888889
34,transfer_vmware,predictive_no_forecast,7.600767907149026,9.09788885855717,0.0,18560.409017340236,3.7715565519888052,19,1.0,2.7124055555555557
34,transfer_vmware,mpc,8.87931653107274,10.62827281749614,1.1111111111111112,18551.510029868306,15.37546269583216,30,0.9999601132632118,19.623102777777778
35,transfer_vmware,static,10.235195995341424,12.25121944896927,19.375,18522.80734088025,36.24512577852555,0,0.9513849153038939,0.09106944444444444
35,transfer_vmware,reactive,8.73673332541578,10.457605041027987,9.0625,18573.44858185052,16.381474529551074,55,0.999494352860047,2.701098611111111
35,transfer_vmware,predictive,7.212128108159212,8.63269879612996,0.0,18588.031029677135,0.010971209560843737,48,1.0,19.44352361111111
35,transfer_vmware,predictive_no_forecast,7.49968708420411,8.976898176547333,0.0,18584.800093874812,3.5608288989790853,17,1.0,2.733259722222222
35,transfer_vmware,mpc,7.973570228550363,9.544121940234527,0.2777777777777778,18578.32667661502,7.983728697803608,29,0.9999909874390677,19.884169444444442
36,transfer_vmware,static,11.195428447790176,13.400588596597322,20.520833333333332,18494.212332984243,47.00718876309623,0,0.936026945349385,0.08744722222222222
36,transfer_vmware,reactive,10.331192591363331,12.366124465419736,9.0625,18539.98994440674,27.613670271381498,59,0.9996814474780045,2.7845125
36,transfer_vmware,predictive,7.322375774913696,8.764661912396695,0.0,18568.63800294199,1.3263572766511227,49,1.0,20.23843611111111
36,transfer_vmware,predictive_no_forecast,7.832596061992904,9.375380134809681,0.3819444444444444,18562.49012308774,7.151670305085046,19,0.999983884527828,2.679636111111111
36,transfer_vmware,mpc,7.644744782315005,9.150527845498274,0.1388888888888889,18562.24267790806,4.924121697211335,31,0.9999924827598722,19.696347222222222
37,transfer_vmware,static,11.325819036579105,13.556662180147734,23.4375,18480.27948173101,48.81433200280609,0,0.9325303800872558,0.091
37,transfer_vmware,reactive,9.020980918966709,10.797840796945005,23.4375,18548.302106363863,21.639590217642752,135,0.9908607975913637,4.068686111111111
37,transfer_vmware,predictive,7.590774972920329,9.085927619101607,0.0,18555.3549095878,3.405303741729049,51,1.0,19.425411111111114
37,transfer_vmware,predictive_no_forecast,7.989158742771221,9.562780919377671,0.4861111111111111,18553.497948229808,9.501179383945523,24,0.9999897833644714,2.745498611111111
37,transfer_vmware,mpc,8.358645954271497,10.00504591496134,7.048611111111111,18542.141011242475,12.791497987470363,32,0.9961868772245279,19.76820972222222
38,transfer_vmware,static,10.85660936653474,12.99503242357947,14.548611111111112,18484.918613614325,40.48873007900697,0,0.9547323779323379,0.0921125
38,transfer_vmware,reactive,10.468140932882122,12.530047480267983,14.20138888888889,18541.26527567959,33.261924011143506,80,0.9775508819447215,3.133786111111111
38,transfer_vmware,predictive,10.482438065772527,12.547160715091344,13.472222222222221,18545.609241437607,27.573020909350383,47,0.9980251540464851,19.46484444444444
38,transfer_vmware,predictive_no_forecast,10.242585427886521,12.260064375803555,23.645833333333332,18544.105706095146,27.56036581211623,19,0.9980992734488735,2.6848819444444443
38,transfer_vmware,mpc,10.365590038455293,12.407297167241948,13.229166666666666,18542.549339448535,29.38832301132307,32,0.9854065480662341,21.82679166666667
39,transfer_vmware,static,9.228785594589588,11.046576696554208,10.833333333333334,18494.036067050096,24.269310567731043,0,0.9674663636049825,0.09324722222222222
39,transfer_vmware,reactive,8.097284626580063,9.692204325754917,10.833333333333334,18567.466876010993,11.181506587564652,62,0.9948681294289439,2.955075
39,transfer_vmware,predictive,7.312420742831287,8.752746040661698,0.06944444444444445,18576.79942252132,1.2709366265870323,55,0.9999997747244705,21.615266666666667
39,transfer_vmware,predictive_no_forecast,7.4957269970502445,8.972158072226819,0.06944444444444445,18577.372268812614,3.467912422538116,15,0.9999998710103227,2.8014125
39,transfer_vmware,mpc,7.8262455452619015,9.367778758722565,4.722222222222222,18568.461908176578,7.281750909251849,31,0.9993677501224597,21.713462500000002
40,transfer_vmware,static,11.788387656705751,14.110342801208397,22.743055555555554,18490.394616979742,53.244602711136324,0,0.9288308529124923,0.09408333333333332
40,transfer_vmware,reactive,8.705471468071636,10.420185545116048,22.53472222222222,18560.28366760291,18.405759019400076,130,0.9944152871998365,4.066980555555555
40,transfer_vmware,predictive,7.640065695880732,9.14492712082693,0.3125,18563.815504733342,5.151127654225892,59,0.9999901442529724,20.364804166666666
40,transfer_vmware,predictive_no_forecast,8.213190620965856,9.830940288731853,0.3472222222222222,18561.68882892007,10.984618742822628,19,0.9999821754354261,2.767575
40,transfer_vmware,mpc,8.191233320515776,9.804658065465864,9.375,18558.189201932048,11.037492690413856,31,0.9997039913755483,20.20719027777778
41,transfer_vmware,static,11.300827383172447,13.526747928342761,21.59722222222222,18506.281145162342,48.37514848929667,0,0.931419886837884,0.09688194444444444
41,transfer_vmware,reactive,10.051104250065954,12.030867208412289,13.88888888888889,18542.75415580168,25.580422297379982,82,0.9993982304037756,3.339023611111111
41,transfer_vmware,predictive,7.542662046540126,9.028337904191968,0.06944444444444445,18563.000187807884,3.867238599074622,53,0.999999819959927,20.840068055555555
41,transfer_vmware,predictive_no_forecast,7.565055912555118,9.05514268320991,0.0,18564.020875739985,3.0266304690682477,17,1.0,2.8468125
41,transfer_vmware,mpc,7.729507850810857,9.251986669909966,0.1736111111111111,18560.4589141911,5.5879203042701535,30,0.9999908750781454,19.981931944444444
42,transfer_vmware,static,10.720495742018935,12.832108539689337,20.79861111111111,18484.357319778665,42.124807614298035,0,0.9416557227898414,0.08966527777777777
42,transfer_vmware,reactive,9.966346932550609,11.929415267749976,1.25,18532.001303317098,24.97262027813763,11,0.9999296048971669,1.9645708333333334
42,transfer_vmware,predictive,7.276938142058896,8.710274442767464,0.0,18556.014473077717,1.0209396754467217,52,1.0,19.684716666666667
42,transfer_vmware,predictive_no_forecast,7.516497434503324,8.997019656450938,0.0,18555.5109076183,3.3057864437004274,14,1.0,2.6493180555555553
42,transfer_vmware,mpc,8.271129451551449,9.90029131322069,7.604166666666666,18545.74996975552,12.140645918044152,30,0.9992116650705212,19.660765277777777
43,transfer_vmware,static,11.46500182080948,13.723259755211334,23.541666666666668,18493.969505807436,50.43116769994076,0,0.9293483969873688,0.09147083333333333
43,transfer_vmware,reactive,9.013983474066647,10.789465067443414,23.541666666666668,18559.80866438071,21.88760044545989,136,0.9921157917573524,4.1202375
43,transfer_vmware,predictive,7.870811546610553,9.421122911852022,0.0,18567.452740834655,6.91685867679737,52,1.0,19.673023611111113
43,transfer_vmware,predictive_no_forecast,8.29418433115665,9.927887305475393,8.715277777777777,18562.87642989392,12.767775314065961,20,0.9996379722119492,2.723773611111111
43,transfer_vmware,mpc,8.716168928932,10.432990081600423,10.79861111111111,18557.32735513307,16.737818819542156,30,0.9960896012944749,20.110918055555555
44,transfer_vmware,static,12.785818669978921,15.304237498914182,31.354166666666668,18473.80633716703,59.12161502093762,0,0.939009966648788,0.0898513888888889
44,transfer_vmware,reactive,9.489581707101438,11.358741740318385,28.29861111111111,18555.866522582237,25.15152208335984,128,0.9945841058935636,4.025241666666667
44,transfer_vmware,predictive,7.383773854572202,8.838153553200046,0.0,18576.310074693465,1.4588671231624688,58,1.0,20.56910277777778
44,transfer_vmware,predictive_no_forecast,8.206591336554691,9.823041145270016,0.7638888888888888,18567.1816122767,9.66963839957537,16,0.9999613740541781,3.2844277777777777
44,transfer_vmware,mpc,8.733628641070569,10.453888827948107,8.26388888888889,18558.45585081957,14.471202329194696,30,0.9984324727203331,21.275772222222223
45,transfer_vmware,static,10.834004184875992,12.967974706139449,21.319444444444443,18498.150166970547,43.59757203451917,0,0.9373879343431594,0.09013194444444445
45,transfer_vmware,reactive,8.541113151073173,10.22345362022395,13.715277777777779,18554.37129792042,15.690019444383488,82,0.9993768031658438,3.432175
45,transfer_vmware,predictive,7.348999715737315,8.796529962776484,0.0,18565.086295462777,1.6549198376924141,52,1.0,21.519469444444443
45,transfer_vmware,predictive_no_forecast,7.2618895327235675,8.692261713411522,0.0,18566.107759079103,0.4801880410097903,17,1.0,2.9388944444444447
45,transfer_vmware,mpc,8.477525094349925,10.14734064323703,15.45138888888889,18557.186894890277,14.531003485445773,29,0.9981672496055312,20.101130555555557
46,transfer_vmware,static,10.818451914549627,12.9493591098397,20.694444444444443,18499.873081352263,43.40526872406494,0,0.9372609147059787,0.09070277777777778
46,transfer_vmware,reactive,8.401513783868198,10.05635740796344,20.694444444444443,18568.034203282572,14.893137318106012,119,0.9977494399707562,3.846763888888889
46,transfer_vmware,predictive,7.2965006386759015,8.733690158415108,0.0,18577.171385352405,0.7360319571631243,52,1.0,20.373931944444443
46,transfer_vmware,predictive_no_forecast,7.654811054018134,9.162576867688356,0.034722222222222224,18573.330560761944,5.303943203029757,19,0.999999979710508,2.894038888888889
46,transfer_vmware,mpc,7.8094812603632215,9.347712417707472,0.24305555555555555,18569.30047950325,6.796510495652081,32,0.9999939828217156,21.686804166666665
47,transfer_vmware,static,11.612203134276196,13.899455266785145,26.493055555555557,18482.620745521803,49.52805174770658,0,0.9511443706695922,0.095525
47,transfer_vmware,reactive,10.773416671021437,12.895453288040814,6.145833333333333,18539.539661751074,31.593180173724175,45,0.999800036468262,2.5890166666666667
47,transfer_vmware,predictive,7.397449377029115,8.854522739171196,0.0,18563.330525077956,1.5676015678372108,50,1.0,21.117043055555555
47,transfer_vmware,predictive_no_forecast,7.716725990764405,9.236687170763448,0.0,18564.550407197014,4.003724470566885,18,1.0,2.780036111111111
47,transfer_vmware,mpc,8.475407486517314,10.144805930831323,7.013888888888889,18550.14612957892,13.818272591001023,26,0.9980542822723529,19.777170833333333
48,transfer_vmware,static,11.270761703860034,13.490760221287006,23.47222222222222,18488.282386126197,47.7945714187732,0,0.9389257245646075,0.08823194444444445
48,transfer_vmware,reactive,8.989999737086377,10.760757261057929,23.4375,18561.526436919234,21.731234509731824,135,0.9900383568345169,4.125101388888889
48,transfer_vmware,predictive,7.412981914374681,8.873114715690916,0.20833333333333334,18572.82323900178,2.296631283751173,47,0.9999898734419203,19.611102777777777
48,transfer_vmware,predictive_no_forecast,8.183885558814936,9.79586301736941,4.201388888888889,18566.98709558989,11.63503996716222,17,0.9992890290107576,2.6636666666666664
48,transfer_vmware,mpc,8.171053118551438,9.780502975235796,2.7083333333333335,18560.040684266074,10.55108474599146,29,0.9984938223427721,19.81914861111111
49,transfer_vmware,static,10.49700855956056,12.564601154625514,22.04861111111111,18521.62633465225,38.56263823027604,0,0.9555465186946064,0.08794583333333333
49,transfer_vmware,reactive,8.956683627950197,10.720878888000982,22.04861111111111,18576.149289210894,20.412915725984586,127,0.9948535009305423,3.943073611111111
49,transfer_vmware,predictive,7.242562838933687,8.669128246602465,0.0,18586.750374799958,0.26883093762311455,51,1.0,19.574395833333334
49,transfer_vmware,predictive_no_forecast,7.3725076921443575,8.824668298172783,0.0,18586.542095448225,1.2966734799929356,12,1.0,2.6139527777777776
49,transfer_vmware,mpc,7.906960611080613,9.464392246596496,0.0,18581.63980578608,6.353988986529574,26,1.0,20.260469444444443
50,transfer_vmware,static,11.445288592917498,13.699663618795203,23.333333333333332,18476.31174893553,50.62441158941278,0,0.9270449502015323,0.09567083333333333
50,transfer_vmware,reactive,9.067809846881287,10.853893604600323,23.333333333333332,18553.66025498715,22.762320349210217,134,0.9873614637236596,4.180948611111111
50,transfer_vmware,predictive,7.577209121723726,9.069689706305677,0.06944444444444445,18562.89107912968,4.196254731679369,59,0.999999935709998,20.701918055555556
50,transfer_vmware,predictive_no_forecast,8.553525936784155,10.238311348574975,13.055555555555557,18555.16071468759,15.67400907935746,16,0.9947552711649286,2.8090458333333332
50,transfer_vmware,mpc,8.77346752507721,10.501574764865142,12.743055555555555,18553.190781207504,17.65183138234658,26,0.9942311608121407,20.599066666666666
51,transfer_vmware,static,11.515659910251207,13.783895953179487,22.46527777777778,18509.358549223383,50.99194174322926,0,0.9273232534429788,0.09055972222222222
51,transfer_vmware,reactive,8.710811244354163,10.426577095514833,22.46527777777778,18568.661987597396,18.479646324267538,129,0.9944063342495962,4.054694444444444
51,transfer_vmware,predictive,7.30006092755211,8.73795171631238,0.0,18577.630417889184,1.1611217661478896,57,1.0,19.9481875
51,transfer_vmware,predictive_no_forecast,7.678293956126235,9.19068518990868,0.0,18575.999899545266,5.034446419127721,13,1.0,2.6402208333333332
51,transfer_vmware,mpc,8.070006321834594,9.659553021589899,0.4166666666666667,18570.87189758734,9.988652785634137,30,0.9999936630203046,20.734090277777778
52,transfer_vmware,static,10.963198599032388,13.122616504902403,19.756944444444443,18507.312402074644,43.95326798478324,0,0.9444786568276685,0.08778055555555556
52,transfer_vmware,reactive,8.75802252711736,10.483087570337426,9.895833333333332,18553.732036165115,16.619323233258648,60,0.9993084039777878,2.809944444444444
52,transfer_vmware,predictive,7.306662165031739,8.745853197537983,0.0,18576.42783344633,0.803216951643426,48,1.0,19.981745833333335
52,transfer_vmware,predictive_no_forecast,7.502500926096362,8.980266260024422,0.0,18571.060260109072,3.1255629228657864,19,1.0,2.7225847222222224
52,transfer_vmware,mpc,7.825505652191851,9.366893129138738,0.24305555555555555,18569.019080951242,7.0073159321111484,26,0.9999762676324795,20.36681111111111
53,transfer_vmware,static,10.439271709389423,12.495491894572172,17.8125,18497.586000001957,38.45748698227793,0,0.9466510109809652,0.0893361111111111
53,transfer_vmware,reactive,8.949008645278559,10.711692166318281,17.8125,18558.836218239805,20.80508212724547,103,0.9876151722619069,3.6580305555555555
53,transfer_vmware,predictive,7.561549507796521,9.050945622968573,0.0,18570.199385276937,4.357787758106236,55,1.0,20.73949027777778
53,transfer_vmware,predictive_no_forecast,7.735610032106377,9.259290796006105,0.20833333333333334,18568.99412599896,5.916104661069832,18,0.9999987868781853,3.215636111111111
53,transfer_vmware,mpc,8.271174177529248,9.90034484886077,11.493055555555555,18563.064090005526,11.727202761864788,33,0.9988220466065177,20.4638125
54,transfer_vmware,static,11.119713329625437,13.30995989455167,18.4375,18474.538580341825,44.14085384465338,0,0.9437348026151652,0.092375
54,transfer_vmware,reactive,8.676149047025474,10.385087495681988,18.4375,18541.00820481823,17.18826860678144,106,0.9962872341732834,3.6123402777777778
54,transfer_vmware,predictive,7.545084815966831,9.031237885778491,0.0,18546.68932614678,3.5284159129250057,51,1.0,20.157779166666668
54,transfer_vmware,predictive_no_forecast,7.674297917914603,9.185902053261417,0.1736111111111111,18544.98679610095,5.665637658596203,19,0.9999894250678655,2.7000055555555553
54,transfer_vmware,mpc,8.201360785980684,9.81678033473445,10.034722222222223,18537.708424175853,11.612634335981623,28,0.9955693772076755,21.580726388888888
55,transfer_vmware,static,13.79859655871538,16.516501941492663,41.28472222222222,18462.595530429662,67.65560622002377,0,0.9388821971086962,0.09120277777777779
55,transfer_vmware,reactive,10.302009778088394,12.331193522257307,27.152777777777775,18549.23996707216,30.7743277603019,120,0.9950439960292583,3.967698611111111
55,transfer_vmware,predictive,8.337179456097049,9.97935116714648,0.0,18564.975641229863,10.009465398298309,53,1.0,19.59237638888889
55,transfer_vmware,predictive_no_forecast,8.063816241851756,9.65214368342862,0.45138888888888884,18562.233124338854,8.738017078807719,18,0.9999842324445419,2.6395222222222223
55,transfer_vmware,mpc,10.213547653639138,12.225307039962019,26.59722222222222,18545.24356463645,30.10704367365612,29,0.9940409144118578,19.710194444444447
56,transfer_vmware,static,11.753047750590845,14.068042004495084,22.98611111111111,18525.642838308282,53.195855745063625,0,0.9277967131351446,0.09000833333333334
56,transfer_vmware,reactive,9.458585977134069,11.32164079081197,22.98611111111111,18579.809923117733,26.513456724460315,132,0.9863749139815312,4.0367597222222225
56,transfer_vmware,predictive,7.405836373153788,8.86456171938105,0.0,18593.598670738167,1.3458677307879139,51,1.0,19.608097222222224
56,transfer_vmware,predictive_no_forecast,8.117512193176294,9.716416110014045,0.24305555555555555,18588.014995193465,9.975728823002132,17,0.9999983781036734,2.669863888888889
56,transfer_vmware,mpc,8.530469812588235,10.210713866582902,0.3472222222222222,18582.108562239904,13.902481522236567,31,0.9999949504944218,19.857920833333335
57,transfer_vmware,static,11.077972327578378,13.259997179980187,20.0,18507.07260337936,44.56878380769618,0,0.9395851162554278,0.08892916666666666
57,transfer_vmware,reactive,9.658447429243228,11.560868892579027,5.520833333333333,18560.796665816008,20.703308031352453,39,0.9998587479728247,2.4026638888888887
57,transfer_vmware,predictive,7.223789491467388,8.646657118574593,0.0,18581.038481964464,0.07229177418738668,44,1.0,19.417704166666667
57,transfer_vmware,predictive_no_forecast,7.611232735765135,9.110414941294632,1.597222222222222,18572.916864309565,4.855433490188168,16,0.9999145215403699,2.6081583333333334
57,transfer_vmware,mpc,7.929498230371573,9.491369093929617,0.4861111111111111,18572.627933546282,7.759320179677355,25,0.9999668929993015,19.624631944444445
58,transfer_vmware,static,10.128425636219978,12.123418564566338,18.993055555555554,18497.905203526727,35.06092164929124,0,0.9534614007425344,0.09171805555555555
58,transfer_vmware,reactive,8.476224225072858,10.145783542132659,14.652777777777779,18560.63060008264,14.704222114179306,84,0.9988690339885117,3.2169430555555554
58,transfer_vmware,predictive,7.4236415887873335,8.885874022942401,0.0,18577.736131352856,2.352594198322699,56,1.0,21.95761388888889
58,transfer_vmware,predictive_no_forecast,7.929902996665644,9.49185358691798,0.798611111111111,18572.350052699334,8.356500307127936,18,0.9999565371029422,3.0949569444444447
58,transfer_vmware,mpc,8.634738159241321,10.335519917879763,6.215277777777778,18559.164549536148,15.932980657909345,30,0.9954896780220439,21.45959583333333
59,transfer_vmware,static,11.858528071475948,14.194298752221185,22.708333333333332,18487.574600769036,53.94362319884735,0,0.9273310128486448,0.0923875
59,transfer_vmware,reactive,8.68682831410894,10.39787025476676,22.708333333333332,18563.09549939689,18.305038068582625,131,0.9944874584148155,4.014779166666667
59,transfer_vmware,predictive,7.426551364418013,8.889356936197306,0.0,18569.260097027538,2.465830265514176,49,1.0,19.546527777777776
59,transfer_vmware,predictive_no_forecast,8.042942761315885,9.627158759756892,0.45138888888888884,18565.553252518126,9.670363598532965,21,0.9999793085447236,2.7420305555555555
59,transfer_vmware,mpc,8.051478592693355,9.637375891254173,0.20833333333333334,18563.375241626014,8.717267431815122,31,0.9999835181647863,19.744663888888887
60,transfer_vmware,static,10.299126602720099,12.327742448710422,19.72222222222222,18493.256851308597,36.607946855330745,0,0.9550010290049542,0.09114166666666666
60,transfer_vmware,reactive,8.798814990156991,10.531914912460644,11.284722222222223,18551.031284222663,15.617451780019355,69,0.9994169731406761,2.967295833333333
60,transfer_vmware,predictive,7.316270607238605,8.757354211694704,0.0,18563.07360240208,1.3068179900617047,53,1.0,19.55194861111111
60,transfer_vmware,predictive_no_forecast,7.523032657228919,9.004842120016432,0.0,18561.445602962573,3.7345386380867946,18,1.0,2.7038361111111113
60,transfer_vmware,mpc,7.766856391964405,9.296691741896778,0.034722222222222224,18557.283043617645,5.972971789880848,33,0.9999999863637214,19.75376111111111
61,transfer_vmware,static,10.927499674926965,13.079885974533795,22.8125,18494.4858031831,44.764101429782755,0,0.9367999450692136,0.09175833333333334
61,transfer_vmware,reactive,8.938345972076693,10.698929269606973,22.8125,18567.070241144036,21.07958718414924,131,0.9913735936784972,4.040756944444444
61,transfer_vmware,predictive,7.371835451173899,8.82386364610209,0.0,18576.776562858842,1.8642988903163153,56,1.0,19.67367361111111
61,transfer_vmware,predictive_no_forecast,8.033848173907868,9.616272814223057,0.5555555555555556,18572.448161188768,9.184437501756452,22,0.9999881453591425,2.7338138888888888
61,transfer_vmware,mpc,8.649302614638872,10.352953129643488,14.756944444444445,18565.791256845318,16.479634922839985,33,0.9957631392032109,19.98165277777778
62,transfer_vmware,static,9.717759451384305,11.631863585747888,14.51388888888889,18494.770567255797,29.17861420264059,0,0.9671143896665803,0.08937222222222221
62,transfer_vmware,reactive,8.274808839075591,9.904695428590486,14.166666666666666,18563.663724514525,12.59379891278606,83,0.998124505218558,3.1224041666666666
62,transfer_vmware,predictive,7.246398197679375,8.67371905479804,0.0,18573.069090476747,0.6364377453263974,49,1.0,19.289911111111113
62,transfer_vmware,predictive_no_forecast,7.389555847218381,8.845074423185626,0.0,18572.22752425644,1.9045903103849506,16,1.0,2.655606944444444
62,transfer_vmware,mpc,7.691784077047466,9.206832455859846,0.3819444444444444,18566.961713282686,5.1617428363484015,27,0.9999912175301314,19.16912222222222
63,transfer_vmware,static,9.807178504323184,11.738895482447452,19.0625,18486.885695711728,31.09508149534653,0,0.9629568791604093,0.09024722222222221
63,transfer_vmware,reactive,8.946988218866446,10.709273777128027,9.930555555555555,18547.549650199213,16.712122315272936,60,0.9994625840760848,2.778913888888889
63,transfer_vmware,predictive,7.449720227462661,8.917089363175004,0.0,18559.533932178634,3.194818656652226,48,1.0,19.24805
63,transfer_vmware,predictive_no_forecast,7.30982489351533,8.749638887692585,0.0,18560.864615917333,1.4513198466041315,14,1.0,2.5739375
63,transfer_vmware,mpc,7.796939151478982,9.332699893436963,4.861111111111112,18551.62706574293,7.393969403137344,28,0.9997541086158148,19.361893055555555
64,transfer_vmware,static,13.424363453118538,16.068556254490357,29.583333333333332,18474.120598962607,62.084611339788154,0,0.9308609705853368,0.08968055555555556
64,transfer_vmware,reactive,10.244896483812697,12.262830639715204,21.180555555555554,18545.621469706024,36.511676106663074,122,0.9536151935892864,3.8198055555555555
64,transfer_vmware,predictive,7.94748136848299,9.512894365305396,0.7638888888888888,18564.958535307545,8.47369502818081,50,0.9999797266137737,19.313909722222224
64,transfer_vmware,predictive_no_forecast,9.005282978305324,10.779050837668489,16.319444444444446,18553.69913843297,18.60021546728854,23,0.99701096927205,2.899516666666667
64,transfer_vmware,mpc,9.11479834982409,10.910137418728826,20.729166666666668,18555.57382017791,18.788532744512523,28,0.9982419619716218,21.652148611111112
65,transfer_vmware,static,10.82092018565788,12.952313555560197,18.958333333333332,18476.456896016185,42.3235083061714,0,0.9432753703703726,0.09395694444444444
65,transfer_vmware,reactive,9.17335228389264,10.980224703447243,18.854166666666668,18547.551626728797,22.449109303698805,109,0.9895989397385302,3.9964791666666666
65,transfer_vmware,predictive,7.659426954447439,9.168101960626483,3.9930555555555554,18554.6788583502,5.586981708039532,54,0.9943388592191819,20.052794444444444
65,transfer_vmware,predictive_no_forecast,7.829221658253659,9.371341075788466,3.9930555555555554,18551.94053438558,7.384641998352185,15,0.9929658766896275,2.7543194444444445
65,transfer_vmware,mpc,8.700978779684732,10.414807933259,4.270833333333333,18539.597565503474,16.75310177089782,26,0.9871167352147738,21.38931388888889
66,transfer_vmware,static,9.097250390741475,10.889133043463264,11.215277777777779,18466.434898420935,21.00157037525631,0,0.9805618403405666,0.09320555555555556
66,transfer_vmware,reactive,7.990875249341522,9.56483552572696,6.527777777777779,18558.47129544919,8.11479593219693,38,0.9985083384019108,2.5039375
66,transfer_vmware,predictive,7.46299583846221,8.932979867250223,0.0,18567.304734440684,2.700737329947291,50,1.0,19.822202777777775
66,transfer_vmware,predictive_no_forecast,7.588732577699059,9.083482933912506,0.5902777777777778,18562.965989746623,3.958151792097186,15,0.9999792263717102,2.636686111111111
66,transfer_vmware,mpc,7.845989389936824,9.391411542500153,3.7152777777777777,18556.475948955253,7.048951772211006,25,0.9999314698944881,19.79468888888889
67,transfer_vmware,static,12.115190740469208,14.501516189349521,23.47222222222222,18471.63360217406,57.339750244421005,0,0.9238417397520582,0.08976527777777778
67,transfer_vmware,reactive,10.736506805981593,12.851273298068875,23.4375,18538.000887970768,42.58063385940954,135,0.9448096639887513,4.1100763888888885
67,transfer_vmware,predictive,9.239962140660792,11.059954683518232,23.368055555555557,18554.213296849324,23.342959099020568,51,0.9884266230644893,19.7209
67,transfer_vmware,predictive_no_forecast,10.642965441322344,12.739307119158589,23.40277777777778,18543.84718671368,40.0773584018299,21,0.949536761845753,2.7045680555555554
67,transfer_vmware,mpc,10.447972556003128,12.505906544306773,23.368055555555557,18542.33802849584,37.32341390877244,26,0.9575493074216507,19.800286111111113
68,transfer_vmware,static,11.456103730234195,13.712609010431828,22.881944444444443,18498.00526424715,49.68824417923682,0,0.933282687364988,0.08922777777777778
68,transfer_vmware,reactive,8.939588371872151,10.700416384513625,22.881944444444443,18563.020998178665,21.22627028576267,132,0.9902584082674998,4.196641666666666
68,transfer_vmware,predictive,7.492234021581714,8.967977086438717,0.0,18572.295559222206,3.411248794352935,51,1.0,19.705101388888888
68,transfer_vmware,predictive_no_forecast,7.914907706395386,9.473904678867198,0.24305555555555555,18569.95326671735,8.307930905520054,19,0.999995890988981,2.8827555555555553
68,transfer_vmware,mpc,7.962284544585107,9.530613318518547,0.06944444444444445,18566.345675459845,8.399007597095995,29,0.9999998902720021,20.985343055555557
69,transfer_vmware,static,12.266208851046299,14.68228029140392,26.493055555555557,18455.239856331293,55.524707201476275,0,0.9293621744909297,0.09207222222222222
69,transfer_vmware,reactive,9.63853393524261,11.537033043699473,15.694444444444445,18525.50761543352,24.807674126162162,94,0.991001428550548,3.518697222222222
69,transfer_vmware,predictive,7.41139615361336,8.871216608112974,0.0,18556.786515652093,2.3905059011268177,50,1.0,19.533402777777777
69,transfer_vmware,predictive_no_forecast,8.15834023034722,9.765286033294396,0.2777777777777778,18547.273454488346,9.55301494448764,18,0.999988174882728,2.700813888888889
69,transfer_vmware,mpc,9.503824945688054,11.375790465293285,20.520833333333332,18530.370126118647,23.725789033100163,25,0.9947581358303844,20.64642361111111
70,transfer_vmware,static,12.044209803566522,14.416554158814474,23.40277777777778,18500.96831545331,55.71620751128766,0,0.9269558160131385,0.09564583333333333
70,transfer_vmware,reactive,9.042079307332587,10.823094928473864,23.40277777777778,18575.16465166923,22.432151214965792,135,0.9882225318737776,4.315388888888888
70,transfer_vmware,predictive,7.8184086001607,9.358398172919628,0.2777777777777778,18580.313574502867,6.821612526846982,51,0.9999976571380981,20.829965277777777
70,transfer_vmware,predictive_no_forecast,8.253545802331026,9.879244217941686,0.8333333333333334,18579.940005375178,11.355980892477096,19,0.9999462073010089,2.715438888888889
70,transfer_vmware,mpc,9.085588013913885,10.875173531806018,13.26388888888889,18566.381325147122,21.029779320351153,31,0.9902136428400721,20.330820833333334
71,transfer_vmware,static,10.6900378055133,12.795651312659874,17.916666666666668,18455.68700848513,41.14391847703935,0,0.9427203391581862,0.09262777777777778
71,transfer_vmware,reactive,9.862791448166881,11.80546249098763,17.916666666666668,18538.72734212417,31.217536433923577,103,0.9654202223479587,3.566613888888889
71,transfer_vmware,predictive,8.784389281643548,10.514647776512733,11.840277777777777,18547.53594903583,18.184997319877805,46,0.9860175905893434,19.338034722222222
71,transfer_vmware,predictive_no_forecast,9.07404058084726,10.861351604347478,11.840277777777777,18542.828419893296,21.783706457126677,16,0.9746376972430751,2.6549055555555556
71,transfer_vmware,mpc,9.5348743158334,11.412955620467269,12.083333333333334,18538.43615983393,26.965464725934737,25,0.9684897447302586,19.819329166666666
72,transfer_vmware,static,13.604791094641158,16.28452267388868,24.82638888888889,18492.552772197796,60.869856181076464,0,0.9367027525238931,0.0898625
72,transfer_vmware,reactive,9.673617324577997,11.579026797600932,22.430555555555557,18555.440764475654,25.678632137623232,129,0.9904078497701397,3.9666625
72,transfer_vmware,predictive,8.82731170688025,10.566024618841501,6.701388888888888,18559.354971749788,17.590700076991762,49,0.9997942822749142,19.379738888888888
72,transfer_vmware,predictive_no_forecast,8.451605124424201,10.116315224689577,0.4861111111111111,18561.741609694127,12.622474525366455,21,0.9999859618176014,2.719447222222222
72,transfer_vmware,mpc,9.607131525935552,11.4994453113471,22.430555555555557,18553.749952811035,27.074011817380555,26,0.9853954330461916,19.628480555555555
73,transfer_vmware,static,11.262647577195839,13.4810478575526,22.98611111111111,18492.716680117028,47.386769471641905,0,0.9340492253251799,0.09181527777777777
73,transfer_vmware,reactive,8.979364959971026,10.748027755116837,7.777777777777778,18551.526641199,19.010530935019965,48,0.998788136164004,2.5464708333333332
73,transfer_vmware,predictive,7.27163304948929,8.703924407722031,0.0,18579.244570079678,0.40186986618284104,47,1.0,19.235875
73,transfer_vmware,predictive_no_forecast,7.416535569346061,8.877368333005142,0.0,18578.91397647667,2.236169340918972,16,1.0,2.6534430555555555
73,transfer_vmware,mpc,8.09064923737418,9.684261965947874,5.104166666666667,18554.970268579847,9.2278551460445,26,0.9989530791488708,19.75649027777778
74,transfer_vmware,static,12.255319174077853,14.669245678062905,30.76388888888889,18491.617044435996,57.337025730447564,0,0.9396298332873866,0.08788194444444444
74,transfer_vmware,reactive,8.930287720832686,10.689283787057313,23.26388888888889,18573.10107369731,20.637031651110405,134,0.9949878951371567,4.1141625
74,transfer_vmware,predictive,7.580880102555155,9.074083759119038,0.0,18580.871797522224,4.03072217136827,54,1.0,19.752950000000002
74,transfer_vmware,predictive_no_forecast,8.74959309386905,10.472997794176603,5.138888888888888,18570.018537424796,16.602737689371207,20,0.99940986411232,2.715401388888889
74,transfer_vmware,mpc,8.647366386564,10.35063552331146,3.5416666666666665,18568.40791704868,14.790092838289798,28,0.9991565568740514,19.72443611111111
75,transfer_vmware,static,10.206065209775945,12.216350781398491,18.40277777777778,18499.11930538165,35.24547843721262,0,0.9564604888422928,0.08817222222222222
75,transfer_vmware,reactive,9.263349139444992,11.087948212365974,18.40277777777778,18556.55188503886,24.913827637697317,106,0.9755876460495909,3.6034583333333337
75,transfer_vmware,predictive,7.849636759831253,9.39577733373741,7.951388888888888,18572.005683222385,7.358021079783178,51,0.9965564394870711,19.601958333333332
75,transfer_vmware,predictive_no_forecast,8.062197785790314,9.6502064405672,7.951388888888888,18569.96366758991,9.591647452438076,18,0.9942483663492341,2.691908333333333
75,transfer_vmware,mpc,8.980066543072716,10.748867528829471,8.159722222222223,18556.91195073748,20.47686325302317,30,0.9792264829378835,19.86852083333333
76,transfer_vmware,static,11.016641765951006,13.186586356214093,27.118055555555554,18451.020916678204,41.040687691258626,0,0.9606488365436535,0.08841527777777777
76,transfer_vmware,reactive,9.97772904005433,11.943039305519564,13.402777777777777,18538.512131390307,31.27445744780466,78,0.9668267502885262,3.151320833333333
76,transfer_vmware,predictive,8.87945494064641,10.628438489561617,12.291666666666666,18547.85569268971,20.288823301614826,44,0.9761351146903197,19.505081944444445
76,transfer_vmware,predictive_no_forecast,8.569192369145405,10.257063593371035,11.875,18551.7145068778,16.444503419241325,16,0.9857971638593163,2.6679944444444446
76,transfer_vmware,mpc,9.31083494111974,11.144787278006978,12.118055555555555,18538.960326009663,24.635578347785803,29,0.9704774946978035,19.79454861111111
77,transfer_vmware,static,10.282968276743384,12.308401422162541,20.17361111111111,18494.012547159135,36.80662915493284,0,0.95218684694789,0.08844166666666667
77,transfer_vmware,reactive,8.68660705018917,10.39760540855977,20.17361111111111,18569.392389680343,17.960020093098066,116,0.9934546063415932,3.782197222222222
77,transfer_vmware,predictive,7.419663228854694,8.881112046659405,0.0,18580.523744908067,2.1968234971471166,55,1.0,19.590656944444444
77,transfer_vmware,predictive_no_forecast,7.394016104810015,8.850413216363497,0.0,18579.62184445521,2.181341710572652,19,1.0,2.6759305555555555
77,transfer_vmware,mpc,8.37616141447992,10.0260113900593,12.916666666666668,18565.535262777008,13.435001065448294,30,0.9969838508107044,19.56974027777778
78,transfer_vmware,static,11.30620823711695,13.533188647458164,22.77777777777778,18497.81764725378,48.63731370242729,0,0.9319435618757091,0.0926513888888889
78,transfer_vmware,reactive,9.133390405922405,10.932391546482878,22.77777777777778,18567.27129439978,23.081166238331747,131,0.9891395323930439,4.300388888888889
78,transfer_vmware,predictive,7.905672501311191,9.46285041823611,0.1736111111111111,18575.573299925392,7.9689450755933215,49,0.9999980228086388,19.901131944444444
78,transfer_vmware,predictive_no_forecast,8.388379237551266,10.040635754038636,8.125,18574.097418016092,13.210753917314245,19,0.9998175193416003,2.724169444444444
78,transfer_vmware,mpc,8.913618742355435,10.669331524940588,12.465277777777779,18567.09050134995,18.128343684031503,29,0.9992308444804768,19.901977777777777
79,transfer_vmware,static,10.320726291228304,12.353596621318754,18.26388888888889,18484.733773086064,37.73001983413702,0,0.944634682998661,0.09023055555555555
79,transfer_vmware,reactive,8.75503990165208,10.479517458038089,18.26388888888889,18540.22718463739,18.956628279408868,105,0.9884766117089452,3.5596111111111113
79,transfer_vmware,predictive,7.914318774132912,9.473199744795444,0.3819444444444444,18550.032358513516,7.54123864740336,49,0.9999887323707669,19.48155277777778
79,transfer_vmware,predictive_no_forecast,7.852948959911699,9.399741936864016,0.0,18551.107128612864,6.553861035402752,16,1.0,2.644891666666667
79,transfer_vmware,mpc,8.771658646663644,10.499409592218589,17.36111111111111,18538.596455310406,18.160190214085898,30,0.9893912840818289,19.672854166666667
80,transfer_vmware,static,11.443079773937264,13.69701972940978,23.40277777777778,18516.525159328005,50.58868447691379,0,0.9262622924508761,0.0907388888888889
80,transfer_vmware,reactive,8.78583959244139,10.51638375458892,23.194444444444446,18583.28693844779,19.419840386321606,135,0.9932387460130617,4.095798611111111
80,transfer_vmware,predictive,7.37207451087975,8.82414979332577,0.0,18591.17466329743,1.9459931701840216,53,1.0,19.720599999999997
80,transfer_vmware,predictive_no_forecast,8.054339241511814,9.640800001203532,0.4861111111111111,18585.643365028693,9.81214648713612,18,0.9999815306380021,2.663483333333333
80,transfer_vmware,mpc,8.36863455954994,10.017001972794626,10.902777777777779,18582.202676676843,13.365488499310274,28,0.9989063011201723,19.819504166666665
81,transfer_vmware,static,11.261275953852028,13.479406065974397,19.54861111111111,18476.392040196864,47.010993909411525,0,0.9380581407026612,0.0881986111111111
81,transfer_vmware,reactive,11.060287610881417,13.238829109994432,13.88888888888889,18540.862625566235,31.233833317456398,82,0.9986281154485553,3.1692305555555556
81,transfer_vmware,predictive,7.494324172200564,8.970478933391567,0.0,18558.978175079184,3.1953450671758628,52,1.0,19.781006944444446
81,transfer_vmware,predictive_no_forecast,7.901300589027639,9.457617371714901,9.6875,18553.739917615665,8.123057628328727,18,0.9996273069068461,2.734670833333333
81,transfer_vmware,mpc,8.437479524045123,10.099407309084315,11.5625,18549.65766948165,13.621844275314558,29,0.9983974987550284,20.31624722222222
82,transfer_vmware,static,10.854116661296334,12.992048730945617,18.819444444444443,18498.56302622774,43.06293580575538,0,0.9396326896347154,0.0955111111111111
82,transfer_vmware,reactive,8.412042649799675,10.068960141426885,15.520833333333334,18566.371677551375,14.588405361476566,91,0.9976380475525256,3.402620833333333
82,transfer_vmware,predictive,7.5161810634380535,8.99664096987282,0.0,18578.217554778283,3.5708350417174795,51,1.0,19.693402777777777
82,transfer_vmware,predictive_no_forecast,7.455815619827424,8.924385363126776,0.0,18575.736981412323,2.4392102210457622,19,1.0,2.699126388888889
82,transfer_vmware,mpc,7.9169042181745235,9.476294442966472,4.548611111111111,18567.706384153727,8.126747224722504,29,0.9987665837386035,19.914568055555556
83,transfer_vmware,static,10.947254111761785,13.10353143680575,19.86111111111111,18501.12572714403,39.39778337160489,0,0.9560328546282717,0.09009027777777777
83,transfer_vmware,reactive,8.757754940149914,10.482767276846106,11.840277777777777,18564.009526642636,17.08381149597476,74,0.9996373956219694,3.040576388888889
83,transfer_vmware,predictive,7.431332330703026,8.89507960796271,0.0,18576.72020331985,2.3285879937402356,52,1.0,19.728134722222222
83,transfer_vmware,predictive_no_forecast,7.668503431781535,9.178966228950639,0.0,18575.295823087967,4.426654909228242,16,1.0,2.671105555555555
83,transfer_vmware,mpc,8.41284433251801,10.0699197313473,0.2777777777777778,18566.842924115612,10.872517054429846,26,0.9999879658221166,19.754861111111108
84,transfer_vmware,static,12.92358104119843,15.469134882646587,32.74305555555556,18488.640896754117,61.53033773705739,0,0.9280777616899089,0.09006944444444444
84,transfer_vmware,reactive,8.900304239936416,10.653394469014815,21.666666666666668,18568.062280915656,19.34811286530267,125,0.9976064367154117,3.9455944444444446
84,transfer_vmware,predictive,7.551562338942341,9.0389912844916,0.0,18578.84479272171,3.6731682306907065,51,1.0,19.77359722222222
84,transfer_vmware,predictive_no_forecast,8.173916736912892,9.783930639638164,0.7638888888888888,18572.65316613866,10.322622466246836,15,0.9999471874152737,2.6426666666666665
84,transfer_vmware,mpc,8.395810073023382,10.049530238921935,9.409722222222221,18570.63001107296,13.141586099209075,32,0.9994987992522354,19.89223888888889
85,transfer_vmware,static,12.506813632087361,14.970276923256074,28.47222222222222,18520.259194998245,58.08693245894212,0,0.9276925445939579,0.09021388888888889
85,transfer_vmware,reactive,10.069538644838302,12.052932620336751,15.069444444444443,18580.482697716016,24.839171957021442,91,0.9992079143825487,3.375123611111111
85,transfer_vmware,predictive,7.5977163059188655,9.094236184357449,0.0,18603.87609581166,3.613418706271589,50,1.0,19.72987638888889
85,transfer_vmware,predictive_no_forecast,8.1536935705621,9.759724122339492,11.07638888888889,18598.209854672845,10.567495996096966,16,0.9994826806979263,2.674802777777778
85,transfer_vmware,mpc,8.520250733152235,10.198481938167065,12.395833333333334,18593.112729547916,14.315666174427202,28,0.9954318904095928,19.77119861111111
86,transfer_vmware,static,11.702169900379792,14.007142759545511,22.291666666666668,18509.08671865885,52.44942661011343,0,0.935000437312314,0.09121805555555555
86,transfer_vmware,reactive,8.683836628865347,10.394289298187317,21.21527777777778,18575.051342319945,18.115132709917404,125,0.9949047746748042,3.8773666666666666
86,transfer_vmware,predictive,7.503520196907304,8.981486296298138,0.0,18582.420831106898,3.1092531795067866,51,1.0,19.638027777777776
86,transfer_vmware,predictive_no_forecast,8.291626121667312,9.924825206238134,1.7361111111111112,18576.412545651077,12.105282682817371,18,0.9999313863353461,2.6674305555555557
86,transfer_vmware,mpc,8.73922834672479,10.460591505928143,16.319444444444446,18570.52640900688,17.52918357609404,29,0.9954980475796843,19.76781527777778
87,transfer_vmware,static,10.913962701986845,13.063682628135764,22.118055555555554,18505.97893197202,44.612811981630635,0,0.9356890963714114,0.09037361111111111
87,transfer_vmware,reactive,8.61820089483351,10.315725313512838,20.65972222222222,18569.960845468308,17.410589448894747,123,0.9955372336605302,3.8414805555555556
87,transfer_vmware,predictive,8.153813132086553,9.759867233861176,7.986111111111111,18572.130981383198,11.362280052952535,48,0.999818492689312,19.468320833333333
87,transfer_vmware,predictive_no_forecast,7.623702874914123,9.125341319972966,0.0,18575.355909945105,4.674986125377444,18,1.0,2.6739583333333337
87,transfer_vmware,mpc,7.650308629526747,9.15718760200928,0.034722222222222224,18573.51109701054,4.535680673958382,28,0.9999999867473514,19.545655555555555
88,transfer_vmware,static,11.480085549609338,13.74131452150208,22.708333333333332,18515.46013692102,50.531219039485336,0,0.9281925864576236,0.09027083333333333
88,transfer_vmware,reactive,8.61613096188805,10.313247666502358,15.79861111111111,18563.84717383252,16.725242554072228,96,0.997722192821636,3.3591333333333333
88,transfer_vmware,predictive,7.299990109951102,8.737866949789977,0.0,18577.838712427503,1.065835042933071,52,1.0,19.46943611111111
88,transfer_vmware,predictive_no_forecast,8.050330434491428,9.636001580679128,1.7361111111111112,18570.83607174246,9.9341163022076,21,0.9999327655122837,2.684358333333333
88,transfer_vmware,mpc,7.851058945309145,9.397479646657903,0.3125,18571.21667743034,7.475292405757596,32,0.999980618723206,19.611118055555554
89,transfer_vmware,static,9.994492866493113,11.963105097772054,13.854166666666668,18495.86840195766,32.74174507666457,0,0.9559860141507529,0.09147083333333333
89,transfer_vmware,reactive,8.069923898899985,9.659454363834843,11.770833333333334,18573.22811212454,10.253753240243338,69,0.9993052307244839,2.9382305555555552
89,transfer_vmware,predictive,7.3308539670962,8.77481005152425,0.0,18578.482072295206,1.1584340963931938,50,1.0,19.4003125
89,transfer_vmware,predictive_no_forecast,7.355141490619704,8.80388148119632,0.0,18579.707890491285,1.644849115529159,21,1.0,2.7017347222222226
89,transfer_vmware,mpc,7.8442447462721,9.38932325690145,2.361111111111111,18569.21581869164,7.054942726814435,31,0.9999094816892955,19.875120833333334
90,transfer_vmware,static,9.98919094469386,11.956758858042658,16.59722222222222,18452.139949202163,31.329368880027378,0,0.9695506551595754,0.09077916666666667
90,transfer_vmware,reactive,9.270249362236596,11.09620756994987,10.104166666666666,18530.300064170588,23.646288473277682,57,0.9785128026625559,2.7555069444444444
90,transfer_vmware,predictive,8.482911080913835,10.15378750594231,6.840277777777779,18539.644675907286,14.211812403626059,46,0.9891480004597676,19.32222638888889
90,transfer_vmware,predictive_no_forecast,8.552885359005693,10.2375445963856,11.180555555555555,18539.737609557862,14.263836653836853,14,0.9911228406406036,2.597904166666667
90,transfer_vmware,mpc,9.100260343475032,10.892735865674656,13.26388888888889,18529.728269019626,20.047724826832752,22,0.9854668124646883,19.92245138888889
91,transfer_vmware,static,10.920677970152468,13.071720600637036,18.055555555555554,18490.91881921678,43.419817038564545,0,0.9407888665413514,0.09591527777777778
91,transfer_vmware,reactive,10.084222799740466,12.070509108780275,18.055555555555554,18557.614218891133,34.899929612121774,104,0.9528355687526299,3.885955555555556
91,transfer_vmware,predictive,9.488954734937192,11.357991273636923,18.020833333333332,18573.64725820392,27.08302707222058,54,0.9686448324748237,21.572120833333333
91,transfer_vmware,predictive_no_forecast,9.996873152777393,11.965954228324442,18.020833333333332,18567.306254195202,32.68111877745341,16,0.9562468626666818,2.717413888888889
91,transfer_vmware,mpc,10.493900684463405,12.560881122312276,18.055555555555554,18561.862520351344,38.11688065011203,29,0.9485552782772775,20.689218055555557
92,transfer_vmware,static,11.727840504356386,14.03786969460842,21.59722222222222,18495.557384656662,52.12625889776147,0,0.9363636105255719,0.09028194444444444
92,transfer_vmware,reactive,9.168236691773094,10.974101494698115,20.9375,18566.51847977333,23.765773656524182,124,0.9836758169497796,3.8712
92,transfer_vmware,predictive,8.565597345537578,10.252760459052542,18.194444444444443,18570.346523711647,15.956986868220538,47,0.9941067265782324,19.549319444444446
92,transfer_vmware,predictive_no_forecast,8.254485455091734,9.880368953821922,8.4375,18570.954774126745,11.766652286889542,17,0.9995927687033768,2.6726972222222223
92,transfer_vmware,mpc,8.857503933058814,10.602163798661302,18.15972222222222,18566.371505486553,18.326195736043537,28,0.9951563031249383,19.734895833333333
93,transfer_vmware,static,10.78059601291981,12.904046742737354,16.07638888888889,18489.913247842713,40.1844755816917,0,0.9526188207961446,0.08951388888888888
93,transfer_vmware,reactive,8.12235098630367,9.722207998757419,13.576388888888888,18547.499924384185,11.233071180314823,78,0.9985449132408764,3.178313888888889
93,transfer_vmware,predictive,7.420394420568358,8.881987260983337,0.0,18554.481580178974,2.3589543877167642,49,1.0,19.7956125
93,transfer_vmware,predictive_no_forecast,7.571414052009758,9.062753183466217,0.0,18552.986762474535,4.0091710064464445,15,1.0,2.717509722222222
93,transfer_vmware,mpc,7.957585609755749,9.524988835919752,6.909722222222222,18545.178575284262,8.619805205225726,28,0.9994689912975979,20.47637777777778
94,transfer_vmware,static,9.897301309821424,11.84676974963473,15.833333333333332,18486.647808440364,32.807448584418104,0,0.9520093534948354,0.09169444444444444
94,transfer_vmware,reactive,8.357494982373794,10.003668236477711,15.833333333333332,18563.577824270134,14.165371209638096,91,0.9947360741592755,3.3779527777777774
94,transfer_vmware,predictive,7.354904885884201,8.803598272497743,0.0,18572.860948092504,1.7016592416174057,51,1.0,19.790665277777777
94,transfer_vmware,predictive_no_forecast,7.362677759609761,8.81290216680563,0.0,18573.18076671385,2.086806793072816,14,1.0,2.6813083333333334
94,transfer_vmware,mpc,8.291487294793875,9.924659034677518,1.5277777777777777,18562.906587819347,11.467645820827718,29,0.9999265235014366,20.234337500000002
95,transfer_vmware,static,11.779877277685017,14.100156135410849,30.555555555555557,18490.033282834505,50.84752227351505,0,0.9408783690440863,0.08988333333333334
95,transfer_vmware,reactive,8.596448734639889,10.289688636917443,18.819444444444443,18568.58917459108,16.822717439654447,109,0.994301597796873,3.7186305555555554
95,transfer_vmware,predictive,7.749828481886087,9.276309849530302,0.1388888888888889,18575.448786963225,6.18343120666857,59,0.9999993191713841,19.97822777777778
95,transfer_vmware,predictive_no_forecast,7.82654317645866,9.368135014245954,1.4236111111111112,18572.364722050657,7.036086752736372,17,0.9999225318689562,2.6875388888888887
95,transfer_vmware,mpc,8.723857944957745,10.442193600782748,16.84027777777778,18564.332220329066,17.473311828816886,31,0.9932845172449115,20.044963888888887
96,transfer_vmware,static,11.360101200560715,13.597696891580231,20.79861111111111,18473.747316540543,48.74820581629247,0,0.9324203863258936,0.0912875
96,transfer_vmware,reactive,10.553140870025496,12.63178982927296,20.79861111111111,18536.367139379683,39.93816287457771,120,0.9489089322463126,3.9113375
96,transfer_vmware,predictive,8.335241876333589,9.977031942884146,14.722222222222223,18552.273293329334,13.298826466312878,53,0.9985940543826606,20.04040555555556
96,transfer_vmware,predictive_no_forecast,9.372164839700595,11.218197308126456,20.76388888888889,18541.920337028136,25.579094536125396,19,0.9785833661919712,2.6977194444444446
96,transfer_vmware,mpc,10.093154706073658,12.081200329997253,20.76388888888889,18535.134531319574,32.85078809865245,26,0.9685429168323167,19.4288375
97,transfer_vmware,static,10.02903433568323,12.004450189681469,11.215277777777779,18498.48102738192,31.72976406372467,0,0.9633040859170894,0.08674583333333334
97,transfer_vmware,reactive,8.958674844252679,10.72326231357518,11.215277777777779,18566.13189455073,18.903448822722634,65,0.9923938730029959,2.8907
97,transfer_vmware,predictive,7.330221985140018,8.774053588273675,0.0,18581.421902532147,1.5168211961953144,50,1.0,19.85087638888889
97,transfer_vmware,predictive_no_forecast,7.331021634566985,8.775010744405936,0.0,18581.029256475045,1.0281802576160106,20,1.0,2.722398611111111
97,transfer_vmware,mpc,7.463779494469754,8.933917879744108,0.0,18577.089910850424,3.2191199144675724,25,1.0,19.877679166666663
98,transfer_vmware,static,10.363253487978968,12.404500387126337,18.26388888888889,18536.801420478118,38.24722812606995,0,0.9430814892824879,0.10153194444444445
98,transfer_vmware,reactive,8.59072930806902,10.282842656628064,18.26388888888889,18609.566650425808,16.9473789112527,105,0.992659300363976,3.595323611111111
98,transfer_vmware,predictive,7.375214646008553,8.827908439919334,0.0,18618.406227578307,2.2309436850662103,53,1.0,20.054330555555556
98,transfer_vmware,predictive_no_forecast,7.574297855760996,9.066205009168463,0.06944444444444445,18616.733662398605,4.16624999046432,18,0.9999998784347974,2.8798611111111114
98,transfer_vmware,mpc,7.971930004695109,9.542158641983551,1.1458333333333333,18613.37936172766,9.028276028499876,30,0.9999191933524725,21.688679166666667
99,transfer_vmware,static,11.269383117995071,13.48911009578197,18.819444444444443,18472.96204148577,42.416053689355195,0,0.9489802758837895,0.099275
99,transfer_vmware,reactive,8.662139477836948,10.368318465895731,18.819444444444443,18559.43461134393,17.522552443056274,108,0.9923881843894702,4.018576388888889
99,transfer_vmware,predictive,7.7303972914550005,9.25305130340825,0.5902777777777778,18566.225613839957,6.1760666299489495,56,0.999981230374407,20.58746111111111
99,transfer_vmware,predictive_no_forecast,8.024212431441878,9.604739122483451,12.083333333333334,18562.160299311265,8.739776895192913,18,0.9996577775951203,2.6653319444444445
99,transfer_vmware,mpc,8.693196493689996,10.405492772750149,12.32638888888889,18554.45330861136,15.89242774619693,34,0.9903225776767604,20.08295
0,transfer_hyperv,static,11.8438747301388,14.176759146681325,34.0625,18422.777423050007,49.88624566427157,0,0.9522832259478404,0.08740555555555556
0,transfer_hyperv,reactive,9.43579025508171,11.294355002294763,16.84027777777778,18465.482967477787,23.32059384188345,98,0.9963332362618726,3.4808430555555554
0,transfer_hyperv,predictive,7.784879752312597,9.318265158071132,0.0,18477.32941626581,5.576387003705862,50,1.0,19.73888472222222
0,transfer_hyperv,predictive_no_forecast,8.02348460418043,9.60386793530687,0.20833333333333334,18474.543001731177,8.424184376010553,16,0.9999884842939674,2.699865277777778
0,transfer_hyperv,mpc,8.665317997942587,10.372123058143389,0.24305555555555555,18470.473570091795,12.516995211412247,26,0.9999750916692106,19.930330555555557
1,transfer_hyperv,static,11.427724649586127,13.678640110868226,21.42361111111111,18397.87507257464,44.60383900318151,0,0.944658824529999,0.08902638888888889
1,transfer_hyperv,reactive,8.045217793914802,9.629881904837418,13.854166666666668,18487.55202192462,10.706571248252752,80,0.9975522790179566,3.185761111111111
1,transfer_hyperv,predictive,7.367511624924498,8.818688157106587,0.0,18495.829495199494,1.9912976278562529,44,1.0,20.457224999999998
1,transfer_hyperv,predictive_no_forecast,7.558531499575641,9.047333158582964,0.0,18494.195847679614,4.052385694244657,15,1.0,2.7584333333333335
1,transfer_hyperv,mpc,8.23203633813143,9.853498041096712,11.354166666666666,18479.390388520256,11.825036705136899,25,0.9941982693431097,22.05485277777778
2,transfer_hyperv,static,11.554918146752179,13.830886872627616,30.104166666666664,18421.75797513049,48.44117995802072,0,0.9515051737593402,0.09375138888888888
2,transfer_hyperv,reactive,11.379943664698747,13.621447719866683,19.583333333333332,18457.643350389568,35.46512236382426,103,0.994217817671266,3.705075
2,transfer_hyperv,predictive,7.538360297739389,9.023188841233514,0.0,18480.29399097653,3.3231422791338137,49,1.0,21.57161111111111
2,transfer_hyperv,predictive_no_forecast,7.864226417302437,9.413240711619597,0.0,18478.465970997826,6.5528295777433465,16,1.0,2.9985569444444446
2,transfer_hyperv,mpc,8.216607743915633,9.835030481353563,0.7291666666666666,18474.744910273697,10.40289178648307,26,0.999977728722078,25.898848611111113
3,transfer_hyperv,static,11.092499149306828,13.277385345382402,27.673611111111114,18453.856770271384,42.894374096780936,0,0.9581653582283307,0.11029583333333333
3,transfer_hyperv,reactive,10.106467686317206,12.097135563925153,6.388888888888888,18485.30437400488,24.054505624381438,45,0.9997997402936709,3.0638166666666664
3,transfer_hyperv,predictive,7.773288765441896,9.304391098028928,9.270833333333334,18500.04405062628,6.996851866608741,51,0.9990857320569954,21.92107361111111
3,transfer_hyperv,predictive_no_forecast,7.62605205349554,9.128153215547679,0.0,18506.343643248107,4.501315936070716,20,1.0,2.8368263888888885
3,transfer_hyperv,mpc,8.827502071385668,10.566252479385888,17.53472222222222,18493.741205982824,18.122735907178818,28,0.9947504084227798,22.336288888888888
4,transfer_hyperv,static,13.212733348799619,15.815241432654092,40.763888888888886,18452.35456257997,64.34483189214998,0,0.9365957937387213,0.1071986111111111
4,transfer_hyperv,reactive,8.43648808819507,10.098220590415304,16.875,18497.703126742825,15.02800828504245,100,0.998656238550427,3.882626388888889
4,transfer_hyperv,predictive,7.236334469146299,8.661673076705416,0.0,18505.329146954748,0.4168866938775064,49,1.0,21.451329166666667
4,transfer_hyperv,predictive_no_forecast,7.6987410728033145,9.215159768961547,0.0,18502.69068734895,5.380158695110662,15,1.0,2.713319444444444
4,transfer_hyperv,mpc,8.012651213930589,9.590900695462372,0.4166666666666667,18499.77243427073,9.384072809410494,26,0.99999338909662,20.045133333333336
5,transfer_hyperv,static,11.464289450423603,13.722407069446442,17.32638888888889,18448.578845054148,39.067608067847964,0,0.9700201340507,0.09535138888888889
5,transfer_hyperv,reactive,10.27310541747644,12.296595878494518,1.0416666666666665,18495.01795508912,24.189764172942805,10,0.9999755014470122,2.089823611111111
5,transfer_hyperv,predictive,7.293568945451703,8.730181010464916,0.0,18515.719192321096,1.0151740040441912,50,1.0,20.417609722222224
5,transfer_hyperv,predictive_no_forecast,7.4949741135846075,8.971256893533106,0.0,18513.873656155894,3.461136046262755,19,1.0,2.7202055555555558
5,transfer_hyperv,mpc,8.15018156041213,9.755520352614518,6.006944444444445,18503.202534678207,10.442992267182785,29,0.9990554407861284,20.0288125
6,transfer_hyperv,static,16.421428038056487,19.655951742522163,60.59027777777778,18435.891357103897,93.51209406237012,0,0.9217546140256186,0.09242361111111111
6,transfer_hyperv,reactive,11.05846837406363,13.236651538651927,17.708333333333336,18490.550584341632,38.658837326406676,102,0.9854652824357152,3.5852597222222222
6,transfer_hyperv,predictive,7.737541532218102,9.261602743109552,0.0,18510.279491565794,5.9180779373196355,53,1.0,21.21774027777778
6,transfer_hyperv,predictive_no_forecast,8.565854182428376,10.253067885027898,1.6319444444444446,18503.393897546932,14.137311141669509,18,0.9999729861128003,2.669901388888889
6,transfer_hyperv,mpc,9.569839418016986,11.454807788232431,30.76388888888889,18494.987692404557,24.962285121627392,30,0.9973017188163222,19.974952777777776
7,transfer_hyperv,static,13.080868518683031,15.657403226908455,29.097222222222225,18387.92036830723,58.69029910392556,0,0.9414257095328141,0.08997083333333333
7,transfer_hyperv,reactive,12.065336605178404,14.441842300137791,13.4375,18444.999214921474,42.98214609316249,74,0.9722673490085073,3.0824236111111114
7,transfer_hyperv,predictive,8.546511308040031,10.229915050532757,0.0,18470.702813451513,11.742470411755004,46,1.0,20.55930972222222
7,transfer_hyperv,predictive_no_forecast,9.380508155075397,11.228184003802367,12.118055555555555,18462.5604770448,18.980092043929222,25,0.9925884479462734,2.7533069444444447
7,transfer_hyperv,mpc,9.69763661130932,11.607777155961159,19.930555555555557,18457.373910900587,23.575842680988195,30,0.9968166965895302,19.479806944444444
8,transfer_hyperv,static,14.050151804091223,16.817605947321326,38.57638888888889,18420.862422973245,68.64670560858006,0,0.9271166662562991,0.08990555555555556
8,transfer_hyperv,reactive,9.841912066769083,11.780470504162993,22.430555555555557,18473.748832975198,25.596513899003686,124,0.9983646779764226,3.849143055555556
8,transfer_hyperv,predictive,7.751566669502808,9.278390407435195,0.0,18487.97285388763,5.7272213830336565,57,1.0,19.343659722222224
8,transfer_hyperv,predictive_no_forecast,8.048637623006156,9.633975336628582,0.45138888888888884,18485.79446176399,8.658090464165452,16,0.9999895527980962,2.6689875
8,transfer_hyperv,mpc,9.06086647791678,10.845582602354915,12.569444444444445,18475.03588088828,19.99039596266509,34,0.992378384730615,20.017743055555556
9,transfer_hyperv,static,11.88727041325678,14.228702464352793,31.770833333333332,18418.316466327073,50.90789944290605,0,0.9553649816004486,0.08892638888888889
9,transfer_hyperv,reactive,11.887774329670433,14.229305637029787,14.270833333333332,18462.458428398953,43.9072761556835,71,0.9751385703433292,3.0078555555555555
9,transfer_hyperv,predictive,8.446145491275308,10.109780209253767,10.48611111111111,18489.772087903213,14.378830334818849,52,0.9861670788558112,19.684718055555557
9,transfer_hyperv,predictive_no_forecast,8.57934067480687,10.269210807723377,10.555555555555555,18488.75857177278,15.684354213326706,16,0.9886543415940832,2.654240277777778
9,transfer_hyperv,mpc,8.89543491380612,10.647566033192167,12.777777777777777,18471.278212726855,19.512985672928362,30,0.9788986509872701,20.036459722222222
10,transfer_hyperv,static,11.696707454095993,14.0006043768725,29.305555555555557,18412.556045162397,47.96710060621839,0,0.9509828324185494,0.09602222222222223
10,transfer_hyperv,reactive,9.715353333452299,11.62898353549594,2.5347222222222223,18445.36328698541,22.53819327858525,21,0.9999472040857738,2.274302777777778
10,transfer_hyperv,predictive,7.4965155185307015,8.973101908544315,0.0,18471.188206100753,3.201856541523775,50,1.0,20.091395833333333
10,transfer_hyperv,predictive_no_forecast,7.430640590595008,8.894251616015243,0.0,18469.238696267246,2.289747454715584,15,1.0,2.6341097222222225
10,transfer_hyperv,mpc,8.060432868182643,9.648093887673157,2.013888888888889,18462.924146248177,9.554590225509234,25,0.9999424017921956,21.189652777777777
11,transfer_hyperv,static,12.077863569594927,14.45683669693937,25.590277777777775,18453.897987958586,54.178176433514516,0,0.940416079699567,0.09406527777777778
11,transfer_hyperv,reactive,10.165173437745455,12.167404569422597,2.638888888888889,18484.670833621498,27.35496913221373,22,0.9998402356720106,2.1895611111111113
11,transfer_hyperv,predictive,7.72959642511459,9.252092690667475,0.0,18508.002090504677,5.403769929824665,51,1.0,20.977097222222223
11,transfer_hyperv,predictive_no_forecast,7.860561151488433,9.408853499508881,0.0,18506.264837996383,6.396153603611447,17,1.0,2.7632652777777778
11,transfer_hyperv,mpc,8.879360618867757,10.628325589250792,17.04861111111111,18498.00196168705,17.3922796582693,27,0.9986662504887347,22.131866666666664
12,transfer_hyperv,static,11.028719483631274,13.201043018285914,26.90972222222222,18455.128324242043,41.45687294423369,0,0.9594507771506577,0.09548472222222222
12,transfer_hyperv,reactive,9.040173819155097,10.820814116867467,0.3472222222222222,18488.92826745877,15.328900487691392,4,0.9999916845706249,1.8678416666666666
12,transfer_hyperv,predictive,7.608990595000537,9.107731166743063,0.1388888888888889,18502.6340311064,4.600832796634368,51,0.9999990803527606,20.01624722222222
12,transfer_hyperv,predictive_no_forecast,7.61398211250177,9.113705861933921,0.10416666666666667,18502.139545684975,4.7919240899159705,17,0.9999986035023323,2.704686111111111
12,transfer_hyperv,mpc,7.800629196221765,9.337116765174539,5.763888888888889,18496.282379628792,6.696498376119921,26,0.9988784332384351,20.374588888888887
13,transfer_hyperv,static,10.511948056718147,12.582483280011095,25.48611111111111,18451.2992389935,37.005311573572634,0,0.9662878712777118,0.09261944444444443
13,transfer_hyperv,reactive,9.97708657843412,11.942270298428735,1.0763888888888888,18484.407895385724,23.972310021594332,10,0.9999852996301437,1.9139055555555555
13,transfer_hyperv,predictive,7.83097833901272,9.37344376942432,0.1736111111111111,18504.27900668789,7.114345007586858,53,0.999997288114229,19.520663888888887
13,transfer_hyperv,predictive_no_forecast,7.674317180951696,9.185925110533097,0.0,18505.468332945937,5.314780198078593,18,1.0,2.6885333333333334
13,transfer_hyperv,mpc,8.21847803214318,9.837269159686546,14.166666666666666,18496.858429004686,12.056609176442235,30,0.9991877806054466,19.871637500000002
14,transfer_hyperv,static,13.906014873005262,16.645078408597186,37.88194444444444,18421.421241104355,63.2021385879757,0,0.9480240779235491,0.09124027777777778
14,transfer_hyperv,reactive,10.059808723705501,12.041286199586905,9.965277777777779,18477.616027755314,26.98575217905543,59,0.9995306408059255,2.8014444444444444
14,transfer_hyperv,predictive,8.083637814840667,9.675869505642613,0.798611111111111,18491.855184454173,8.978611812438448,54,0.9999689770711648,19.630945833333335
14,transfer_hyperv,predictive_no_forecast,8.107518404891973,9.70445384827979,0.3125,18489.987720524197,8.707030708816534,20,0.9999814690120827,2.7448694444444444
14,transfer_hyperv,mpc,10.33441868764977,12.369986004914113,23.055555555555557,18471.535289041567,24.645853305803673,33,0.9943471207276007,19.78367777777778
15,transfer_hyperv,static,11.334901578840885,13.567533708006517,33.47222222222222,18446.641918339283,43.96033205672023,0,0.9654486989641833,0.09091666666666667
15,transfer_hyperv,reactive,10.251973135696213,12.271301177575776,1.1805555555555556,18475.710176497505,26.114069314723626,10,0.9999714748440185,1.9301
15,transfer_hyperv,predictive,7.593703316935134,9.089432758149623,0.0,18499.447481696567,3.9766498315965797,50,1.0,19.63222638888889
15,transfer_hyperv,predictive_no_forecast,7.784200184470358,9.317451735956947,0.1388888888888889,18499.6421222324,6.721375703632858,19,0.9999991818721314,2.7149722222222223
15,transfer_hyperv,mpc,8.926220327040044,10.684415239941854,16.38888888888889,18482.650067159288,19.74637761218888,28,0.9938743068874117,20.09282638888889
16,transfer_hyperv,static,12.320258715221922,14.746976340947459,34.54861111111111,18418.99777491913,54.64631966601658,0,0.9493825065170362,0.09093611111111112
16,transfer_hyperv,reactive,11.41899153561939,13.66818683808988,2.048611111111111,18458.75272610481,33.800754889980325,17,0.9999239686789936,2.066902777777778
16,transfer_hyperv,predictive,7.2422192024640495,8.66871692416149,0.0,18488.143063779313,0.42420951900833875,51,1.0,20.295131944444446
16,transfer_hyperv,predictive_no_forecast,7.847826959929424,9.393611058097354,6.701388888888888,18480.51752873553,7.804588138394311,18,0.999828350762045,2.7294694444444443
16,transfer_hyperv,mpc,7.881316335353437,9.43369682565032,5.520833333333333,18477.994789515644,7.703664446915085,29,0.9998450330832854,20.214961111111112
17,transfer_hyperv,static,11.34226420411883,13.576346547354351,35.208333333333336,18442.593924161778,43.9472942240156,0,0.9662533623592242,0.08950277777777778
17,transfer_hyperv,reactive,10.27562171039054,12.299607804861399,11.006944444444445,18476.641618035526,32.89301099793204,65,0.9787084501738401,2.873373611111111
17,transfer_hyperv,predictive,8.331698559827494,9.972790700399589,10.243055555555555,18493.3425935689,12.829455319436594,45,0.9958626014728897,20.36431111111111
17,transfer_hyperv,predictive_no_forecast,8.177858348645326,9.788648629439114,10.243055555555555,18493.38351497548,11.398748797983144,17,0.9974177679981677,2.9435749999999996
17,transfer_hyperv,mpc,9.627727700786766,11.524098308517491,15.972222222222221,18481.610369238388,26.1829512992484,23,0.9843082931030536,21.072694444444444
18,transfer_hyperv,static,13.597403582363528,16.275680045556314,22.916666666666664,18436.75583237989,61.77245385719503,0,0.9437543641033487,0.09934027777777778
18,transfer_hyperv,reactive,9.730290749601625,11.646863169977701,11.215277777777779,18480.18231522634,21.564421564705118,70,0.9996092226276821,3.3081472222222224
18,transfer_hyperv,predictive,7.603204894606833,9.100805858696067,0.06944444444444445,18493.421283502765,4.530556337311733,54,0.9999999143612291,19.970581944444447
18,transfer_hyperv,predictive_no_forecast,8.445337694131767,10.108813300551658,11.805555555555555,18487.910086194544,12.769304996484403,20,0.9991948218540965,2.7790500000000002
18,transfer_hyperv,mpc,8.621455138489708,10.319620544555853,2.2222222222222223,18487.015272907523,12.82245226349765,29,0.9999073549235938,20.10024861111111
19,transfer_hyperv,static,12.096516441184043,14.479163618993008,34.44444444444444,18441.767430975066,52.66568970679267,0,0.9455954779682625,0.08904583333333334
19,transfer_hyperv,reactive,9.888595696436324,11.83634939421924,0.798611111111111,18477.32281670839,22.32386084611744,9,0.9999840455343306,1.9761513888888889
19,transfer_hyperv,predictive,7.8649748003120985,9.414136503403865,0.1388888888888889,18494.31035461965,7.509560605955116,53,0.9999934748564266,21.417593055555557
19,transfer_hyperv,predictive_no_forecast,7.5888742471207555,9.083652507917277,0.0,18495.692620343427,3.8636638793446108,18,1.0,2.8749583333333333
19,transfer_hyperv,mpc,8.362274700566354,10.009389414314278,6.284722222222222,18489.249535485254,13.487808513015,27,0.9998177986673664,21.17124861111111
20,transfer_hyperv,static,13.116629546900036,15.700208094016704,36.45833333333333,18394.436566604785,59.40326274607971,0,0.9418633201528225,0.09700138888888889
20,transfer_hyperv,reactive,9.202256924565333,11.014822682434277,9.583333333333334,18444.87238563682,20.176873684015195,58,0.9993938773578789,3.1083430555555553
20,transfer_hyperv,predictive,7.649693633061943,9.156451469877174,0.3125,18456.616588743174,5.124133866140406,52,0.9999905334968417,21.841925
20,transfer_hyperv,predictive_no_forecast,7.821331869506219,9.361897237742301,0.625,18454.420733081184,7.033987495663535,20,0.999969457823001,2.808222222222222
20,transfer_hyperv,mpc,8.438095637998487,10.100144778816372,11.284722222222223,18444.95344533709,14.038835983352891,28,0.9949039894134287,20.767781944444444
21,transfer_hyperv,static,12.783992058106945,15.302051099855271,32.708333333333336,18455.615727171888,59.715718574386294,0,0.929544514869095,0.09023055555555555
21,transfer_hyperv,reactive,10.20268020147885,12.212299029042876,7.256944444444445,18493.02851163905,26.53560268899636,49,0.9998012756400741,2.6584583333333334
21,transfer_hyperv,predictive,7.354463365084995,8.803069785480524,0.0,18519.86438821651,1.1292657456990602,46,1.0,19.52494722222222
21,transfer_hyperv,predictive_no_forecast,7.9010173416659955,9.457278333206277,0.2777777777777778,18516.12995825569,7.908511532251258,19,0.9999956252622633,2.8072986111111113
21,transfer_hyperv,mpc,8.557532301084036,10.243106845236962,5.763888888888889,18504.778427907324,14.579508162091331,26,0.9997956408895837,19.726891666666667
22,transfer_hyperv,static,11.625509892245496,13.915383052839298,25.3125,18454.22326229064,44.467278372107145,0,0.9601815576706713,0.09224444444444443
22,transfer_hyperv,reactive,8.577765430711207,10.267325288275543,14.548611111111112,18489.013253161862,15.632053110177317,84,0.9992053262434849,3.2632680555555558
22,transfer_hyperv,predictive,7.2586397833992695,8.688371861947607,0.0,18508.74030415543,0.38457809783669256,49,1.0,19.64873888888889
22,transfer_hyperv,predictive_no_forecast,7.620582873207085,9.12160677247514,1.5277777777777777,18501.043863231826,5.206758651977221,13,0.9999475253860882,2.591266666666667
22,transfer_hyperv,mpc,7.910182460341703,9.468248702530216,6.111111111111111,18495.57191471177,7.9943156189931734,30,0.999035018979629,19.76470972222222
23,transfer_hyperv,static,12.115322148128707,14.501673480335878,38.68055555555556,18422.59421078317,54.08260910331058,0,0.9504063118317505,0.08785416666666668
23,transfer_hyperv,reactive,8.961464148606478,10.726601026362308,11.07638888888889,18485.08748875301,18.879994436909218,68,0.9979212689199956,2.9268472222222224
23,transfer_hyperv,predictive,7.838311949525321,9.382221878977271,0.1388888888888889,18493.986822424376,6.5833358347841555,50,0.9999951061619261,19.640730555555553
23,transfer_hyperv,predictive_no_forecast,7.70627901023566,9.224182451645712,0.0,18497.16541565485,4.998216391790654,13,1.0,2.595934722222222
23,transfer_hyperv,mpc,7.9837761375878715,9.55633810408245,0.1388888888888889,18493.110493261833,8.661981327506826,23,0.9999962208132191,19.481358333333333
24,transfer_hyperv,static,11.520307408565436,13.789458867828337,30.17361111111111,18434.709695944814,44.57310897979457,0,0.9594663539148852,0.08894027777777778
24,transfer_hyperv,reactive,10.194775647866024,12.202837517900223,12.152777777777777,18494.167266930108,25.153119983672177,72,0.9972245230989999,2.987863888888889
24,transfer_hyperv,predictive,7.471714560867117,8.943415913765177,0.0,18511.95706033698,2.9267646030728987,53,1.0,19.38971944444444
24,transfer_hyperv,predictive_no_forecast,7.649016544998711,9.155641015983306,0.625,18510.143202125473,5.023673405060752,18,0.9999860348254723,2.681365277777778
24,transfer_hyperv,mpc,7.894569553094685,9.449560525673933,9.618055555555555,18504.056975098698,7.6960452776620905,31,0.9992926082840374,19.57737361111111
25,transfer_hyperv,static,10.947646717686204,13.104001374200177,33.576388888888886,18476.94398251488,39.811095249131625,0,0.9732935554180259,0.09185694444444445
25,transfer_hyperv,reactive,10.67766999038172,12.78084741272965,1.3194444444444444,18498.995692842323,29.121866286706744,17,0.9999378753566751,2.026295833333333
25,transfer_hyperv,predictive,7.365963824014822,8.816835486320779,0.0,18523.409850290096,1.6899586951849057,58,1.0,19.44787222222222
25,transfer_hyperv,predictive_no_forecast,7.340064454131239,8.785834725399514,0.0,18523.367805968846,1.4112357552074444,18,1.0,2.6834055555555554
25,transfer_hyperv,mpc,7.850901605699319,9.397291315912817,6.840277777777779,18516.066614750947,7.378245548157467,33,0.9998409914167856,19.70750277777778
26,transfer_hyperv,static,9.808056990259454,11.73994700349236,19.895833333333332,18454.968187338545,28.060500969804057,0,0.986984550023065,0.09072916666666667
26,transfer_hyperv,reactive,9.703561426531937,11.614868980242758,2.9166666666666665,18480.661209136004,22.05079084176697,19,0.9994083149688284,2.1542930555555553
26,transfer_hyperv,predictive,7.519855579388882,9.001039254116986,0.1736111111111111,18501.270321476863,3.0514104400462245,48,0.9999865476102264,20.641093055555558
26,transfer_hyperv,predictive_no_forecast,7.350514787631019,8.798343457921977,0.1736111111111111,18505.074342005675,1.3861445050730992,17,0.9999913462933476,2.6795166666666668
26,transfer_hyperv,mpc,7.870355319471179,9.420576821791247,2.569444444444444,18495.120673878006,6.439803609266212,25,0.9998306837083442,19.866816666666665
27,transfer_hyperv,static,11.828365945290562,14.158195601181124,32.5,18464.154468603545,48.991938194081406,0,0.9578040395283877,0.0881986111111111
27,transfer_hyperv,reactive,9.977274902305302,11.942495716395733,0.5555555555555556,18489.47819954837,23.875826127984574,8,0.999997533070507,1.91025
27,transfer_hyperv,predictive,7.319871776120669,8.76166470172019,0.0,18513.826807025765,0.9264196603640404,49,1.0,19.649527777777777
27,transfer_hyperv,predictive_no_forecast,7.373660178903106,8.82604778989917,0.0,18514.186246313144,0.7404888807684186,16,1.0,2.653573611111111
27,transfer_hyperv,mpc,7.769032712940136,9.299296732155613,0.1736111111111111,18507.218165129543,5.567315664467821,25,0.9999881988293923,19.79400277777778
28,transfer_hyperv,static,11.965677577563639,14.322553464053456,24.54861111111111,18420.114271346923,50.126192214049816,0,0.9450724323076505,0.09037361111111111
28,transfer_hyperv,reactive,8.931900360426544,10.691214067783294,11.07638888888889,18478.307308489733,16.303178114012756,67,0.9992149682550904,2.9637347222222226
28,transfer_hyperv,predictive,7.461718686685021,8.931451155274488,0.0,18500.095984720832,2.789910049537643,52,1.0,19.617933333333333
28,transfer_hyperv,predictive_no_forecast,7.79322234467389,9.3282509883218,0.5208333333333333,18497.33481515657,6.7065270836652155,13,0.9999911354183976,2.5967652777777777
28,transfer_hyperv,mpc,8.12608456074211,9.726676974221611,0.45138888888888884,18493.824660261504,9.967089690363075,29,0.9999872349162227,19.860486111111108
29,transfer_hyperv,static,11.805734918205538,14.131106947549041,41.90972222222222,18458.750685471492,47.49068323738622,0,0.9673503115718183,0.089375
29,transfer_hyperv,reactive,10.442931320664247,12.499872338370825,1.3194444444444444,18479.011774017657,27.380250197375364,15,0.9999620594761356,2.0119041666666666
29,transfer_hyperv,predictive,7.72189686490972,9.24287655042224,0.0,18501.78845326485,5.3982823071654575,52,1.0,19.30452083333333
29,transfer_hyperv,predictive_no_forecast,7.432872816425211,8.896923522690775,0.0,18504.375424626578,1.1034638836600048,18,1.0,2.7745375
29,transfer_hyperv,mpc,7.982050892618986,9.554273038134854,6.423611111111111,18490.7548867385,8.26037615762853,26,0.9987354813534888,20.295648611111112
30,transfer_hyperv,static,13.147498600402777,15.737157415633598,35.104166666666664,18455.669227947503,60.73724784271031,0,0.9409515626304432,0.09171944444444445
30,transfer_hyperv,reactive,10.694127229839214,12.800546229656023,12.222222222222221,18489.499253337133,29.4451978335451,72,0.9954956569600252,3.0323361111111113
30,transfer_hyperv,predictive,7.294424145958841,8.731204659556804,0.0,18513.35083458265,0.7512412237164936,53,1.0,19.843925
30,transfer_hyperv,predictive_no_forecast,7.625500076018726,9.12749251523454,0.0,18509.575687667806,4.11504972812774,18,1.0,2.680626388888889
30,transfer_hyperv,mpc,7.934506345693449,9.49736365620881,0.3819444444444444,18505.240772766356,7.542586955069819,26,0.9999735423650268,20.590823611111112
31,transfer_hyperv,static,11.852986038205641,14.18766510633705,23.993055555555557,18447.121122493583,47.38999695430542,0,0.952124528026416,0.09291666666666668
31,transfer_hyperv,reactive,11.111907409777878,13.300616445037157,8.368055555555555,18458.480548074767,29.530582519578015,55,0.9878659613923513,2.6927180555555554
31,transfer_hyperv,predictive,7.72043275797921,9.241124058793288,0.0,18493.37157194307,4.6232076211937505,54,1.0,19.486697222222222
31,transfer_hyperv,predictive_no_forecast,7.77277870656938,9.303780573014865,0.0,18492.93011738237,4.446010103085844,16,1.0,2.6288055555555556
31,transfer_hyperv,mpc,9.084381699503442,10.873729610011706,6.458333333333334,18480.821698901087,14.38806857453744,28,0.9998732390466409,19.38794861111111
32,transfer_hyperv,static,10.549560783691039,12.627504574418062,21.07638888888889,18431.294397798814,35.53928532571508,0,0.9631550023017281,0.09197916666666667
32,transfer_hyperv,reactive,7.926940095256052,9.488307083715577,12.95138888888889,18492.946673610935,9.372431079697726,75,0.9985443717168279,3.0407027777777778
32,transfer_hyperv,predictive,7.666075521051557,9.17606009337989,0.06944444444444445,18497.965377571985,5.002914461947366,54,0.9999994324464084,19.369966666666667
32,transfer_hyperv,predictive_no_forecast,7.536773761116472,9.021289804972753,0.0,18499.712583658846,3.1169943517616483,15,1.0,2.6044
32,transfer_hyperv,mpc,7.821491324785758,9.36208810087992,0.9722222222222222,18494.900174751205,6.991896019589733,29,0.9999342957362234,19.360051388888888
33,transfer_hyperv,static,11.875687548471602,14.214838126200847,38.611111111111114,18453.103386303243,49.73496506987178,0,0.9593725766621416,0.09188472222222223
33,transfer_hyperv,reactive,10.220526448655553,12.233660446118014,0.798611111111111,18484.6607526744,24.1717805564781,9,0.9999841820703753,1.9025555555555556
33,transfer_hyperv,predictive,7.281660336344392,8.715926766230405,0.0,18508.0515930757,1.186333822589305,44,1.0,19.422098611111114
33,transfer_hyperv,predictive_no_forecast,7.539402823494865,9.024436712971116,0.06944444444444445,18504.54024185789,4.340723418540461,16,0.9999997626636812,2.669516666666667
33,transfer_hyperv,mpc,7.84829242568642,9.394168206503446,10.48611111111111,18496.27025415577,8.067373034927517,28,0.9980835163414661,19.655886111111112
34,transfer_hyperv,static,14.801084082759225,17.716449129363316,34.513888888888886,18432.090256239157,64.37011064991671,0,0.9530655405128003,0.0893375
34,transfer_hyperv,reactive,11.596501680281754,13.880661102155445,19.166666666666668,18469.304313539164,35.76196972222231,112,0.9971823551510558,3.688845833333333
34,transfer_hyperv,predictive,7.395179532388724,8.851805803919834,0.0,18488.714792976374,1.9307696875052065,51,1.0,19.445597222222222
34,transfer_hyperv,predictive_no_forecast,7.839010037327772,9.383057468922622,0.0,18485.730980813747,6.700198355407017,21,1.0,2.778948611111111
34,transfer_hyperv,mpc,8.92322294328617,10.680827462418291,12.5,18477.14079810047,16.998075943226578,29,0.9991179928804008,19.935905555555557
35,transfer_hyperv,static,10.12758392473334,12.122411061423247,26.28472222222222,18457.115083378463,31.991346577411925,0,0.976560149082637,0.08848611111111111
35,transfer_hyperv,reactive,10.038102625896043,12.015304658269507,0.6597222222222222,18492.026259255006,23.996977239050025,7,0.9999906322105714,1.8967611111111111
35,transfer_hyperv,predictive,7.2700891634687945,8.702076422939925,0.0,18515.158065290743,0.5500158076875705,48,1.0,19.661915277777776
35,transfer_hyperv,predictive_no_forecast,7.5999742034169016,9.096938819241435,0.0,18510.95275250634,4.865804142436628,17,1.0,2.6729041666666666
35,transfer_hyperv,mpc,7.945368396261529,9.510365201585769,0.625,18506.161578039635,8.488110165952012,28,0.9999548893074917,19.91124861111111
36,transfer_hyperv,static,11.540171497580602,13.813235580437388,28.819444444444443,18427.27057955591,47.842380322476814,0,0.9497398119045279,0.09036527777777778
36,transfer_hyperv,reactive,11.219320133307455,13.429186220171042,9.0625,18460.574560464054,32.444136064699244,53,0.9996240710198685,2.690740277777778
36,transfer_hyperv,predictive,7.350904633147126,8.798810091191248,0.0,18492.624643232553,1.5569595378771945,50,1.0,19.7029125
36,transfer_hyperv,predictive_no_forecast,7.838035073174401,9.381890466375419,0.2777777777777778,18486.495929431865,6.891923628149356,20,0.9999930096985902,2.7030319444444446
36,transfer_hyperv,mpc,8.02950220183362,9.611070817346304,0.2777777777777778,18483.25277565252,8.60253249567129,28,0.9999784560777208,19.814691666666665
37,transfer_hyperv,static,11.468006951745954,13.726856805877746,35.9375,18422.24346736213,46.819106399151615,0,0.958735070411052,0.09251388888888888
37,transfer_hyperv,reactive,10.44058508513975,12.497063965546054,16.07638888888889,18463.964887295664,26.910806117066837,96,0.9995082871592145,3.4234875000000002
37,transfer_hyperv,predictive,7.390900914443965,8.846684427895045,0.0,18485.03159786307,2.0771775530184726,50,1.0,19.775754166666665
37,transfer_hyperv,predictive_no_forecast,7.849796538338994,9.395968583769417,0.2777777777777778,18479.334142027474,7.677023231194293,21,0.9999855389167737,2.726268055555556
37,transfer_hyperv,mpc,8.245511387845122,9.869627267269166,7.013888888888889,18468.404633583505,11.41324727719596,32,0.996638712273736,20.066066666666664
38,transfer_hyperv,static,13.429593485235005,16.07481644444795,31.11111111111111,18423.753515133434,61.75745158279225,0,0.935569934298109,0.09001666666666666
38,transfer_hyperv,reactive,11.721435853554404,14.03020352167874,35.138888888888886,18460.935521866144,42.769529411123145,77,0.9888339260668999,3.1124944444444447
38,transfer_hyperv,predictive,10.07513645308053,12.059633027172142,13.368055555555555,18475.57538356578,25.19977713991307,47,0.9974643142368448,19.714469444444443
38,transfer_hyperv,predictive_no_forecast,10.288893646702045,12.31549391044638,21.73611111111111,18469.304528652094,28.423241105312187,23,0.9967142878749398,2.7682402777777777
38,transfer_hyperv,mpc,10.247998004357331,12.266543065821649,15.590277777777779,18469.29130328906,30.601374145865783,31,0.9781778633417518,19.940431944444445
39,transfer_hyperv,static,9.761593146782388,11.684331190845581,19.40972222222222,18439.572660275793,27.904272578237943,0,0.9746890198715641,0.09229861111111111
39,transfer_hyperv,reactive,7.919710694102144,9.479653709607128,8.75,18495.271242197126,9.15391575696991,52,0.9975524871305526,2.739552777777778
39,transfer_hyperv,predictive,7.357041957845978,8.806156282876245,0.06944444444444445,18505.821775189645,1.8819684092400653,52,0.999998571068643,19.37545972222222
39,transfer_hyperv,predictive_no_forecast,7.467208114203557,8.938021833667893,0.0,18507.557305314338,3.2139323523987993,16,1.0,2.6410347222222224
39,transfer_hyperv,mpc,7.748886953697832,9.27518286882012,2.7777777777777777,18499.30875639194,6.4242984113195325,30,0.9995219979300317,19.560940277777778
40,transfer_hyperv,static,12.748776261051866,15.259898857925723,37.25694444444444,18433.266689195414,59.50167388488636,0,0.9391793748577345,0.08988888888888888
40,transfer_hyperv,reactive,8.475895449199154,10.145390007374747,22.63888888888889,18486.616850280923,15.904359746536638,131,0.9981298653422226,3.9802027777777775
40,transfer_hyperv,predictive,7.59005115449404,9.08506123037923,0.06944444444444445,18491.1611021652,4.459695569263404,51,0.9999984646991225,19.392172222222225
40,transfer_hyperv,predictive_no_forecast,7.987998669553882,9.561392346890251,0.10416666666666667,18489.815043377068,8.235202888043325,19,0.9999979313610817,2.6918736111111112
40,transfer_hyperv,mpc,8.34672223254302,9.990773581377244,10.520833333333334,18482.947285775666,12.627911417211655,29,0.9996835621240718,19.49731527777778
41,transfer_hyperv,static,12.240905385344965,14.65199280973109,30.243055555555554,18443.571556114213,54.89697772221505,0,0.9410785391853447,0.09202083333333333
41,transfer_hyperv,reactive,11.59173420579344,13.874954579661845,9.652777777777779,18463.842914061923,36.36133953842796,57,0.9996452457478692,2.733516666666667
41,transfer_hyperv,predictive,7.54453221060539,9.030576433906443,0.10416666666666667,18489.88169308164,3.985416556066456,52,0.9999984698014401,19.381172222222222
41,transfer_hyperv,predictive_no_forecast,7.442929558231825,8.908961137883553,0.0,18492.37307548745,2.0869192053823453,18,1.0,2.6604625
41,transfer_hyperv,mpc,7.94765848636506,9.513106370043023,7.118055555555555,18485.70811793187,8.488145706963882,30,0.99972317937566,19.608970833333334
42,transfer_hyperv,static,11.267887830782866,13.487320282300688,25.416666666666664,18422.06419073997,45.88060646013585,0,0.9468373041675329,0.09153194444444444
42,transfer_hyperv,reactive,9.623156047910376,11.518626178559401,0.5902777777777778,18460.3003301175,21.525235932399994,10,0.9999881901379654,1.8873847222222222
42,transfer_hyperv,predictive,7.395404172179183,8.852074690941752,0.0,18480.865488174997,2.270066351627399,51,1.0,19.405555555555555
42,transfer_hyperv,predictive_no_forecast,7.69546569540701,9.211239241472038,0.034722222222222224,18478.968142806112,5.792623223517188,18,0.9999999984430761,2.7312347222222226
42,transfer_hyperv,mpc,8.282257487008682,9.913611234449785,7.604166666666666,18471.513676987553,12.34892850242045,33,0.9982101001421145,19.939920833333332
43,transfer_hyperv,static,12.591457888879209,15.071593533658465,40.97222222222222,18437.30903261715,58.33984746013903,0,0.9449139406751798,0.09196388888888889
43,transfer_hyperv,reactive,9.582968294868317,11.470522655978728,7.222222222222221,18477.240786681345,22.701456181551954,48,0.9997846469209722,2.6093694444444444
43,transfer_hyperv,predictive,7.9616685995327545,9.52987605095586,0.0,18492.610814089283,7.803685526488012,51,1.0,19.735325
43,transfer_hyperv,predictive_no_forecast,8.400019603801514,10.054568919701822,16.38888888888889,18486.708126740363,14.084516810297702,20,0.9983867209504589,2.7638375
43,transfer_hyperv,mpc,8.904297679448414,10.658174495097347,16.42361111111111,18481.5730337733,19.49391825846025,27,0.9934705218228542,20.030997222222222
44,transfer_hyperv,static,14.8482791920791,17.772940245064387,50.48611111111111,18420.94126098602,76.11158530776501,0,0.9434003169843286,0.08852361111111111
44,transfer_hyperv,reactive,9.451713859889038,11.313415074715685,11.041666666666666,18484.215679123125,22.51454169985649,68,0.9988943118874773,2.9459069444444443
44,transfer_hyperv,predictive,7.367175017836676,8.818285248622686,0.0,18502.46638721762,1.1150831362721028,54,1.0,19.72864722222222
44,transfer_hyperv,predictive_no_forecast,8.307924058523643,9.94433334277831,2.256944444444444,18491.90984209407,10.504218601581659,18,0.9999162478583586,2.666088888888889
44,transfer_hyperv,mpc,9.021295846624461,10.798217755808079,8.368055555555555,18482.934871290912,17.355409226376665,26,0.9966854718207394,22.83773888888889
45,transfer_hyperv,static,11.812553618814361,14.139268725550501,28.61111111111111,18439.405967419072,50.67709561017407,0,0.9471327708186972,0.09500277777777778
45,transfer_hyperv,reactive,10.864177156061844,13.004090838316458,1.840277777777778,18471.938468169927,28.62216285240292,20,0.9999407321372882,2.2005138888888887
45,transfer_hyperv,predictive,7.472084837393909,8.94385912354726,0.0,18490.31259635249,3.1765455628516954,47,1.0,20.726241666666667
45,transfer_hyperv,predictive_no_forecast,7.320558328875271,8.762486484562835,0.0,18492.189877606485,0.9687253493517903,16,1.0,2.7412527777777775
45,transfer_hyperv,mpc,8.717550594794993,10.434643893769762,19.0625,18480.51718855678,17.211269871661194,27,0.9964344371018489,19.9803875
46,transfer_hyperv,static,11.467835293152032,13.72665133574258,23.194444444444446,18444.229119220898,47.69270981174707,0,0.9473927256519428,0.09111111111111111
46,transfer_hyperv,reactive,11.0120541302981,13.181095095356824,1.9444444444444444,18475.356509073004,30.910107065907223,17,0.9999432488598816,2.0267430555555555
46,transfer_hyperv,predictive,7.394238979913648,8.85067999110877,0.0,18502.40127041006,1.8148268026690848,51,1.0,19.59080972222222
46,transfer_hyperv,predictive_no_forecast,7.5619212485165725,9.051390585345592,0.0,18499.98558784127,3.896458233317698,23,1.0,2.7438069444444446
46,transfer_hyperv,mpc,8.086430514189555,9.67921228213599,0.5555555555555556,18494.64862835017,9.76055080356324,31,0.9999621589451351,19.82047361111111
47,transfer_hyperv,static,12.913990668504765,15.45765549714963,43.333333333333336,18426.964616650195,58.48990792908691,0,0.9630079073767678,0.09041388888888889
47,transfer_hyperv,reactive,9.984502550646923,11.951146992440995,12.777777777777777,18471.888528669955,27.855202138557583,78,0.9986674343752941,3.1131902777777776
47,transfer_hyperv,predictive,7.604909903173071,9.102846702282918,0.0,18488.698587240924,3.7910575144295264,50,1.0,19.72157222222222
47,transfer_hyperv,predictive_no_forecast,7.7007147040938255,9.21752214580928,0.0,18490.825786639118,4.483658714324744,18,1.0,2.690825
47,transfer_hyperv,mpc,8.521045739258348,10.199433536385005,6.944444444444445,18475.650889444336,14.437494996710383,24,0.9982912938484654,19.756894444444445
48,transfer_hyperv,static,11.086757956365073,13.270513311406656,31.25,18419.192901152208,42.729736669502635,0,0.9651142284154144,0.0934875
48,transfer_hyperv,reactive,10.323720915232943,12.35718109550609,18.020833333333332,18469.968970627197,28.244540579454622,110,0.9965950889282678,3.676934722222222
48,transfer_hyperv,predictive,7.3759105309784205,8.828741393140852,0.034722222222222224,18500.195259527016,1.7157115087157242,46,0.9999997560639253,19.475404166666667
48,transfer_hyperv,predictive_no_forecast,8.009706109812239,9.587375495078305,2.951388888888889,18491.77350875042,9.2549408756297,18,0.9991970228172989,2.7136055555555556
48,transfer_hyperv,mpc,8.217871042471332,9.836542611442956,2.986111111111111,18486.199542052596,11.79055119532339,26,0.9975827653458089,19.711391666666668
49,transfer_hyperv,static,11.437588920961053,13.690447344786703,42.986111111111114,18464.881435186253,44.068283778643895,0,0.9771140347978917,0.10234305555555555
49,transfer_hyperv,reactive,11.649190751733439,13.943728324044582,2.013888888888889,18489.091489177667,36.12454610250994,18,0.9999331766140758,2.0896208333333335
49,transfer_hyperv,predictive,7.302232058245247,8.740550493960228,0.0,18512.775901914585,0.8472843576632452,52,1.0,19.637159722222222
49,transfer_hyperv,predictive_no_forecast,7.45327663918355,8.921346280234845,0.0,18512.022920425963,1.5343919539655413,14,1.0,2.6228208333333334
49,transfer_hyperv,mpc,8.071898852233275,9.661818323127697,0.1736111111111111,18505.353308326972,8.769775266028335,25,0.9999985559010115,19.65743472222222
50,transfer_hyperv,static,12.289180480903285,14.70977663623272,30.486111111111114,18418.421125392135,57.125506083245746,0,0.9322874415019031,0.09103611111111111
50,transfer_hyperv,reactive,8.426714065822424,10.086521381817766,19.09722222222222,18484.610136817482,15.334895024175795,117,0.9987246990867217,3.7461875
50,transfer_hyperv,predictive,7.622098287154965,9.123420677049099,0.034722222222222224,18489.284177551937,4.497690145380389,52,0.9999999778345303,19.485347222222224
50,transfer_hyperv,predictive_no_forecast,8.256570396047575,9.88286456496604,12.63888888888889,18484.013587613954,11.804712156319907,17,0.9990698023563939,2.6686277777777776
50,transfer_hyperv,mpc,8.420901130344586,10.079563474200315,12.67361111111111,18481.367719941558,13.651257863488693,28,0.9943628102221336,20.041273611111112
51,transfer_hyperv,static,12.52590936428012,14.99313393603227,35.9375,18454.13323891549,58.326685548112295,0,0.9368511063368559,0.09068472222222222
51,transfer_hyperv,reactive,8.419363217851693,10.077722639549764,20.59027777777778,18496.41080705363,15.178463710539848,121,0.9987732155732034,3.863125
51,transfer_hyperv,predictive,7.270548472339032,8.702626201739147,0.0,18504.942678169355,0.7196366989503278,54,1.0,19.794375
51,transfer_hyperv,predictive_no_forecast,7.5453174597697235,9.031516353360747,0.0,18503.27199536831,3.613126963630043,14,1.0,2.6264138888888886
51,transfer_hyperv,mpc,8.1313232985553,9.732947584634381,1.3541666666666667,18497.02788566922,11.015590472639136,30,0.9999542436659251,20.660304166666666
52,transfer_hyperv,static,11.410985945218272,13.658604388973382,26.59722222222222,18444.809453421407,45.615177990072624,0,0.9614707237297394,0.11718055555555555
52,transfer_hyperv,reactive,9.702772382255754,11.613924518154626,5.173611111111111,18477.82781575677,24.411102425354102,31,0.9992331952232814,2.360401388888889
52,transfer_hyperv,predictive,7.313070728431616,8.75352405372875,0.0,18502.411999101343,1.1314619812179527,49,1.0,19.766150000000003
52,transfer_hyperv,predictive_no_forecast,7.447736786368288,8.914715244289319,0.0,18499.27199769898,2.42446195712947,17,1.0,2.670786111111111
52,transfer_hyperv,mpc,7.954474232920514,9.521264612132137,0.20833333333333334,18490.859670472066,8.236407068148301,27,0.9999790057686693,19.812330555555555
53,transfer_hyperv,static,11.364682642749413,13.603180739048554,24.791666666666668,18443.038010217475,44.96220493512093,0,0.9599827257591451,0.0895
53,transfer_hyperv,reactive,10.315146973698502,12.346918347305765,5.208333333333334,18473.74019167728,27.999091592165986,35,0.9998731873896827,2.334188888888889
53,transfer_hyperv,predictive,7.592487735180132,9.087977743624705,0.0,18494.516886249323,4.463514355546858,55,1.0,19.638129166666666
53,transfer_hyperv,predictive_no_forecast,7.848730501182951,9.394692569597773,0.3819444444444444,18493.128966732864,7.199610778332478,16,0.9999878587681011,2.6507722222222223
53,transfer_hyperv,mpc,8.404838165239621,10.0603365917262,11.73611111111111,18483.285235875363,13.450276862062793,30,0.9965787536081292,19.870526388888887
54,transfer_hyperv,static,12.200759573919704,14.603939489994815,37.291666666666664,18414.452274478284,51.63666152831109,0,0.9569014955923553,0.09153472222222223
54,transfer_hyperv,reactive,10.483209869172883,12.548084540373589,13.055555555555557,18455.13753233204,30.09244791547582,76,0.9971967326513715,3.074316666666667
54,transfer_hyperv,predictive,7.467878651906108,8.938824446978522,0.0,18476.204306916858,2.489809025821859,52,1.0,19.596059722222222
54,transfer_hyperv,predictive_no_forecast,7.624476649661012,9.126267504897278,0.1388888888888889,18472.3636947417,5.008333420644253,21,0.9999967789140172,2.704095833333333
54,transfer_hyperv,mpc,8.374180740452248,10.023640583268605,11.38888888888889,18462.08680833823,13.854310410379634,28,0.9923175277921508,19.756656944444444
55,transfer_hyperv,static,15.257020753088861,18.262191507485174,39.23611111111111,18408.02087577605,79.07240299476567,0,0.9139197436783882,0.09214861111111111
55,transfer_hyperv,reactive,10.177602211995124,12.182281435569916,21.145833333333332,18478.101796616065,27.77870792893964,120,0.9932997193248988,3.8034138888888886
55,transfer_hyperv,predictive,8.68658464249882,10.39757858723343,0.1736111111111111,18487.632281545357,13.385606409513713,53,0.9999976652724614,19.668156944444444
55,transfer_hyperv,predictive_no_forecast,8.133167771016925,9.735155362277826,0.1736111111111111,18488.113956435376,9.078063955625609,18,0.9999955716636333,2.6760222222222225
55,transfer_hyperv,mpc,10.184121196992642,12.190084463066945,19.20138888888889,18471.975437868332,30.01587886413032,28,0.9950360566176654,19.850569444444446
56,transfer_hyperv,static,12.203255986863532,14.606927620639704,31.25,18462.623968100303,54.49167083183729,0,0.9417178505023702,0.0921125
56,transfer_hyperv,reactive,8.902642099388316,10.656192815934501,19.82638888888889,18508.263204286253,19.664262421987488,114,0.9977133869132084,3.9156833333333334
56,transfer_hyperv,predictive,7.428066015326877,8.891169927436716,0.0,18518.78437228306,1.6385403517830504,51,1.0,19.59872777777778
56,transfer_hyperv,predictive_no_forecast,8.05033726571034,9.636009757441167,0.0,18512.57715345376,8.904560938582751,19,1.0,2.6860958333333333
56,transfer_hyperv,mpc,8.191888853606532,9.805442718710859,0.2777777777777778,18507.737533633135,9.544341322056294,31,0.9999947486578044,20.1131875
57,transfer_hyperv,static,11.599061742732145,13.883725419330906,32.98611111111111,18446.790779248866,45.464228076026906,0,0.9638314480765335,0.09523472222222222
57,transfer_hyperv,reactive,10.3238531727526,12.357339403749314,7.708333333333334,18487.612000948942,23.967189349207672,50,0.9996878557482873,2.7576791666666667
57,transfer_hyperv,predictive,7.293834759256793,8.730499181534642,0.0,18506.971586662745,0.8542310505796471,44,1.0,19.955206944444445
57,transfer_hyperv,predictive_no_forecast,7.723225571964046,9.244466972502419,2.2222222222222223,18499.558137308333,6.116729916486397,16,0.9998681139356198,2.622606944444444
57,transfer_hyperv,mpc,7.983570602121599,9.556092084357676,1.1805555555555556,18499.586906171095,8.731395021676255,25,0.9999430359955634,19.912304166666665
58,transfer_hyperv,static,10.347191424724247,12.385274584139635,21.770833333333332,18444.29344972252,34.964560708647824,0,0.968752394762514,0.08771805555555555
58,transfer_hyperv,reactive,9.617524232843254,11.511885066585108,6.25,18486.619125970145,20.48793076483888,42,0.9996590676440585,2.457920833333333
58,transfer_hyperv,predictive,7.4461825452644925,8.91285486478629,0.0,18505.82465086632,2.6847858759334726,51,1.0,19.358686111111112
58,transfer_hyperv,predictive_no_forecast,8.026002101279412,9.606881303046553,3.0555555555555554,18500.325653117932,9.570255851534052,17,0.9998503623335908,2.6518194444444445
58,transfer_hyperv,mpc,8.516081753500659,10.193491795856858,6.597222222222222,18486.697008817886,15.191813413952662,30,0.9931718190615685,19.48198611111111
59,transfer_hyperv,static,13.662344568040321,16.353412437502836,41.21527777777778,18431.80923832099,68.21567772571093,0,0.9298579570034692,0.08967083333333334
59,transfer_hyperv,reactive,8.641791053426479,10.343962018495336,17.916666666666668,18486.79423809215,16.606393461319556,103,0.997335942321735,3.4914347222222224
59,transfer_hyperv,predictive,7.4227510520308,8.88480807743079,0.0,18492.179989338038,2.3388215979140643,51,1.0,19.37331111111111
59,transfer_hyperv,predictive_no_forecast,7.7745226479006675,9.3058680179417,0.1388888888888889,18490.19663053865,6.675425799073396,21,0.9999992046219321,2.6835763888888886
59,transfer_hyperv,mpc,8.195209730864084,9.809417708155516,1.9791666666666665,18483.89161210486,9.870299989183561,31,0.999947530915755,19.439463888888888
60,transfer_hyperv,static,10.480847047580712,12.545256314528425,26.73611111111111,18436.419112123538,35.1551295671648,0,0.9787439078008812,0.09007222222222222
60,transfer_hyperv,reactive,8.92241294460387,10.67985791854101,9.965277777777779,18476.071958384076,18.661919465453625,61,0.9994026960161055,2.7797888888888886
60,transfer_hyperv,predictive,7.33940198199034,8.785041766321765,0.0,18491.25155433142,1.731408977902583,53,1.0,19.578919444444445
60,transfer_hyperv,predictive_no_forecast,7.453039282071245,8.921062170964076,0.0,18490.503417329186,2.7799928179475795,19,1.0,2.7129000000000003
60,transfer_hyperv,mpc,7.943284084820307,9.50787034395157,0.1736111111111111,18483.830702189796,7.898211259221276,33,0.9999972675717373,20.15936527777778
61,transfer_hyperv,static,11.842649891899285,14.175293052424912,27.534722222222225,18440.036587018963,51.092738279614885,0,0.9511761789517517,0.08902083333333333
61,transfer_hyperv,reactive,10.384466322128361,12.42989150679001,11.944444444444445,18473.574258234406,27.837502391355592,73,0.9995002111054292,3.027658333333333
61,transfer_hyperv,predictive,7.530964349247678,9.014336115008595,0.0,18502.032411229855,3.882179847274819,55,1.0,19.9670125
61,transfer_hyperv,predictive_no_forecast,7.791184268977189,9.325811473472712,0.034722222222222224,18500.73906695082,6.35296128620898,22,0.9999999999980228,3.1306388888888885
61,transfer_hyperv,mpc,8.84023503855297,10.581493455237641,13.541666666666666,18490.1633234281,18.986488097794552,32,0.9942620985566829,20.468109722222223
62,transfer_hyperv,static,11.102090257556185,13.288865611317238,29.618055555555557,18434.035835985847,39.698600154605586,0,0.9723629590500346,0.09238194444444445
62,transfer_hyperv,reactive,10.196319111324414,12.20468499688831,0.9722222222222222,18474.611175080565,24.706640676256104,11,0.999987604971357,2.0595097222222223
62,transfer_hyperv,predictive,7.306645755523766,8.745833555854214,0.0,18498.742319104113,1.2244269420471388,44,1.0,20.150515277777778
62,transfer_hyperv,predictive_no_forecast,7.40578347806436,8.864498405561879,0.0,18498.930385568347,1.6253470861901762,17,1.0,2.898901388888889
62,transfer_hyperv,mpc,7.849724921511812,9.395882860597478,2.1527777777777777,18490.831242594344,7.26909882111735,25,0.999872317481405,21.093047222222225
63,transfer_hyperv,static,10.688818820688928,12.794192224763997,26.84027777777778,18431.260595135664,36.73151125480952,0,0.9764479977552699,0.12168888888888889
63,transfer_hyperv,reactive,10.132307038279308,12.128064485213107,0.1736111111111111,18469.31167669091,23.95356318094245,4,0.9999982231901531,1.8514000000000002
63,transfer_hyperv,predictive,7.695861844374474,9.21171341978155,0.034722222222222224,18484.683864932886,5.817747868974239,46,0.9999999989460447,20.881643055555557
63,transfer_hyperv,predictive_no_forecast,7.37946261903467,8.832993134905152,0.0,18487.42399538513,2.179867569276221,13,1.0,2.716911111111111
63,transfer_hyperv,mpc,7.891673229118115,9.446093713641368,6.25,18476.81215710248,8.643325764558986,27,0.9988512763079747,20.499779166666666
64,transfer_hyperv,static,14.884953891965894,17.81683874947433,41.63194444444444,18416.774595772145,74.38021381953561,0,0.9294774997263362,0.09369027777777778
64,transfer_hyperv,reactive,9.532549502597698,11.410172889472992,21.145833333333332,18478.605041307434,27.87696140851457,122,0.9735601747268311,3.9544444444444444
64,transfer_hyperv,predictive,8.099650594473756,9.695036317627684,4.097222222222222,18490.288594298123,10.361590908785404,52,0.999871171167032,20.361795833333332
64,transfer_hyperv,predictive_no_forecast,9.058315609936853,10.84252929068201,20.17361111111111,18480.124638188336,19.459489392786875,23,0.9950529810836397,2.832701388888889
64,transfer_hyperv,mpc,9.212741865740876,11.027372839295898,20.729166666666668,18480.507661931544,20.000857102495534,28,0.9957502132484974,21.432280555555558
65,transfer_hyperv,static,12.490541816543494,14.950800053135417,40.3125,18420.47260851004,55.01618313974328,0,0.9540607025414256,0.09044722222222222
65,transfer_hyperv,reactive,12.42346938384508,14.870516383693355,17.77777777777778,18452.144605584122,43.277777881421095,98,0.9876958202591262,3.478251388888889
65,transfer_hyperv,predictive,7.890342324893404,9.444500661614828,3.9930555555555554,18478.81076213002,8.130732462691707,52,0.993132180813108,20.058061111111112
65,transfer_hyperv,predictive_no_forecast,8.049963817383356,9.635562751110365,3.9930555555555554,18472.211900985294,9.782458156651929,16,0.9898834651236176,2.766848611111111
65,transfer_hyperv,mpc,8.850585723794037,10.593882911814063,4.305555555555555,18464.602169295984,18.311398597476348,24,0.9870274291864177,19.92279027777778
66,transfer_hyperv,static,10.445978696288181,12.503519954647963,27.361111111111114,18414.870176571785,32.34159182026841,0,0.983256942496188,0.09437916666666667
66,transfer_hyperv,reactive,8.667552765681997,10.374798007407243,6.666666666666667,18481.880219552324,13.240157868850691,39,0.9994485038768264,2.724190277777778
66,transfer_hyperv,predictive,7.476665208454461,8.949341688907612,0.06944444444444445,18492.728740561848,2.937158387503533,48,0.9999999746442145,20.57287361111111
66,transfer_hyperv,predictive_no_forecast,7.59676015848569,9.09309170485407,0.7291666666666666,18489.006654967354,4.010330296119313,14,0.9999626028564966,2.640670833333333
66,transfer_hyperv,mpc,8.15295772182343,9.758843333697744,7.048611111111111,18479.72319787094,9.90099589250283,21,0.9985932927766452,20.418604166666668
67,transfer_hyperv,static,13.464201318696873,16.1162409723796,37.98611111111111,18414.527452584072,68.81257394942054,0,0.9277347456449282,0.0936625
67,transfer_hyperv,reactive,10.784900972562891,12.909199648976804,23.40277777777778,18466.648482908124,43.28508754243513,135,0.9432865108629145,4.197041666666667
67,transfer_hyperv,predictive,9.114715609965193,10.910038381625014,23.368055555555557,18479.669801678818,21.881486881606374,48,0.9914368388452017,19.774316666666667
67,transfer_hyperv,predictive_no_forecast,10.561696076227934,12.64203015184859,23.40277777777778,18468.8761915735,38.98377868292349,20,0.9561250474943437,2.716848611111111
67,transfer_hyperv,mpc,10.454826595045313,12.514110621342112,23.368055555555557,18467.508236512775,36.537580806109425,28,0.9679809655843958,19.908731944444444
68,transfer_hyperv,static,13.239171821349217,15.84688748313015,41.770833333333336,18445.070966350377,64.46702061538214,0,0.935611408402956,0.09060972222222222
68,transfer_hyperv,reactive,8.56644913226324,10.25378002195146,19.86111111111111,18486.386900770693,16.799328383283633,116,0.9982624125066741,3.7986222222222223
68,transfer_hyperv,predictive,7.28285691744983,8.717359037553587,0.0,18501.455904608683,0.8548237406175545,53,1.0,19.720015277777776
68,transfer_hyperv,predictive_no_forecast,7.625275888526745,9.127224169600199,0.0,18499.250268528,4.939494189793233,15,1.0,2.628461111111111
68,transfer_hyperv,mpc,8.369600460785788,10.018158127304202,10.277777777777777,18490.505000747224,13.46778051749895,28,0.9994727769895947,20.26864583333333
69,transfer_hyperv,static,12.737026356783945,15.245834578574724,26.52777777777778,18401.61160340648,59.29453127994769,0,0.9278797556609096,0.0955625
69,transfer_hyperv,reactive,11.862707494523242,14.199301394959637,8.92361111111111,18444.12703029822,38.92252880932025,56,0.9879676389708298,2.8857652777777774
69,transfer_hyperv,predictive,7.656508125142911,9.164608210398335,0.0,18480.90005775811,4.969552333652063,48,1.0,20.364131944444445
69,transfer_hyperv,predictive_no_forecast,8.13379627474763,9.7359076621979,0.4861111111111111,18474.11033886208,8.680955191556558,18,0.9999515635492827,2.791926388888889
69,transfer_hyperv,mpc,9.091694908188899,10.882483299195785,13.784722222222223,18464.95878143253,20.440565323466974,25,0.9978670638320903,20.450641666666666
70,transfer_hyperv,static,14.360180732424187,17.188701179719853,46.458333333333336,18447.91244751331,74.15597839719183,0,0.9269809266221698,0.09367222222222221
70,transfer_hyperv,reactive,8.759919186963891,10.4853578146992,23.368055555555557,18501.665467093255,19.088359430889696,134,0.9948691859312792,4.262897222222222
70,transfer_hyperv,predictive,8.027834935541712,9.609075150118112,0.45138888888888884,18502.921951297758,9.161054506490922,50,0.999966293078993,21.297643055555557
70,transfer_hyperv,predictive_no_forecast,8.083465204749242,9.675662896593773,4.027777777777778,18502.823545255524,10.210658469405393,19,0.9999003431118436,2.6938444444444443
70,transfer_hyperv,mpc,9.103419861574116,10.896517713096292,13.159722222222223,18490.278695102395,21.15613499782613,31,0.9892203341325998,20.73595
71,transfer_hyperv,static,12.397530009424347,14.839467738553404,32.916666666666664,18401.742420549097,55.04780109127566,0,0.9466180129436923,0.09319166666666666
71,transfer_hyperv,reactive,9.805489643426075,11.736873967131222,17.916666666666668,18467.350853027994,28.76761022681774,104,0.9804263487031672,3.614365277777778
71,transfer_hyperv,predictive,8.807934520442153,10.542830713862587,11.840277777777777,18472.91942073595,18.45585243144686,46,0.9844383852432836,20.31459166666667
71,transfer_hyperv,predictive_no_forecast,8.671382216756117,10.37938174429899,11.805555555555555,18473.49963402602,17.09634781477973,16,0.9837471097061701,2.8521
71,transfer_hyperv,mpc,9.350921735430962,11.192769956046162,11.944444444444445,18465.93050754326,25.124609491053587,23,0.9702720333843257,21.245538888888888
72,transfer_hyperv,static,14.826038065520201,17.746318290546906,39.13194444444444,18437.386925762235,69.71284831487337,0,0.949325017230611,0.09247638888888889
72,transfer_hyperv,reactive,9.192771205136237,11.003468563723661,7.395833333333333,18477.809206131464,18.36760166247383,45,0.9996846906733167,2.704226388888889
72,transfer_hyperv,predictive,8.915691758056743,10.6718128619164,9.583333333333334,18484.653358329826,18.62636781847537,49,0.9994352706215751,20.029043055555555
72,transfer_hyperv,predictive_no_forecast,8.486844815679099,10.158496067252267,3.8194444444444446,18486.423712241234,13.912763179311654,20,0.9998298422332232,2.7427361111111113
72,transfer_hyperv,mpc,9.810084613292526,11.742374006819846,22.430555555555557,18478.452409349607,29.323485760789158,27,0.9818664758982847,19.786383333333337
73,transfer_hyperv,static,11.458932858764976,13.715995391552017,23.26388888888889,18426.883682394593,46.84202324733351,0,0.9489559172967557,0.09350833333333335
73,transfer_hyperv,reactive,9.319699250451736,11.155397587661932,3.125,18477.248778870497,20.641153739031353,21,0.9986017444729439,2.1510486111111113
73,transfer_hyperv,predictive,7.539004942660128,9.023960461668942,0.0,18502.922940566503,3.3281622384026117,47,1.0,19.69362361111111
73,transfer_hyperv,predictive_no_forecast,7.5576507676749225,9.046278949186652,0.0,18499.449805644115,3.606614155904467,17,1.0,2.6958194444444445
73,transfer_hyperv,mpc,8.32955764121132,9.970228085692339,5.277777777777778,18476.235485316625,11.388722379504467,25,0.9976487450797609,19.615724999999998
74,transfer_hyperv,static,12.645268831596365,15.136003601456245,38.57638888888889,18429.947736367532,58.2501901538746,0,0.9546671561299505,0.09001944444444444
74,transfer_hyperv,reactive,9.881370094470531,11.827700567623815,21.006944444444446,18483.487851106293,28.018661340990462,115,0.9980787593889248,3.7415
74,transfer_hyperv,predictive,7.44156896727335,8.90733255173628,0.0,18510.590228254518,2.404375720513455,54,1.0,19.567534722222224
74,transfer_hyperv,predictive_no_forecast,8.298589160008744,9.933159752131703,3.784722222222222,18501.22573345689,11.326240409756636,20,0.9999490620902904,2.7108263888888886
74,transfer_hyperv,mpc,8.98612258681716,10.756116429675082,5.208333333333334,18491.673422943884,19.334952620941895,25,0.9983962294313848,19.91736388888889
75,transfer_hyperv,static,11.630801396308678,13.921716822854329,26.180555555555557,18427.083088872,45.97425459046139,0,0.9590525921294103,0.08975555555555556
75,transfer_hyperv,reactive,11.165468066473965,13.364726928052175,8.333333333333332,18473.94508355447,36.16701769724584,51,0.9854749424005552,2.666590277777778
75,transfer_hyperv,predictive,7.9563191159219295,9.523472881179268,7.986111111111111,18497.229573259916,8.664773159843271,48,0.9945890866542977,19.53728611111111
75,transfer_hyperv,predictive_no_forecast,8.116944837102938,9.715737001986858,7.986111111111111,18496.04847614094,10.457602634046188,17,0.9934190760510184,2.6801055555555555
75,transfer_hyperv,mpc,9.310571307900027,11.144471717031848,8.715277777777777,18478.681100380425,24.402531318809718,30,0.9750075703540293,19.763894444444446
76,transfer_hyperv,static,13.382724885852408,16.018716151247567,31.770833333333332,18382.775816039953,61.1671144129106,0,0.9322202318153217,0.09064722222222223
76,transfer_hyperv,reactive,11.512805895655202,13.780479784193343,13.576388888888888,18456.850371375083,41.19350615598884,80,0.9653243643297948,3.17315
76,transfer_hyperv,predictive,8.99856353163588,10.771007863624764,12.812499999999998,18472.072243329603,21.378538367453675,45,0.974582818135953,19.54283472222222
76,transfer_hyperv,predictive_no_forecast,8.320669151036494,9.959588832301263,11.875,18481.170645614853,13.307747346946778,16,0.994080838045549,2.631091666666667
76,transfer_hyperv,mpc,9.566857650788137,11.451238703216106,12.32638888888889,18461.109532411214,27.5782232356413,28,0.9649907286536374,19.739356944444445
77,transfer_hyperv,static,11.947404143127697,14.300680716774046,35.833333333333336,18444.261826424576,50.091496731971965,0,0.9587259361800512,0.09054305555555556
77,transfer_hyperv,reactive,10.61324923685858,12.703737722906496,5.902777777777778,18479.25824455576,28.812656783179985,37,0.9998642666238285,2.426861111111111
77,transfer_hyperv,predictive,7.558458619214862,9.047245922999595,0.0,18505.790783904977,3.8993290074624385,53,1.0,21.359473611111113
77,transfer_hyperv,predictive_no_forecast,7.466997917903576,8.937770235066404,0.0,18504.577088500264,2.935080434316946,20,1.0,2.9385916666666665
77,transfer_hyperv,mpc,8.055149370182468,9.641769700672958,3.958333333333333,18494.04746235731,9.968943362857496,30,0.9990854563957006,25.57319027777778
78,transfer_hyperv,static,12.153686716324119,14.547594705903089,28.368055555555554,18444.579834280576,53.716033149534596,0,0.9500643034801781,0.09692916666666666
78,transfer_hyperv,reactive,11.188120165501186,13.391840804160527,14.305555555555555,18475.477746945588,33.934099510034024,87,0.9991562773796848,3.710197222222222
78,transfer_hyperv,predictive,7.805645605487801,9.343121255053562,0.034722222222222224,18503.860998008,6.75898181671574,49,0.9999998282833862,21.656454166666666
78,transfer_hyperv,predictive_no_forecast,8.110447764834003,9.707960203361914,0.7291666666666666,18500.88945308707,10.184252595189477,17,0.999961000195596,2.805676388888889
78,transfer_hyperv,mpc,9.147052974186552,10.948745226677842,19.02777777777778,18493.036253007802,21.004827563560067,29,0.9991208305822795,21.478281944444443
79,transfer_hyperv,static,10.36649412558265,12.408379332136793,18.645833333333332,18436.293413994106,36.433593075952096,0,0.9586093984303329,0.10744305555555556
79,transfer_hyperv,reactive,8.869600905377386,10.61664350795172,16.979166666666668,18463.989210376396,19.720702657310508,100,0.9879159012509845,3.8001625
79,transfer_hyperv,predictive,8.017775667794298,9.59703451145076,0.7638888888888888,18476.65697571004,9.016228969237652,52,0.9999373842722282,21.985470833333334
79,transfer_hyperv,predictive_no_forecast,7.909416360360055,9.467331704067343,0.034722222222222224,18479.048076865678,6.9469668174763495,18,0.99999997817657,2.774490277777778
79,transfer_hyperv,mpc,8.957010036009429,10.721269588556751,16.70138888888889,18464.092579789936,20.71743745049409,27,0.9836740595861571,21.442540277777777
80,transfer_hyperv,static,12.710316956645865,15.213864235985229,32.77777777777778,18461.538332275126,60.8296232995257,0,0.9302332527711561,0.11110277777777777
80,transfer_hyperv,reactive,9.533859128989983,11.41174047257892,13.541666666666666,18494.021079461436,23.32732764881949,80,0.998818570058917,3.1560194444444445
80,transfer_hyperv,predictive,7.371889873956861,8.823928788524125,0.0,18516.1287182038,2.038886077613193,52,1.0,21.304591666666667
80,transfer_hyperv,predictive_no_forecast,7.828572283924158,9.370563794394087,0.10416666666666667,18512.4190327088,7.095326557749176,18,0.9999995020778967,2.8047013888888888
80,transfer_hyperv,mpc,8.125260384392309,9.725690460105934,8.993055555555555,18508.66868233278,10.701975520734866,29,0.9993032460455443,21.861929166666666
81,transfer_hyperv,static,12.960685637009533,15.513547959450815,42.77777777777778,18421.051166336027,59.8063525742796,0,0.9480694171518831,0.09872638888888889
81,transfer_hyperv,reactive,11.594457376928906,13.878214132990665,6.006944444444445,18464.52601050746,36.485942284854914,41,0.9998336434077705,2.601052777777778
81,transfer_hyperv,predictive,7.638519954088434,9.143076914742212,0.1736111111111111,18483.84006588896,4.546436374237282,47,0.9999986742807773,22.17319722222222
81,transfer_hyperv,predictive_no_forecast,8.082819716140332,9.674890266289184,12.04861111111111,18477.510998015656,10.418827640471104,19,0.9967056225599246,2.9519375
81,transfer_hyperv,mpc,9.006352083135253,10.780330523752802,12.118055555555555,18468.952482509907,20.458099893899888,27,0.9843751024355439,22.435344444444443
82,transfer_hyperv,static,11.82895426679073,14.158899804188895,27.083333333333332,18439.81968199207,49.99680761886312,0,0.9438407769648258,0.10642361111111111
82,transfer_hyperv,reactive,10.094294726634388,12.08256490006236,5.138888888888888,18480.977100999244,24.302731610431394,35,0.99983692292131,2.555325
82,transfer_hyperv,predictive,7.717845365297156,9.238027028158712,0.1736111111111111,18500.862646491816,5.918431995365039,45,0.9999947036660277,21.99772916666667
82,transfer_hyperv,predictive_no_forecast,7.508316670625082,8.987227529990609,0.0,18500.985553433668,3.0289700051164834,19,1.0,2.8433111111111113
82,transfer_hyperv,mpc,8.098554312850151,9.693724101744872,4.6875,18491.872583876888,10.13105616633308,28,0.9977688353822306,20.158008333333335
83,transfer_hyperv,static,11.286713360618043,13.5098538710428,22.63888888888889,18441.67334976087,40.853045349130454,0,0.9666257580215245,0.09112083333333333
83,transfer_hyperv,reactive,10.261198703633461,12.282343902833988,1.8055555555555554,18477.86992209993,26.547467198896843,12,0.9999374487007336,2.144934722222222
83,transfer_hyperv,predictive,7.493672936560325,8.969699424064634,0.0,18503.661784137494,2.9473490160852807,50,1.0,19.848344444444443
83,transfer_hyperv,predictive_no_forecast,7.782198524052626,9.315055809093291,0.0,18502.366421537474,5.316641092404257,16,1.0,2.701225
83,transfer_hyperv,mpc,8.661501287895723,10.36755457187518,5.381944444444445,18491.939952388188,13.35571114016151,26,0.9999373653898461,19.879740277777778
84,transfer_hyperv,static,13.500747397938145,16.159985521774452,39.895833333333336,18427.648185563663,64.71251265721659,0,0.9326380114233318,0.08994583333333334
84,transfer_hyperv,reactive,11.645994185233539,13.939902130809836,12.01388888888889,18476.158503171315,37.810327404571,69,0.996023696142222,3.0216555555555558
84,transfer_hyperv,predictive,7.516323536967161,8.996811506369795,0.0,18503.763953976122,3.49606734948665,45,1.0,19.888431944444445
84,transfer_hyperv,predictive_no_forecast,8.054660331054471,9.641184335656115,5.729166666666666,18497.581860971437,9.204417362140456,18,0.9998976828051385,2.642936111111111
84,transfer_hyperv,mpc,8.458336057196904,10.124371947250847,12.430555555555555,18494.505897708546,14.135856509303853,31,0.9992436068025505,21.765401388888886
85,transfer_hyperv,static,12.814044418297554,15.338022864325866,35.138888888888886,18453.92922122906,58.85447278881431,0,0.9355024313131051,0.0931625
85,transfer_hyperv,reactive,10.648299445164891,12.745691760121604,13.125,18507.878971882856,29.959503101872965,76,0.9903084995293939,3.386825
85,transfer_hyperv,predictive,7.651543765562628,9.158666022415874,0.0,18531.58256691836,4.2244501029074195,51,1.0,21.752098611111112
85,transfer_hyperv,predictive_no_forecast,7.9926143831373935,9.566917216179588,6.875000000000001,18526.469132643244,8.628583960134224,18,0.9998900699171642,2.6969499999999997
85,transfer_hyperv,mpc,8.59664910802217,10.28992847778412,12.534722222222221,18519.666723681104,15.710183915496437,27,0.9936308238066489,20.85457222222222
86,transfer_hyperv,static,12.162621153084874,14.558288955965226,27.916666666666668,18453.347979785958,54.59340054419018,0,0.951110265197878,0.08874861111111111
86,transfer_hyperv,reactive,10.398413176064304,12.446585468319414,6.25,18482.02781099086,27.180701608341412,41,0.9998458937135445,2.4502444444444444
86,transfer_hyperv,predictive,7.563780287862264,9.05361579910786,0.0,18507.27215946589,4.137948703823142,50,1.0,19.452090277777778
86,transfer_hyperv,predictive_no_forecast,8.123159305969084,9.723175532902392,0.1736111111111111,18503.295374685043,9.87793194678257,18,0.9999985793809808,2.6661805555555556
86,transfer_hyperv,mpc,8.783753405705125,10.513886652283393,16.354166666666668,18495.48172976226,18.24017180620379,28,0.996506152841644,19.67157361111111
87,transfer_hyperv,static,10.597906481489224,12.685372909661325,22.22222222222222,18454.208047069154,38.18336151165775,0,0.966753293287077,0.09109305555555555
87,transfer_hyperv,reactive,11.003776974840248,13.171187591096649,12.569444444444445,18476.299306834964,30.14048265028977,72,0.9957064649156389,3.0155666666666665
87,transfer_hyperv,predictive,8.27504266772604,9.904975314399353,9.652777777777779,18497.158030622086,12.502008246231524,46,0.999633949267307,19.368461111111113
87,transfer_hyperv,predictive_no_forecast,7.7260032656076865,9.247791787621322,0.0,18500.192646629148,5.833434857392244,17,1.0,2.754840277777778
87,transfer_hyperv,mpc,7.961191912802319,9.52930547138459,0.10416666666666667,18497.370764383853,8.116834707002958,28,0.999998654196341,22.2475125
88,transfer_hyperv,static,12.155463552287042,14.549721524707198,32.88194444444444,18453.002692716684,54.164047946019984,0,0.9464339125716228,0.09694305555555556
88,transfer_hyperv,reactive,10.822326463211803,12.953996827177763,1.215277777777778,18476.648080324496,29.98094877143195,12,0.9999668984627456,2.1864652777777778
88,transfer_hyperv,predictive,7.425248396524604,8.88779732311277,0.0,18501.034560281507,2.0391638905142146,53,1.0,21.106306944444444
88,transfer_hyperv,predictive_no_forecast,7.696985651439044,9.213058582783104,0.10416666666666667,18498.03827167871,5.780363124843673,20,0.9999996885936383,2.733230555555555
88,transfer_hyperv,mpc,8.24817856652538,9.872819799325821,12.847222222222221,18491.629474883724,12.378955504758247,32,0.9984078136541372,20.31112222222222
89,transfer_hyperv,static,11.444591019283447,13.698828644293828,22.708333333333332,18436.382033352143,44.26424326237171,0,0.9583215987386313,0.09193333333333334
89,transfer_hyperv,reactive,10.478494413356621,12.54244028265413,3.7152777777777777,18477.372541039495,27.544144731298775,27,0.9998167499253026,2.231211111111111
89,transfer_hyperv,predictive,7.34088964182961,8.786822450068785,0.0,18506.86454000388,1.1558983931375229,50,1.0,19.76953888888889
89,transfer_hyperv,predictive_no_forecast,7.383519413318998,8.837848994730328,0.0,18505.96782972719,1.943189681201496,20,1.0,2.710402777777778
89,transfer_hyperv,mpc,7.63193041488283,9.135189435996125,2.256944444444444,18497.52436880317,4.808160667286663,28,0.9997234372196326,20.078908333333334
90,transfer_hyperv,static,11.452142380992516,13.707867395430435,32.951388888888886,18394.975990585346,43.24164221793578,0,0.9747367015045432,0.08943611111111112
90,transfer_hyperv,reactive,10.103996423250317,12.094177536920826,15.45138888888889,18449.2321069895,30.68044732609797,54,0.9821365496078364,2.735491666666667
90,transfer_hyperv,predictive,8.16332257609054,9.771249750168964,6.597222222222222,18472.620629793735,10.956440983853888,46,0.989493226592918,19.422897222222222
90,transfer_hyperv,predictive_no_forecast,8.534664551351176,10.215734841768839,6.909722222222222,18467.020530067573,13.868313410992325,15,0.9906370520953657,2.6631472222222223
90,transfer_hyperv,mpc,9.072544345287536,10.859560655722946,13.229166666666666,18456.308012510497,19.793833995790678,22,0.984967135030002,19.624758333333336
91,transfer_hyperv,static,12.677219734950993,15.174247864562552,33.020833333333336,18432.443709913994,58.460467003453,0,0.9383732603178768,0.0887111111111111
91,transfer_hyperv,reactive,10.12639813261351,12.120991704188912,18.055555555555554,18490.906376229555,35.46410891455097,104,0.9516961669582971,3.5641819444444445
91,transfer_hyperv,predictive,9.506901426376674,11.379472919450874,18.020833333333332,18499.465661205766,27.251972743690654,53,0.9689649083681775,19.429147222222223
91,transfer_hyperv,predictive_no_forecast,9.96130885172378,11.923384837669358,18.020833333333332,18494.466485166766,32.087149973624534,14,0.9584156380024145,2.6313083333333336
91,transfer_hyperv,mpc,10.487065585625789,12.552699716127826,18.055555555555554,18487.903108486265,38.08527475549518,29,0.948458368797099,19.73582222222222
92,transfer_hyperv,static,13.07741731415037,15.653272239664819,39.6875,18438.29559723092,62.67796643134376,0,0.9418604489960216,0.08922777777777778
92,transfer_hyperv,reactive,9.76191709729116,11.684718949787896,18.61111111111111,18488.13755264049,27.833414501236973,108,0.989834488285496,3.6307180555555556
92,transfer_hyperv,predictive,8.571964776221744,10.260382080629089,18.194444444444443,18495.934733307036,15.980371564684969,48,0.994356924656705,19.487915277777777
92,transfer_hyperv,predictive_no_forecast,8.470328901074247,10.138727017952508,18.194444444444443,18496.17666967739,14.20997756948674,19,0.9979930933126148,2.702154166666667
92,transfer_hyperv,mpc,8.929724716773997,10.688609888259784,18.15972222222222,18490.581838652466,19.78515498731889,28,0.990552077652853,19.617254166666665
93,transfer_hyperv,static,11.94478877335275,14.297550198407055,29.54861111111111,18428.17585231049,47.64259827710404,0,0.9554991144670044,0.08905138888888889
93,transfer_hyperv,reactive,9.855485544252314,11.796717545392928,11.840277777777777,18451.06388598561,23.18382170547632,65,0.9992080278433191,2.8800250000000003
93,transfer_hyperv,predictive,7.499896621881928,8.977148986798063,0.0,18479.112918154395,3.182868597124112,47,1.0,19.590216666666667
93,transfer_hyperv,predictive_no_forecast,7.51642159904142,8.996928883701088,0.0,18479.105686857267,3.442573159420458,15,1.0,2.6023375
93,transfer_hyperv,mpc,8.044215098065884,9.628681708290966,10.902777777777779,18468.82170225273,9.788598555787415,28,0.998506753794915,19.654455555555558
94,transfer_hyperv,static,10.577685378791346,12.66116886249268,17.15277777777778,18440.156081562724,37.57052836351822,0,0.9611417609130404,0.09154305555555556
94,transfer_hyperv,reactive,9.927424276745144,11.882826028225235,2.083333333333333,18479.230229722507,22.60099468064003,16,0.9998994426873726,2.0090250000000003
94,transfer_hyperv,predictive,7.429714268480575,8.893142836514613,0.0,18498.515642212195,2.546808805550813,48,1.0,19.681375
94,transfer_hyperv,predictive_no_forecast,7.405023190237294,8.8635883640719,0.1736111111111111,18496.73956723039,2.500719928506845,14,0.9999962677549459,2.597858333333333
94,transfer_hyperv,mpc,8.004933626099566,9.58166297669493,0.20833333333333334,18492.3023517234,8.643980040917755,27,0.9999941505428999,19.633754166666666
95,transfer_hyperv,static,13.924619435012003,16.667347505544676,33.020833333333336,18430.161805254153,68.32171916834206,0,0.9225533777274543,0.09262222222222222
95,transfer_hyperv,reactive,9.756887936539625,11.678699196767147,6.284722222222222,18483.598390446332,23.75632443283544,39,0.9997299397093501,2.6630819444444445
95,transfer_hyperv,predictive,7.92742648410959,9.488889276434207,0.5555555555555556,18499.813888022487,8.309360773217682,57,0.9999702178780148,20.665672222222224
95,transfer_hyperv,predictive_no_forecast,7.9579580475577,9.525434632682707,0.5902777777777778,18497.24174160262,7.981130266828056,20,0.9999360706472348,2.8840875
95,transfer_hyperv,mpc,8.359792546206966,10.006418350762877,15.277777777777779,18493.41865649786,13.25965915946966,31,0.9984690862579343,21.103641666666668
96,transfer_hyperv,static,13.550946055906293,16.22007179419086,35.520833333333336,18408.350256846523,67.55762970173001,0,0.922609629418089,0.10619305555555555
96,transfer_hyperv,reactive,9.857220265593574,11.798793954271105,20.79861111111111,18465.777546650963,32.212436626320034,120,0.9628835065437866,4.015038888888888
96,transfer_hyperv,predictive,8.478294176107378,10.148261210795177,16.28472222222222,18475.346285083946,15.03806908476007,56,0.9969445108987286,21.424030555555557
96,transfer_hyperv,predictive_no_forecast,9.61342996393473,11.506984350770361,20.76388888888889,18461.790635629586,28.596204338153726,19,0.9736898201006087,2.8322916666666664
96,transfer_hyperv,mpc,10.291451151471023,12.318555166154715,22.604166666666668,18455.275708553592,35.348136795163605,23,0.9684048776166936,20.368943055555555
97,transfer_hyperv,static,12.565288303981879,15.04026933355406,34.30555555555556,18445.191872267864,52.444601813283505,0,0.9517756977978831,0.09964583333333332
97,transfer_hyperv,reactive,10.87206626305152,13.01353386031922,5.381944444444445,18481.83657399324,29.7396804641917,33,0.9998329218001151,2.5870222222222226
97,transfer_hyperv,predictive,7.372496336292276,8.824654705561956,0.0,18507.55738812546,2.2232782789233814,49,1.0,21.187481944444443
97,transfer_hyperv,predictive_no_forecast,7.430510194009275,8.894095535253522,0.0,18506.701632950837,2.013679175113954,21,1.0,2.7753444444444444
97,transfer_hyperv,mpc,7.553113124622756,9.04084752795755,0.1388888888888889,18503.765728744675,4.2765287153523275,27,0.9999994689140169,20.882819444444443
98,transfer_hyperv,static,10.437999157034167,12.493968687965149,18.854166666666668,18487.69224329124,36.868879385596415,0,0.9597120020283118,0.09548472222222222
98,transfer_hyperv,reactive,8.712753760452742,10.428902228420693,9.375,18528.268699934444,14.728929740359327,56,0.9994622936240946,3.023545833333333
98,transfer_hyperv,predictive,7.8031626695845375,9.34014925601785,0.8680555555555556,18540.933409693887,7.337058846577586,52,0.9999560645793109,21.509088888888886
98,transfer_hyperv,predictive_no_forecast,7.541138668653307,9.026514467024407,0.0,18544.498342912164,4.018847372306159,16,1.0,2.801038888888889
98,transfer_hyperv,mpc,8.158334019611456,9.765278599231882,10.416666666666668,18537.753252907343,11.400197128023837,30,0.9991005565078253,21.291941666666666
99,transfer_hyperv,static,12.019100150912886,14.386498665486641,19.305555555555557,18428.37010054064,47.716189443739616,0,0.9592620736318744,0.10759305555555555
99,transfer_hyperv,reactive,11.352427842787002,13.58851211485111,25.208333333333332,18470.333976191563,33.695255934091975,81,0.9949639035376013,3.2064875
99,transfer_hyperv,predictive,7.697675579020564,9.213884405191276,0.5555555555555556,18492.995362694226,5.8773239600558025,56,0.9999854092140429,20.231315277777778
99,transfer_hyperv,predictive_no_forecast,8.13318095479847,9.735171142864843,12.291666666666666,18486.763107720937,9.729493631402443,18,0.9991596327972633,2.8225055555555554
99,transfer_hyperv,mpc,8.692493387707374,10.404651176195182,12.32638888888889,18480.939406904905,15.784717413684737,31,0.9918841832564876,20.613422222222223
0,transfer_kubernetes,static,10.734089599840383,12.848379975566488,16.875,18883.400416898367,40.45328433808884,0,0.9519296842968606,0.09159722222222223
0,transfer_kubernetes,reactive,10.37405902030268,12.417434281877455,1.6319444444444446,18914.421223559497,25.71919946364351,15,0.9999026407161467,2.0322694444444442
0,transfer_kubernetes,predictive,8.365319384735306,10.013033809001362,0.1736111111111111,18928.615439235768,9.650508425455387,54,0.9999950450200651,19.873925
0,transfer_kubernetes,predictive_no_forecast,8.10273536199817,9.698728690876601,0.1736111111111111,18929.461820054657,8.006252976146259,18,0.9999937978154728,2.697919444444444
0,transfer_kubernetes,mpc,9.190948638760348,11.001287007001025,3.5416666666666665,18922.611488088754,15.540139366359366,27,0.9999189336297625,19.748956944444448
1,transfer_kubernetes,static,10.72888715873487,12.842152811212948,21.354166666666664,18870.85190146116,38.22651901211251,0,0.9595167649815822,0.09175972222222223
1,transfer_kubernetes,reactive,8.739151489415931,10.46049951005845,5.972222222222222,18929.984388905603,15.376012626444117,39,0.9997629977699529,2.4440708333333334
1,transfer_kubernetes,predictive,7.632114211045099,9.135409434432757,0.10416666666666667,18946.195281226097,3.8446418323108187,52,0.9999969421178388,19.697945833333335
1,transfer_kubernetes,predictive_no_forecast,7.788269225507447,9.322322254774061,0.9375,18941.85762834118,5.45058801753389,16,0.9999505085687883,2.6636625
1,transfer_kubernetes,mpc,8.461906316968642,10.128645440007922,11.42361111111111,18930.921166421296,12.708345363499319,30,0.9940602906759212,19.87452777777778
2,transfer_kubernetes,static,11.76900950376862,14.08714773935938,34.72222222222222,18880.16651028743,51.11984828592519,0,0.9541948998270573,0.08979027777777777
2,transfer_kubernetes,reactive,10.564393411332283,12.645258780231082,22.36111111111111,18913.432329456606,28.170958749831744,116,0.9972173737595541,3.8375680555555554
2,transfer_kubernetes,predictive,7.813920258079547,9.353025763458838,0.0,18930.134979715396,5.279504372355195,56,1.0,19.622106944444443
2,transfer_kubernetes,predictive_no_forecast,8.010079429792544,9.587822347781973,0.1388888888888889,18929.02011168238,7.344367494763633,17,0.9999932674871713,2.739711111111111
2,transfer_kubernetes,mpc,8.83585469801162,10.576250320347256,12.847222222222221,18920.859632411342,16.34688916011315,30,0.9948158367226879,19.61932638888889
3,transfer_kubernetes,static,10.574776497634506,12.65768701989584,18.541666666666668,18915.55025698158,38.644772778014904,0,0.9578854323373562,0.08975
3,transfer_kubernetes,reactive,10.343765412956738,12.381173751872469,2.3958333333333335,18939.065643799953,24.21987299577829,20,0.9999097686912429,2.107540277777778
3,transfer_kubernetes,predictive,7.5869359140642345,9.081332381985986,0.0,18960.778883009178,2.8144265994331965,54,1.0,19.602719444444443
3,transfer_kubernetes,predictive_no_forecast,7.656447756691789,9.164535951191672,0.0,18962.199674261996,3.5340011171638817,18,1.0,2.6687624999999997
3,transfer_kubernetes,mpc,8.737592197677946,10.458633085099358,9.54861111111111,18948.367597097742,15.647652157617705,31,0.9950973611044559,19.6678125
4,transfer_kubernetes,static,11.521841722071233,13.791295394600413,22.916666666666664,18914.15886989768,49.68589342783738,0,0.9387508728229438,0.0900875
4,transfer_kubernetes,reactive,10.339778179426876,12.376401154162469,18.71527777777778,18935.76587681125,24.460712106584865,108,0.9962247248937569,3.6486944444444442
4,transfer_kubernetes,predictive,7.353922615221537,8.802422524280324,0.0,18959.50019537974,0.5217945503271061,51,1.0,19.402888888888892
4,transfer_kubernetes,predictive_no_forecast,7.773681071867738,9.304860676932602,0.0,18956.31864148568,5.418543844809737,16,1.0,2.6688875
4,transfer_kubernetes,mpc,8.057775693260579,9.644913329811903,0.06944444444444445,18954.470620066222,8.456959771115832,27,0.9999996567120653,19.9045
5,transfer_kubernetes,static,13.051448127983296,15.622187910767899,23.61111111111111,18905.694932520128,48.12716821413996,0,0.9705912432225852,0.08848333333333333
5,transfer_kubernetes,reactive,11.207403278510926,13.414922106096405,7.048611111111111,18942.437531172058,32.07942516928835,39,0.9996953398148438,2.4625125
5,transfer_kubernetes,predictive,7.416143707315997,8.876899286029744,0.0,18967.370869844155,1.2959456244622538,54,1.0,19.82511111111111
5,transfer_kubernetes,predictive_no_forecast,7.784638275305067,9.317976117410618,0.0,18965.065223865367,5.283985003278968,21,1.0,2.775720833333333
5,transfer_kubernetes,mpc,8.325207510019721,9.965021110478157,5.868055555555555,18950.96005232759,10.997016423536216,31,0.9979941060577571,19.72216388888889
6,transfer_kubernetes,static,14.747091102055586,17.651821167612006,51.84027777777778,18902.036682047165,79.37802541110207,0,0.9333209818878588,0.08873194444444445
6,transfer_kubernetes,reactive,10.370111453878021,12.412709164490343,13.784722222222223,18942.138161382052,29.788997556142093,79,0.9996313534137414,3.0876194444444445
6,transfer_kubernetes,predictive,8.095972419336634,9.690633653448403,0.06944444444444445,18963.712011214724,9.003771748366129,64,0.9999999683060774,19.79096388888889
6,transfer_kubernetes,predictive_no_forecast,8.80484179484449,10.539128815041133,3.3680555555555554,18957.806402021684,15.421184689917336,17,0.999928467547767,2.671813888888889
6,transfer_kubernetes,mpc,9.524937568461723,11.401061634976903,16.354166666666668,18952.133422007628,23.935509595588464,32,0.9964656334160177,19.555541666666667
7,transfer_kubernetes,static,12.962798949725606,15.516077530732177,28.368055555555554,18857.64068839705,57.545911417755924,0,0.9426436488699008,0.08882638888888889
7,transfer_kubernetes,reactive,11.782962637318843,14.103849217396808,18.47222222222222,18896.67001969245,40.94757736517908,76,0.9703009347613082,3.0280638888888887
7,transfer_kubernetes,predictive,9.354919787061451,11.197555502694756,3.958333333333333,18917.99373141958,18.591475124856462,55,0.9997761748188829,19.692994444444444
7,transfer_kubernetes,predictive_no_forecast,10.027085985727185,12.002118073824981,12.395833333333334,18911.739872901457,23.649602144039545,24,0.9925003968082649,2.795225
7,transfer_kubernetes,mpc,10.159210122811862,12.160266662153585,19.09722222222222,18908.630082223524,25.978070187610573,30,0.9939557695405176,19.54601388888889
8,transfer_kubernetes,static,13.229567613464157,15.83539153732832,38.57638888888889,18875.701541104805,61.97079536143758,0,0.9511921854142121,0.09044722222222222
8,transfer_kubernetes,reactive,11.16774350474074,13.367450558704814,18.368055555555557,18913.354211374826,39.574197370825,101,0.9891180841088879,3.4416458333333333
8,transfer_kubernetes,predictive,7.900067129153839,9.456140957623528,0.034722222222222224,18937.94457643564,6.052918242892687,64,0.9999999998084871,19.411504166666667
8,transfer_kubernetes,predictive_no_forecast,8.348550577057427,9.992962054356628,0.5555555555555556,18934.96298312462,10.42798919319023,20,0.9999770688604603,2.7480833333333337
8,transfer_kubernetes,mpc,9.086803329452463,10.876628227677942,12.5,18923.729042239345,19.202268406569317,34,0.9936987593007176,19.933856944444443
9,transfer_kubernetes,static,11.30378873022508,13.530292571027015,24.23611111111111,18876.927917531444,44.861784229906746,0,0.9537958983350846,0.08742361111111112
9,transfer_kubernetes,reactive,12.000274350969189,14.363964753432821,12.01388888888889,18921.601167398625,44.00421671511534,70,0.9722244594435705,2.9254041666666666
9,transfer_kubernetes,predictive,8.558406831851302,10.244153632064451,10.48611111111111,18947.03681118464,14.766619374126416,59,0.9849076374901077,19.596879166666664
9,transfer_kubernetes,predictive_no_forecast,8.740687029934044,10.462337505527112,10.48611111111111,18945.145763738015,16.399616075858134,18,0.9859235029833803,2.6518888888888887
9,transfer_kubernetes,mpc,9.132776469361861,10.93165668302406,12.812499999999998,18927.272660397106,21.031749395250195,31,0.976590814392093,19.7147375
10,transfer_kubernetes,static,11.267458115437243,13.486805926053654,28.993055555555557,18872.933016445655,44.19828005868912,0,0.9608453594538073,0.08911666666666666
10,transfer_kubernetes,reactive,9.693698285303146,11.603063099074976,11.145833333333334,18907.3774886297,21.87858956248525,66,0.9990194537046173,2.9008611111111113
10,transfer_kubernetes,predictive,7.565033066278996,9.055115336909696,0.0,18924.22534955415,3.162346010602841,54,1.0,19.534766666666666
10,transfer_kubernetes,predictive_no_forecast,7.52310267847392,9.004925933324834,0.1388888888888889,18920.511008568174,2.3120841420422704,18,0.9999972881269997,2.6506875
10,transfer_kubernetes,mpc,8.802467266161656,10.536286576163208,14.131944444444445,18908.605464719367,16.85136253782084,26,0.9943715752174087,19.639648611111113
11,transfer_kubernetes,static,12.44189566048457,14.892572078458821,33.15972222222222,18909.654466877444,58.06711974311901,0,0.940748913976245,0.09281805555555556
11,transfer_kubernetes,reactive,9.273504354723364,11.100103697320383,20.03472222222222,18944.89946096665,20.775724824295022,119,0.9994326289566476,3.7659611111111113
11,transfer_kubernetes,predictive,8.089507534079958,9.682895381701757,0.10416666666666667,18958.04068545776,7.958111806235275,51,0.9999998130012582,19.794224999999997
11,transfer_kubernetes,predictive_no_forecast,8.261303538022046,9.888529992480928,0.24305555555555555,18955.55461534081,9.745979855560945,20,0.999987863894928,2.7415472222222226
11,transfer_kubernetes,mpc,8.841362083793815,10.582842494238044,3.2638888888888893,18943.726786257434,15.63392774586425,28,0.9982421104778354,19.873991666666665
12,transfer_kubernetes,static,10.42359205994299,12.476723829325717,17.98611111111111,18922.592193385768,36.31352470910111,0,0.964383398571731,0.09268333333333334
12,transfer_kubernetes,reactive,10.940982607526854,13.096024636282145,6.597222222222222,18928.574707094656,31.659127071750294,45,0.9959854380762689,2.541438888888889
12,transfer_kubernetes,predictive,7.673746496880594,9.185242018993439,0.0,18958.452905390706,4.189155124100288,54,1.0,19.761818055555555
12,transfer_kubernetes,predictive_no_forecast,7.903700151355589,9.460489575107452,5.798611111111112,18950.970489632353,7.018377653432295,17,0.9991592418209287,2.6958902777777776
12,transfer_kubernetes,mpc,7.845044812295683,9.390280911687269,5.763888888888889,18950.982612597832,6.005603611883561,28,0.9992624433296656,19.932027777777776
13,transfer_kubernetes,static,10.347850414118568,12.386063374475258,20.03472222222222,18908.911580392178,35.88096951637565,0,0.9660100658210337,0.09190833333333333
13,transfer_kubernetes,reactive,9.811653288426466,11.744251663419545,15.48611111111111,18941.10231822615,26.979935213197148,94,0.9964334784088079,3.440909722222222
13,transfer_kubernetes,predictive,7.59668199271672,9.092998142797299,0.0,18961.659566908016,3.7176763511942656,62,1.0,19.759202777777777
13,transfer_kubernetes,predictive_no_forecast,7.853780968535863,9.400737825974767,0.1736111111111111,18958.96513787644,6.283429072662772,21,0.9999988027590959,2.7591555555555556
13,transfer_kubernetes,mpc,8.26582268151992,9.89393927030414,13.090277777777779,18951.655752434875,11.159503827494069,31,0.9993266755853923,20.800055555555556
14,transfer_kubernetes,static,14.131176998752196,16.914590650021577,32.98611111111111,18875.40207094076,62.89982427736887,0,0.957388594435192,0.09245694444444444
14,transfer_kubernetes,reactive,11.068887608907433,13.24912304702555,13.333333333333334,18923.018787119414,35.545212891076794,80,0.9943608359528124,3.1257652777777776
14,transfer_kubernetes,predictive,8.548596228547636,10.23241063720095,12.777777777777777,18940.28485231393,12.944955985501638,57,0.9987742665800455,19.757150000000003
14,transfer_kubernetes,predictive_no_forecast,8.870995924032158,10.618313303008195,12.743055555555555,18936.08050055616,14.866203135244453,23,0.99866068348845,2.76085
14,transfer_kubernetes,mpc,10.999502551311894,13.166071235661205,23.09027777777778,18917.202089326438,30.953325180330456,32,0.9831150439102186,20.00753333333333
15,transfer_kubernetes,static,10.343796082610222,12.381210462518279,19.930555555555557,18912.305137778374,35.41883468930951,0,0.966835866199526,0.09126527777777778
15,transfer_kubernetes,reactive,10.429790624565566,12.48414332334364,2.1875,18929.249545670795,27.28088781317379,18,0.9999278687597418,2.107348611111111
15,transfer_kubernetes,predictive,7.6260483096793665,9.128148734313172,0.0,18954.763171259558,3.440006566722086,52,1.0,20.514652777777776
15,transfer_kubernetes,predictive_no_forecast,8.119440141579627,9.718723805830177,0.6597222222222222,18951.961832180077,9.493228901131197,21,0.9999673860848183,2.6823791666666668
15,transfer_kubernetes,mpc,9.071974598523706,10.858878686111709,17.430555555555554,18936.203204629022,20.30201451294587,29,0.9923712331676073,20.749005555555556
16,transfer_kubernetes,static,11.117499756156555,13.30731031418738,21.875,18887.69460338773,44.40231735879964,0,0.9536368732672555,0.09453055555555555
16,transfer_kubernetes,reactive,11.518961637378702,13.78784802049875,11.805555555555555,18915.25302139404,36.95844704968327,71,0.994386665369708,3.0183416666666667
16,transfer_kubernetes,predictive,7.3490438544083725,8.796582795428206,0.0,18942.929170107407,0.47681927756293485,54,1.0,20.48675
16,transfer_kubernetes,predictive_no_forecast,7.806487660948443,9.344129169923132,0.45138888888888884,18937.11551320695,5.968949776724317,18,0.9999671973017525,2.87855
16,transfer_kubernetes,mpc,8.067478736658948,9.656527578728134,9.027777777777777,18932.751103237777,8.447178988746996,28,0.999716105580031,19.994856944444443
17,transfer_kubernetes,static,10.134905019282986,12.13117418974782,17.53472222222222,18899.769623766777,33.298582109696355,0,0.9669613871208166,0.09154027777777778
17,transfer_kubernetes,reactive,10.278073903345923,12.302543005520134,10.625,18930.160675877625,32.43289100858033,62,0.9816885574549755,2.834723611111111
17,transfer_kubernetes,predictive,8.598839512417372,10.292550325469266,10.277777777777777,18943.489001315585,15.139055148835713,47,0.9914505061312904,20.58723888888889
17,transfer_kubernetes,predictive_no_forecast,8.719707515945089,10.437225663025181,10.277777777777777,18940.888599215596,16.333022223953247,18,0.9894240866372798,2.754998611111111
17,transfer_kubernetes,mpc,9.174700255878854,10.98183818506713,10.347222222222221,18940.19835365249,20.03057039150287,24,0.9937706782567174,19.838427777777778
18,transfer_kubernetes,static,14.619975357508379,17.499667473381237,36.11111111111111,18888.4475881196,65.93567570037949,0,0.9440308447248233,0.08859722222222223
18,transfer_kubernetes,reactive,9.870731778383883,11.814966825641305,14.131944444444445,18930.695985241757,21.877263566042085,92,0.9994849187909003,3.275398611111111
18,transfer_kubernetes,predictive,7.556292026010931,9.044652576588824,0.0,18948.0683247829,2.962096065554379,60,1.0,19.552779166666667
18,transfer_kubernetes,predictive_no_forecast,8.653739747622534,10.358264243366374,11.597222222222223,18939.295718958794,12.982147418646418,21,0.9996313383634218,2.7037625
18,transfer_kubernetes,mpc,9.723816098136982,11.639113208376086,12.083333333333334,18929.864556682798,23.24161140421924,31,0.9979167409967266,19.58415
19,transfer_kubernetes,static,11.020833429560021,13.191603650533976,21.28472222222222,18909.824173981506,43.300335757748066,0,0.9521769769462006,0.09055694444444444
19,transfer_kubernetes,reactive,10.650672978779442,12.74853280793297,1.284722222222222,18926.65888000994,29.281154836653677,15,0.9999424054401534,1.9856694444444445
19,transfer_kubernetes,predictive,8.273499308562712,9.90312796024931,10.590277777777777,18946.083476544427,11.156222581812207,61,0.9997304868349615,19.39327638888889
19,transfer_kubernetes,predictive_no_forecast,7.638805793186643,9.143419055480976,0.0,18950.85994179896,3.0400715517212977,17,1.0,2.6259416666666664
19,transfer_kubernetes,mpc,8.930705082048126,10.689783355784867,17.916666666666668,18939.542747364176,18.592755041518842,31,0.9972491750880433,19.552945833333336
20,transfer_kubernetes,static,10.864736972203767,13.004760921274212,17.98611111111111,18859.911982266593,39.555375177238645,0,0.9624016532226178,0.09025416666666666
20,transfer_kubernetes,reactive,8.324845653662939,9.964587979384449,12.63888888888889,18906.74681246055,12.02134626983148,75,0.9992623771411587,3.049725
20,transfer_kubernetes,predictive,7.749380814836651,9.275774005637802,0.20833333333333334,18910.137166930108,5.273937815258157,57,0.9999937999701053,19.411175
20,transfer_kubernetes,predictive_no_forecast,8.080564120738654,9.67219038694476,8.159722222222223,18904.436074704787,9.078281839644808,20,0.9995557518520315,2.6769166666666666
20,transfer_kubernetes,mpc,9.05991630156886,10.8444452700597,15.590277777777779,18891.55244252475,20.307119473140247,27,0.9835832139872193,19.54519861111111
21,transfer_kubernetes,static,11.298951743614346,13.524502844629271,23.71527777777778,18933.118456683318,46.56436745453818,0,0.9474456772071597,0.08932777777777778
21,transfer_kubernetes,reactive,10.394842475745245,12.442311448240527,3.8194444444444446,18948.554754076416,26.662137850185005,28,0.9998933277157043,2.258576388888889
21,transfer_kubernetes,predictive,7.4474863256292,8.914415450374337,0.0,18974.59456445219,1.2496676363401413,49,1.0,21.374452777777776
21,transfer_kubernetes,predictive_no_forecast,8.034020866323813,9.616479521811849,0.4166666666666667,18970.363403902218,8.346237339210026,17,0.9999897921193792,2.885076388888889
21,transfer_kubernetes,mpc,8.673078358063096,10.38141197404522,7.5,18959.072018046558,14.202717843923713,26,0.9996735781089103,20.853909722222223
22,transfer_kubernetes,static,11.66573136078037,13.963526931843171,24.791666666666668,18909.625762940406,41.707349620093964,0,0.9612868515187205,0.09025555555555556
22,transfer_kubernetes,reactive,10.345496913599638,12.383246305672303,14.20138888888889,18935.59030058256,22.526322394730194,73,0.9959132264204009,3.0624375
22,transfer_kubernetes,predictive,7.363974237065284,8.814454011032682,0.0,18961.131394141914,0.6551137222799172,52,1.0,20.00017777777778
22,transfer_kubernetes,predictive_no_forecast,7.867183836336622,9.416780652584746,5.555555555555555,18951.587367638564,6.664233854554215,15,0.9997456397330143,2.652540277777778
22,transfer_kubernetes,mpc,8.465882887250775,10.133405274133505,9.444444444444445,18942.849918827087,12.841631381663719,29,0.9970520448428896,20.27916666666667
23,transfer_kubernetes,static,12.085052499740671,14.46544162847747,30.625000000000004,18888.0042833142,54.27944888712442,0,0.9419808675074178,0.09187638888888888
23,transfer_kubernetes,reactive,9.02208936173878,10.799167569354003,11.145833333333334,18940.80915041098,18.522476738820707,67,0.9985284438270557,2.9730777777777777
23,transfer_kubernetes,predictive,7.586100610179831,9.08033254854859,0.0,18953.575945740482,3.1173672123504637,51,1.0,19.98771111111111
23,transfer_kubernetes,predictive_no_forecast,7.820214399676688,9.360559660219074,0.06944444444444445,18952.134023313243,4.748849218543942,15,0.9999999046818667,2.7827625
23,transfer_kubernetes,mpc,8.269078306304694,9.897836154516241,0.20833333333333334,18947.185900917244,10.60723900517678,24,0.999994547535309,20.185243055555556
24,transfer_kubernetes,static,10.280334906462173,12.305249357735038,11.944444444444445,18895.564500765762,34.09984654394119,0,0.9641491534379638,0.09101666666666666
24,transfer_kubernetes,reactive,8.944588941610835,10.706401914958413,11.944444444444445,18952.908676572202,18.45314353923272,69,0.9946179317190361,3.147776388888889
24,transfer_kubernetes,predictive,7.620867786647287,9.121947805229334,0.1736111111111111,18963.46544108518,3.7179262919655165,60,0.9999927549862326,20.87727083333333
24,transfer_kubernetes,predictive_no_forecast,7.755411080201106,9.282992050543736,0.5208333333333333,18962.840668343226,4.962987482160542,20,0.9999898705800405,2.7333819444444445
24,transfer_kubernetes,mpc,8.132740214726265,9.734643590354155,9.6875,18954.783401003962,9.306385183338062,33,0.9970557338159141,20.035141666666668
25,transfer_kubernetes,static,9.852299051197548,11.792903409766781,19.51388888888889,18936.73681723368,30.14127309711964,0,0.9734419061457789,0.09301388888888888
25,transfer_kubernetes,reactive,10.681936880220677,12.785954750567186,5.590277777777778,18949.0175152822,28.851135018154306,37,0.99973180148767,2.434915277777778
25,transfer_kubernetes,predictive,7.555948847798629,9.044241802668052,0.0,18975.51887924008,3.0162226186186545,62,1.0,20.13971388888889
25,transfer_kubernetes,predictive_no_forecast,7.489966277271185,8.965262665218528,0.0,18977.4668062336,1.5576578543457336,26,1.0,2.8300930555555555
25,transfer_kubernetes,mpc,8.292273321868471,9.925599885266815,8.29861111111111,18966.334473747764,11.170043137981727,35,0.9982033828168012,20.271133333333335
26,transfer_kubernetes,static,9.290106844052078,11.119976373941128,14.930555555555555,18911.12127668207,22.689832378141745,0,0.9867869176211236,0.09398333333333334
26,transfer_kubernetes,reactive,10.022131778299523,11.996188037661549,3.194444444444444,18932.290138034874,22.63666803720652,20,0.9984707017561326,2.1300833333333333
26,transfer_kubernetes,predictive,7.704749141248606,9.222351244827887,0.4861111111111111,18952.63451929087,4.201180747108193,48,0.9999579891627288,19.665330555555556
26,transfer_kubernetes,predictive_no_forecast,7.483090919822391,8.957033070696502,0.1388888888888889,18957.899482572535,1.9410907076936146,18,0.9999939561754815,2.6603652777777778
26,transfer_kubernetes,mpc,8.03929528156425,9.622792837023864,2.569444444444444,18946.273604002898,6.932375048999832,27,0.9996826476415328,19.549275
27,transfer_kubernetes,static,10.714770929687681,12.825256112807978,19.270833333333336,18933.75967214697,39.49520377744649,0,0.9599688634976858,0.089225
27,transfer_kubernetes,reactive,9.826246909133337,11.761719785174758,0.7291666666666666,18945.361783398177,23.04686932106051,10,0.999987385126407,1.9284902777777777
27,transfer_kubernetes,predictive,7.4048211058964535,8.863346475239696,0.0,18969.49991606707,1.1664396132165697,56,1.0,19.662352777777777
27,transfer_kubernetes,predictive_no_forecast,7.6110924636568384,9.110247039831679,0.0,18968.743157731402,2.6408668788781027,17,1.0,2.6519694444444446
27,transfer_kubernetes,mpc,8.219384638403245,9.838354339906912,0.24305555555555555,18963.350917794593,9.177978617618908,29,0.999988120648315,19.501694444444446
28,transfer_kubernetes,static,12.357521799348314,14.791579123462354,17.291666666666668,18886.29538451029,50.51830375817299,0,0.9488659960495849,0.09063055555555556
28,transfer_kubernetes,reactive,10.068902959230183,12.052171723927028,12.04861111111111,18931.676173114243,22.723354961714453,74,0.9991685914729721,3.1554499999999996
28,transfer_kubernetes,predictive,7.58943130738446,9.084319292172315,0.0,18952.472255118555,3.3615176836867313,55,1.0,19.714645833333332
28,transfer_kubernetes,predictive_no_forecast,7.998077787514053,9.573456745660767,0.625,18949.086910907336,7.803727846510493,15,0.9999807499493824,2.654329166666667
28,transfer_kubernetes,mpc,8.316381823604798,9.954457031284518,0.7638888888888888,18946.00742773244,10.865810848211051,31,0.9999432781964248,19.863670833333334
29,transfer_kubernetes,static,9.963378042924806,11.925861596834244,19.65277777777778,18919.438551532763,31.619132753859535,0,0.9714849518048614,0.09009722222222223
29,transfer_kubernetes,reactive,10.151318772942215,12.150820955491445,1.875,18934.56974958493,24.521029559293886,15,0.9999283325633337,2.0085
29,transfer_kubernetes,predictive,7.836250979864729,9.379754960747174,0.0,18955.45196561073,5.648974197815111,59,1.0,19.70825972222222
29,transfer_kubernetes,predictive_no_forecast,7.705331238540599,9.223047997647088,0.10416666666666667,18955.73855959824,3.7903745016591865,19,0.9999992308226561,2.699636111111111
29,transfer_kubernetes,mpc,8.257169380913616,9.883581531699626,6.527777777777779,18944.594093940606,10.69830676034805,29,0.9984062651620459,19.714158333333334
30,transfer_kubernetes,static,11.377353464303779,13.618347328484806,21.319444444444443,18922.48182657536,44.971322834045964,0,0.9615852818962698,0.08926666666666666
30,transfer_kubernetes,reactive,11.029603818471507,13.202101540291647,6.388888888888888,18942.352229698947,30.10052112844169,42,0.9995409211139866,2.4915194444444446
30,transfer_kubernetes,predictive,7.407411915712735,8.866447596080366,0.0,18966.614965768607,1.1315358761942864,55,1.0,19.54895
30,transfer_kubernetes,predictive_no_forecast,7.731150501036417,9.25395287245267,0.0,18963.022676468336,4.025867741931973,19,1.0,2.6742097222222223
30,transfer_kubernetes,mpc,8.61769275904954,10.315117090377482,13.784722222222223,18951.13436722728,14.606788304966825,27,0.996539756408865,19.663305555555556
31,transfer_kubernetes,static,12.542741971043569,15.01328205624911,25.937500000000004,18895.406036399127,51.665766818944405,0,0.9502560045814079,0.0897111111111111
31,transfer_kubernetes,reactive,11.674921391847128,13.974527120544286,7.8125,18910.31619332946,33.677977127251545,47,0.9880663788297088,2.5633902777777777
31,transfer_kubernetes,predictive,7.904188250831228,9.461073815388897,0.0,18946.60596552074,5.262514162926047,56,1.0,19.546786111111114
31,transfer_kubernetes,predictive_no_forecast,8.152159224547498,9.757887556655342,0.0,18944.579716629996,6.12797199078759,20,1.0,2.6925097222222223
31,transfer_kubernetes,mpc,9.135571668451792,10.935002451631684,6.909722222222222,18935.317153540007,13.314661566818781,28,0.9996563598901431,19.6151875
32,transfer_kubernetes,static,9.953706876397998,11.914285503567312,12.95138888888889,18902.062206473995,29.593514231895966,0,0.9700429361992063,0.08997777777777777
32,transfer_kubernetes,reactive,8.25058790433037,9.875703703668158,12.95138888888889,18945.007062861056,11.669095786568558,75,0.9989003001581973,3.0447208333333333
32,transfer_kubernetes,predictive,7.898549935815033,9.454324923172527,0.3819444444444444,18950.00856763896,6.508621254813985,53,0.9999878051943624,19.42449861111111
32,transfer_kubernetes,predictive_no_forecast,7.869288192283155,9.419299502884382,0.1388888888888889,18950.444575634647,6.029956728863487,14,0.9999978645658331,2.5683958333333337
32,transfer_kubernetes,mpc,8.121554765524474,9.721254946612635,8.680555555555555,18945.49757773667,8.98580941283131,28,0.999236395938358,19.396594444444442
33,transfer_kubernetes,static,10.490755985752259,12.557117013248927,19.96527777777778,18916.383117097317,37.469034345083564,0,0.9595863477731171,0.0899888888888889
33,transfer_kubernetes,reactive,10.904063808234374,13.051833952280539,1.284722222222222,18938.10215744115,28.93291546907764,14,0.9999812314493771,1.9740569444444445
33,transfer_kubernetes,predictive,7.47491468703859,8.947246367818924,0.0,18961.28734585051,2.1656479087570477,50,1.0,19.325055555555554
33,transfer_kubernetes,predictive_no_forecast,7.650902311816184,9.157898221719382,0.20833333333333334,18958.000516373515,4.472710685639899,16,0.9999961637264856,2.6171277777777777
33,transfer_kubernetes,mpc,7.888153115381209,9.441880244168411,4.965277777777778,18952.902114663288,6.949307524921278,29,0.9994192633920076,19.493459722222223
34,transfer_kubernetes,static,16.3502649197674,19.57077164638825,40.833333333333336,18884.753893674464,71.37931986105347,0,0.9399347340194113,0.08967777777777777
34,transfer_kubernetes,reactive,11.561626644650904,13.838916741324557,15.208333333333332,18920.57725506748,30.21110096832102,77,0.9991177736299383,3.067526388888889
34,transfer_kubernetes,predictive,7.82417749704218,9.365303367671686,0.034722222222222224,18939.448427528536,5.976483008302935,57,0.9999997325632053,19.605345833333335
34,transfer_kubernetes,predictive_no_forecast,7.934364568302163,9.49719395296775,0.0,18938.86739969288,6.48203196262921,22,1.0,2.7220597222222223
34,transfer_kubernetes,mpc,8.306269847000872,9.942353301713164,5.590277777777778,18934.229174506952,10.28108942476141,30,0.9999177530933722,19.558777777777777
35,transfer_kubernetes,static,10.244197454364798,12.261993922648776,20.069444444444446,18922.392908579495,33.7408156835509,0,0.9785974381419734,0.08900972222222223
35,transfer_kubernetes,reactive,10.434426110450897,12.489691859479098,1.1458333333333333,18942.541830756807,26.616420887032913,11,0.9999776716255193,1.9292222222222222
35,transfer_kubernetes,predictive,7.404055506806359,8.86243007632883,0.0,18966.123938926354,0.928664034237139,50,1.0,19.35221111111111
35,transfer_kubernetes,predictive_no_forecast,7.5650173131199825,9.055096480855749,0.0,18963.806650616356,2.6803229382722815,20,1.0,2.692873611111111
35,transfer_kubernetes,mpc,8.198363960615046,9.813193225584676,0.7638888888888888,18956.941708760332,9.895144864837052,29,0.9999345421740559,19.577718055555557
36,transfer_kubernetes,static,11.644076333358075,13.93760652023163,33.50694444444444,18891.550681965746,48.73203908013215,0,0.9541237495335844,0.08938194444444444
36,transfer_kubernetes,reactive,10.958346635143787,13.116808851156952,6.180555555555555,18917.384872709998,31.351123464919056,42,0.9995292774658515,2.4550875000000003
36,transfer_kubernetes,predictive,7.481964872271433,8.955685225900645,0.0,18946.319334899224,1.7589624203171004,52,1.0,19.431226388888888
36,transfer_kubernetes,predictive_no_forecast,7.814802343494055,9.35408159297017,0.24305555555555555,18941.155754841377,5.919189260799624,18,0.9999924888965647,2.679454166666667
36,transfer_kubernetes,mpc,7.94698545297646,9.512300769471816,3.854166666666667,18937.226754849493,6.987491476087786,33,0.9993433345017523,19.98556527777778
37,transfer_kubernetes,static,10.640010161597084,12.73576973888136,23.40277777777778,18888.567462477808,39.43628123532999,0,0.9597656640209975,0.09072222222222223
37,transfer_kubernetes,reactive,10.928467931858364,13.081044948739557,12.1875,18913.166912475608,29.955262698974938,75,0.9992414173327113,3.021748611111111
37,transfer_kubernetes,predictive,7.666305560092924,9.176335443141527,0.0,18935.616561768886,3.2077051929111593,55,1.0,19.537322222222222
37,transfer_kubernetes,predictive_no_forecast,7.724574969003841,9.246082159868225,0.10416666666666667,18933.260146585355,4.966515000152349,21,0.9999968113419015,2.6891166666666666
37,transfer_kubernetes,mpc,8.724030681077505,10.442400360683688,10.3125,18917.44198838484,15.769222800578897,31,0.9920550919763935,19.532795833333335
38,transfer_kubernetes,static,12.21673385128025,14.62306021592635,36.041666666666664,18884.147786730777,51.28544469339229,0,0.9610727022755567,0.08979583333333334
38,transfer_kubernetes,reactive,11.579631571702965,13.860468093402037,35.173611111111114,18917.26197047429,40.7584664742102,76,0.989727330441921,3.0520666666666667
38,transfer_kubernetes,predictive,10.723709314992957,12.83595508915825,22.53472222222222,18927.81809759369,29.102876933218653,52,0.9974597945587643,19.432580555555557
38,transfer_kubernetes,predictive_no_forecast,10.985745359608018,13.149604294076282,25.833333333333336,18923.228150679795,33.21940090169183,21,0.9947956006888143,2.692719444444444
38,transfer_kubernetes,mpc,11.144623254548899,13.339776319838831,14.479166666666668,18918.440126059693,36.33078328274469,31,0.9743377478797475,19.753058333333335
39,transfer_kubernetes,static,9.74500096165378,11.664470848040132,11.041666666666666,18905.727215910014,28.118859664170245,0,0.9755808697917344,0.09009305555555555
39,transfer_kubernetes,reactive,8.730653330026605,10.450327470789434,10.833333333333334,18941.24790502318,16.593327800228245,63,0.994412702650981,2.851581944444445
39,transfer_kubernetes,predictive,7.500967143160414,8.978430368328375,0.20833333333333334,18956.882946129917,2.368655500687124,58,0.9999793636907252,19.70866666666667
39,transfer_kubernetes,predictive_no_forecast,7.687260705773806,9.201418117517141,0.625,18959.102859908166,4.371913941098869,17,0.9999919352615384,2.6392555555555557
39,transfer_kubernetes,mpc,8.098201480099974,9.693301771634813,6.5625,18943.73134631143,9.4110132249334,32,0.9948207114240758,19.75462222222222
40,transfer_kubernetes,static,11.888647887308904,14.230351259051572,23.09027777777778,18899.113204387,52.3958894572961,0,0.9461938371439023,0.08982777777777778
40,transfer_kubernetes,reactive,9.835864612616657,11.773231884798717,28.26388888888889,18935.385389228813,27.851489023942843,110,0.9975450254975178,3.6259791666666663
40,transfer_kubernetes,predictive,7.859287334490773,9.407328779163189,2.2222222222222223,18946.021046068465,6.447387026801741,56,0.9999455203004886,19.652470833333332
40,transfer_kubernetes,predictive_no_forecast,7.953260765464076,9.519812128358502,0.10416666666666667,18947.898013561004,6.736926377310576,18,0.9999994702277666,2.6677416666666667
40,transfer_kubernetes,mpc,8.481804309252057,10.152462733801723,11.805555555555555,18939.921816030037,13.729619595130952,31,0.9977905613533002,19.672970833333334
41,transfer_kubernetes,static,11.28632633471838,13.509390612768975,21.5625,18910.946833517366,46.45278182771644,0,0.9447793152091003,0.09038333333333334
41,transfer_kubernetes,reactive,10.685637019966943,12.790383705718007,8.680555555555555,18916.12242954422,30.254604949724197,53,0.9969498615797556,2.6684805555555555
41,transfer_kubernetes,predictive,7.730759564256342,9.253484932973501,0.1388888888888889,18942.13326823034,5.295495977568861,59,0.9999906955097829,19.637268055555555
41,transfer_kubernetes,predictive_no_forecast,7.646883057532352,9.15308729613723,0.0,18944.339843233516,3.3132043554556154,19,1.0,2.6482444444444444
41,transfer_kubernetes,mpc,8.320101026405986,9.958908804334438,7.395833333333333,18936.39168075579,11.614090349171994,31,0.999687183544532,19.680620833333336
42,transfer_kubernetes,static,11.00055544114393,13.16733151288443,20.729166666666668,18891.252404532963,43.69378912900746,0,0.9497621503281524,0.08974722222222221
42,transfer_kubernetes,reactive,9.561387486252455,11.444691082029445,0.625,18917.373231579415,20.930973147506126,8,0.9999904139870618,1.8971
42,transfer_kubernetes,predictive,7.534911507489809,9.019060743813563,0.0,18933.69960767952,2.7128650958526515,54,1.0,19.471343055555558
42,transfer_kubernetes,predictive_no_forecast,7.901830365873315,9.458251498545348,0.10416666666666667,18931.63218644611,6.358281237233418,19,0.9999992040112273,2.658447222222222
42,transfer_kubernetes,mpc,8.496134180793462,10.169615155798235,9.270833333333334,18924.574174296515,13.873343927571138,29,0.997727404476321,19.55890833333333
43,transfer_kubernetes,static,11.715889707515759,14.02356495293555,23.61111111111111,18903.054028946328,50.91630364726829,0,0.9455643240095286,0.08965972222222222
43,transfer_kubernetes,reactive,10.140812563394071,12.138245341032304,2.7430555555555554,18930.74052326869,26.283553736510168,22,0.9998911984468072,2.122738888888889
43,transfer_kubernetes,predictive,8.382127975895468,10.03315318326884,0.06944444444444445,18945.28472929824,11.63990452397484,54,0.999999647719183,19.369744444444443
43,transfer_kubernetes,predictive_no_forecast,8.187203052942001,9.79983395730935,6.215277777777778,18944.70400617608,10.239786994567936,21,0.9998290048963274,2.694947222222222
43,transfer_kubernetes,mpc,9.213651534763402,11.028461685550123,16.38888888888889,18935.052193149666,20.90277020455504,29,0.9912966283483763,19.62633888888889
44,transfer_kubernetes,static,13.886392788672419,16.621591368259438,36.49305555555556,18872.310783395405,66.78489873952267,0,0.9409538874077414,0.08962916666666666
44,transfer_kubernetes,reactive,9.899600333659514,11.849521611501528,8.854166666666668,18934.41609802213,24.986778033443983,58,0.999594688683857,2.758670833333333
44,transfer_kubernetes,predictive,7.545581451458116,9.031832343411997,0.0,18957.02317072019,2.372949617332328,60,1.0,19.767422222222223
44,transfer_kubernetes,predictive_no_forecast,8.463029249581346,10.129989556317062,5.3125,18945.435099076865,10.492524230869012,20,0.9998599410495351,2.7341402777777777
44,transfer_kubernetes,mpc,9.157627886102594,10.96140307578946,10.069444444444445,18938.149740308505,18.846200620158292,31,0.9986600745910388,20.313143055555557
45,transfer_kubernetes,static,10.831646954255511,12.965153172517944,21.28472222222222,18906.448637952675,42.09811781689075,0,0.9489900389826611,0.09028055555555556
45,transfer_kubernetes,reactive,10.670345390539971,12.772080088676631,0.9722222222222222,18926.015057813864,26.535968670324802,10,0.9999885782243441,1.9215375
45,transfer_kubernetes,predictive,7.600354324286435,9.097393812403466,0.0,18946.88466591394,3.5819827700726963,54,1.0,19.427154166666668
45,transfer_kubernetes,predictive_no_forecast,7.403889889520631,8.862231837456509,0.0,18948.822850712146,1.0723028024819825,16,1.0,2.612990277777778
45,transfer_kubernetes,mpc,9.357441649052756,11.20057409507829,19.166666666666668,18932.17960666373,23.68104424283664,28,0.9832799869075569,19.499536111111112
46,transfer_kubernetes,static,10.876566594161211,13.018920620283863,20.729166666666668,18907.409087379365,42.55000128898344,0,0.9480257100237367,0.09148472222222222
46,transfer_kubernetes,reactive,11.312717136748459,13.540979603077702,2.118055555555556,18928.04091640123,32.465533025323175,19,0.9999408583352265,2.0550416666666664
46,transfer_kubernetes,predictive,7.555603519493422,9.043828455151218,0.0,18955.983431161636,2.4162609613459005,51,1.0,19.432625
46,transfer_kubernetes,predictive_no_forecast,7.82826915427207,9.370200957386267,0.034722222222222224,18952.19180002064,5.83252800083461,27,0.9999999955795968,2.7781680555555552
46,transfer_kubernetes,mpc,8.130476699227348,9.731934230893335,6.909722222222222,18948.42662034034,9.36027530629603,32,0.9998710807912011,19.640097222222224
47,transfer_kubernetes,static,11.878801682240287,14.218565649954307,37.1875,18889.476391515098,50.20197590832491,0,0.9615921016993791,0.09141944444444446
47,transfer_kubernetes,reactive,10.013100283031813,11.985377611507769,13.229166666666666,18924.730749207425,24.452257779399794,81,0.999360996359409,3.350636111111111
47,transfer_kubernetes,predictive,7.576593332237134,9.068952624950501,0.10416666666666667,18942.706179096203,2.8992314804393837,57,0.9999987481167336,19.95222638888889
47,transfer_kubernetes,predictive_no_forecast,8.068841321457993,9.658158551442137,0.034722222222222224,18941.499866824386,7.632183126702967,18,0.9999998881870763,2.643634722222222
47,transfer_kubernetes,mpc,9.28635142098104,11.115481246325778,11.07638888888889,18923.703046028193,21.693742339198206,27,0.9922497560331783,19.57794722222222
48,transfer_kubernetes,static,10.617740491206918,12.70911361826281,30.59027777777778,18888.761798836378,38.48824935328552,0,0.9697586052972167,0.09019722222222222
48,transfer_kubernetes,reactive,10.682643999304908,12.786801150683138,16.875,18917.625397306223,30.02626289591944,85,0.9941652905479303,3.1908694444444445
48,transfer_kubernetes,predictive,7.647791589964436,9.154174781927148,2.604166666666667,18950.278196044746,4.17569283101089,53,0.9998671186598819,19.463180555555553
48,transfer_kubernetes,predictive_no_forecast,8.081037616354704,9.672757146848816,2.9166666666666665,18946.15350087443,8.312896481421864,18,0.9988003901074366,2.6479861111111114
48,transfer_kubernetes,mpc,8.466135767400196,10.133707964009316,2.8819444444444446,18930.187636898976,13.161293021305507,27,0.9938468549656597,19.475413888888887
49,transfer_kubernetes,static,10.759486644776759,12.87877946874793,35.729166666666664,18921.73097212415,39.03044471272731,0,0.9767793087523247,0.09102638888888889
49,transfer_kubernetes,reactive,10.954352670633229,13.112028196667033,2.2916666666666665,18948.305852400154,29.603314424764125,23,0.9999407467144467,2.1026652777777777
49,transfer_kubernetes,predictive,7.389851672421861,8.845428516989815,0.0,18967.822429526044,0.8056115825245603,56,1.0,19.487316666666665
49,transfer_kubernetes,predictive_no_forecast,7.500733991356903,8.978151292684782,0.0,18967.654868803234,1.8099649877624093,14,1.0,2.5712319444444445
49,transfer_kubernetes,mpc,8.63780627578308,10.339192360407013,6.701388888888888,18955.018863698617,14.239574365594882,24,0.9994929500074454,19.563152777777777
50,transfer_kubernetes,static,12.243943132295804,14.655628900778316,28.958333333333336,18881.248853662782,56.99762729932258,0,0.9348694545412558,0.08926944444444444
50,transfer_kubernetes,reactive,8.53258449333586,10.213245075356571,19.09722222222222,18937.676373722174,15.33618350412655,112,0.9984539308309677,3.6378263888888887
50,transfer_kubernetes,predictive,7.766136684654935,9.29583027405667,0.06944444444444445,18941.996397244642,5.340364807013625,57,0.9999971606337341,19.46062638888889
50,transfer_kubernetes,predictive_no_forecast,8.401584370919878,10.056441898525325,12.708333333333332,18935.671580891823,12.764199475221274,16,0.9958742394096227,2.6175124999999997
50,transfer_kubernetes,mpc,8.417961467795537,10.076044787209815,12.67361111111111,18934.74229338132,12.51126427159885,27,0.9934062033572953,19.444345833333333
51,transfer_kubernetes,static,11.519687606677886,13.788716983750797,22.430555555555557,18913.00645954283,49.58796645320571,0,0.9393444805459966,0.08859166666666667
51,transfer_kubernetes,reactive,8.585115301076648,10.276122860379614,22.430555555555557,18945.675759178586,16.096775826740227,129,0.9977444774421065,3.9320069444444443
51,transfer_kubernetes,predictive,7.426975332105903,8.889864412672202,0.0,18955.09729584476,1.3564204729273885,57,1.0,19.387419444444443
51,transfer_kubernetes,predictive_no_forecast,7.731772486477784,9.254697370177956,0.0,18953.14848775981,4.107207300026439,17,1.0,2.643751388888889
51,transfer_kubernetes,mpc,8.399820388189912,10.054330464651551,10.243055555555555,18947.802396379157,12.9771356998071,28,0.9993977855830812,19.47956111111111
52,transfer_kubernetes,static,11.369847011019084,13.60936233137132,31.666666666666664,18906.01543494702,46.05749318339387,0,0.9574892573056232,0.09002916666666667
52,transfer_kubernetes,reactive,9.840424485250868,11.778689914163914,10.208333333333334,18938.763923735878,22.43536827686477,60,0.9993586045235762,2.7588597222222226
52,transfer_kubernetes,predictive,7.590443337175537,9.085530661164627,0.0,18956.029405530324,2.399616211218809,52,1.0,19.25102777777778
52,transfer_kubernetes,predictive_no_forecast,7.805002410669397,9.342351370346684,0.1736111111111111,18949.4874110971,4.851769730242347,19,0.9999903631466285,2.6666097222222223
52,transfer_kubernetes,mpc,8.312539350282666,9.949857707156518,3.75,18943.299391653356,10.500068971118225,28,0.999832381632441,19.377004166666666
53,transfer_kubernetes,static,10.951903647544277,13.109096790242402,18.125,18905.87313968444,41.971787768540246,0,0.9597531412135747,0.09078333333333333
53,transfer_kubernetes,reactive,9.629040495038314,11.525669683454966,6.666666666666667,18934.540510944636,22.730711765309035,43,0.9997826063667817,2.4583930555555558
53,transfer_kubernetes,predictive,7.648162374441068,9.154618599709769,0.0,18952.358875853504,4.020744862565418,57,1.0,19.28281111111111
53,transfer_kubernetes,predictive_no_forecast,7.9441994532528195,9.508966012226864,0.24305555555555555,18950.2387916968,6.981275131410216,18,0.999992418288113,2.6237583333333334
53,transfer_kubernetes,mpc,8.561507087833554,10.247864544528037,16.11111111111111,18938.403231843775,14.630710693603465,33,0.9956659873756711,19.773333333333333
54,transfer_kubernetes,static,12.21531529947022,14.621362252396192,27.152777777777775,18869.422330528163,50.40739561589218,0,0.959671943059788,0.08926944444444444
54,transfer_kubernetes,reactive,10.882249354628499,13.025722712358354,13.229166666666666,18903.481243783703,31.983495897033173,77,0.9927771514872655,3.075766666666667
54,transfer_kubernetes,predictive,7.778787080991017,9.310972415125589,0.0,18925.377153315818,4.923921834141,57,1.0,19.802256944444444
54,transfer_kubernetes,predictive_no_forecast,7.8418694038029875,9.386480043946023,0.20833333333333334,18924.577340457683,6.105986943068175,24,0.999998119728198,2.7521444444444447
54,transfer_kubernetes,mpc,8.746543111785662,10.469347058046468,9.965277777777779,18912.21400665296,15.775164320740846,32,0.9945758967522474,20.023837500000003
55,transfer_kubernetes,static,14.36647437740842,17.196234482049473,51.28472222222222,18869.15164679318,71.85719932905309,0,0.9498219363907974,0.09047916666666667
55,transfer_kubernetes,reactive,10.884817318669059,13.028796487497825,24.270833333333332,18923.48184624333,37.239221402082535,120,0.9833919891718742,3.8685930555555554
55,transfer_kubernetes,predictive,9.180767129176859,10.989100048560209,0.1736111111111111,18938.880750712306,17.38156239613506,55,0.999998949043376,19.63848888888889
55,transfer_kubernetes,predictive_no_forecast,8.894235199129504,10.646130011079249,2.638888888888889,18937.187938301806,15.458311928438839,19,0.9999329248439506,2.6951555555555555
55,transfer_kubernetes,mpc,11.686417337101195,13.98828741865142,41.31944444444444,18914.321093653638,44.09541480009354,30,0.9796609243324796,19.6702375
56,transfer_kubernetes,static,11.815301231583172,14.142557534773799,31.42361111111111,18926.93834821957,51.5946924465042,0,0.9495954082410049,0.09178333333333333
56,transfer_kubernetes,reactive,11.059780465715297,13.238222072598623,13.715277777777779,18952.38484963906,32.62830343813519,80,0.9983576402174713,3.144388888888889
56,transfer_kubernetes,predictive,7.823625437643452,9.36464256930047,0.0,18972.06220303761,4.639597720765668,59,1.0,19.848606944444445
56,transfer_kubernetes,predictive_no_forecast,8.229963607846,9.851017045755063,0.0,18967.842179954994,9.085939204284994,19,1.0,2.667413888888889
56,transfer_kubernetes,mpc,8.473522888102861,10.142550123638292,0.4166666666666667,18962.753698365712,11.575064827282516,32,0.99998188186281,19.82990277777778
57,transfer_kubernetes,static,11.88696832297033,14.228340871434172,20.0,18908.402404725228,45.20121904701427,0,0.9698066769748596,0.08940277777777778
57,transfer_kubernetes,reactive,12.027502762816951,14.396556337311182,6.909722222222222,18923.40838855408,39.08470759598924,42,0.994150978542424,2.499948611111111
57,transfer_kubernetes,predictive,7.354575556889762,8.803204075671077,0.0,18961.615552489122,0.593421299008644,50,1.0,19.554875
57,transfer_kubernetes,predictive_no_forecast,7.929797190679628,9.49172694035896,5.694444444444445,18951.140567943286,7.398284453885405,16,0.9992914066276599,2.6184944444444445
57,transfer_kubernetes,mpc,7.807404366669319,9.34522643889207,0.20833333333333334,18955.38882442021,5.234457688596882,27,0.9999947093271865,19.67668888888889
58,transfer_kubernetes,static,10.04540760416134,12.024048495890092,18.958333333333332,18904.57766302113,32.42742683129019,0,0.969908735883471,0.08998472222222222
58,transfer_kubernetes,reactive,9.777521498589994,11.703396945281975,1.7013888888888888,18928.529635430954,22.405970863236355,14,0.9999320667044773,1.9950097222222223
58,transfer_kubernetes,predictive,7.653713284483172,9.16126287082078,0.0,18953.87473783091,3.894534479598386,62,1.0,19.731079166666667
58,transfer_kubernetes,predictive_no_forecast,8.075146748255268,9.665705956244942,0.8680555555555556,18951.109090231163,8.937704972152819,18,0.9999404315126583,2.6668930555555557
58,transfer_kubernetes,mpc,8.869187506147373,10.616148681600652,10.208333333333334,18933.60344756861,17.483288896894905,32,0.9921247881069828,19.753425
59,transfer_kubernetes,static,12.832399307734631,15.35999311077325,22.77777777777778,18892.837619397535,59.50119780442296,0,0.9386851010619064,0.09127500000000001
59,transfer_kubernetes,reactive,11.830235747361652,14.160433697599565,13.402777777777777,18930.51921202334,35.58618064877022,76,0.9988164702546467,3.058170833333333
59,transfer_kubernetes,predictive,7.573749928850711,9.065549157260696,0.0,18947.527091129516,2.8288706953420926,54,1.0,19.81534166666667
59,transfer_kubernetes,predictive_no_forecast,7.910178001572676,9.468243365518804,0.24305555555555555,18944.464024518093,6.722643669239695,25,0.9999834820053473,2.7864666666666666
59,transfer_kubernetes,mpc,8.475616007953173,10.145055524671221,0.24305555555555555,18939.99652833878,12.031863511577386,32,0.9999766825382508,19.865741666666665
60,transfer_kubernetes,static,10.120563558899306,12.11400789625827,26.90972222222222,18898.056401793656,32.400955951711474,0,0.9803689644248157,0.08938333333333334
60,transfer_kubernetes,reactive,11.065153326993995,13.244653224735215,3.8194444444444446,18919.61229237056,30.537529233016276,27,0.9998683955675236,2.2227152777777777
60,transfer_kubernetes,predictive,7.45917467818167,8.92840605418716,0.0,18946.712079335717,1.848084591008657,59,1.0,19.807430555555555
60,transfer_kubernetes,predictive_no_forecast,7.693912439666997,9.209380041419584,0.0,18943.646090180813,3.8748440380465903,22,1.0,2.744508333333333
60,transfer_kubernetes,mpc,8.275577622177185,9.905615638666621,2.326388888888889,18937.252800020797,11.03085806208763,33,0.9998926029273533,19.823108333333334
61,transfer_kubernetes,static,11.18004374535666,13.382173573987519,23.055555555555557,18901.468895403912,45.71901513543744,0,0.9514393162667076,0.0987
61,transfer_kubernetes,reactive,10.38482733509022,12.43032362836557,13.819444444444445,18935.818585189823,26.31718436110655,87,0.9994957382673808,3.2555666666666667
61,transfer_kubernetes,predictive,7.6087115910030905,9.107397207412792,0.034722222222222224,18955.75161068301,3.6521697525809804,64,0.9999999800538735,19.852609722222223
61,transfer_kubernetes,predictive_no_forecast,7.978792979854287,9.550373415280129,0.3472222222222222,18953.59156266216,7.2343732544330335,24,0.9999964724394125,2.7803138888888888
61,transfer_kubernetes,mpc,9.373639767618315,11.219962752149204,14.965277777777777,18939.835508046308,24.163514494003454,36,0.979430024491187,19.90169722222222
62,transfer_kubernetes,static,9.814084515902247,11.747161769034511,20.381944444444443,18899.614852867413,28.626548971240652,0,0.9781004999464619,0.09015555555555556
62,transfer_kubernetes,reactive,9.56414260963327,11.447988881227689,2.638888888888889,18928.020098015582,19.223157078978804,20,0.9999392302738255,2.134336111111111
62,transfer_kubernetes,predictive,7.473835216845615,8.94595427470915,0.0,18951.398269915466,1.8231413204548739,55,1.0,19.704329166666668
62,transfer_kubernetes,predictive_no_forecast,7.547246537971929,9.033825401511859,0.0,18952.617452547165,2.137841409388813,17,1.0,2.6520625
62,transfer_kubernetes,mpc,7.9504522893145655,9.516450467512897,0.625,18945.99828405791,7.095890471862699,30,0.999966037645742,19.818963888888888
63,transfer_kubernetes,static,9.425873278811451,11.282484682213708,17.46527777777778,18895.1010599312,25.404142288861795,0,0.9779258354088238,0.09228888888888889
63,transfer_kubernetes,reactive,9.52149874268726,11.396945464731738,0.3472222222222222,18921.059097255045,18.19615456591878,4,0.9999961066188474,1.8891375000000001
63,transfer_kubernetes,predictive,7.899993626535214,9.456052977216384,0.3125,18933.969640611103,7.0908141103629445,54,0.9999955179513048,19.93385277777778
63,transfer_kubernetes,predictive_no_forecast,7.6404542708015635,9.145392233232188,0.034722222222222224,18935.5889957161,3.872000908947239,17,0.9999996620089354,2.6455027777777778
63,transfer_kubernetes,mpc,8.044766202463734,9.629341363555055,5.381944444444445,18927.974974847213,9.14194064413101,31,0.9988441330500735,20.385019444444445
64,transfer_kubernetes,static,14.962562226615002,17.909733574281567,29.65277777777778,18869.965637794936,72.31661627769294,0,0.9258022035262135,0.09070555555555555
64,transfer_kubernetes,reactive,9.824178579544277,11.759244057333298,21.145833333333332,18932.270379269445,29.904480390647166,121,0.9744783140795085,3.8652208333333333
64,transfer_kubernetes,predictive,8.287293358567798,9.919639020103874,8.29861111111111,18945.28485123963,11.453706142941137,55,0.999660842948821,19.414808333333333
64,transfer_kubernetes,predictive_no_forecast,8.974933256772148,10.742723140681813,9.097222222222221,18937.595765648643,17.15136121694227,23,0.9984816525544195,2.7119180555555555
64,transfer_kubernetes,mpc,9.638988186153377,11.537576768274466,21.041666666666668,18932.777282976673,23.125250525255776,28,0.9940568813982139,19.39721527777778
65,transfer_kubernetes,static,11.447608399855167,13.702440357402391,19.0625,18879.11202564729,45.814979776258525,0,0.9574501032449175,0.08867222222222222
65,transfer_kubernetes,reactive,12.085957908985714,14.466525375907132,15.555555555555555,18907.609529761634,39.9603649128647,87,0.9876406495553666,3.248134722222222
65,transfer_kubernetes,predictive,7.905169033316096,9.46224778230261,3.958333333333333,18937.957780542878,6.738728300834931,56,0.9961699585029576,19.33791111111111
65,transfer_kubernetes,predictive_no_forecast,8.266517423463906,9.894770855358317,3.9930555555555554,18925.27647912222,11.365486453154103,17,0.9888744403560794,2.610402777777778
65,transfer_kubernetes,mpc,9.03066980893101,10.809438104629542,4.513888888888888,18919.338545400282,19.317414576831982,26,0.9869320279246654,19.272326388888892
66,transfer_kubernetes,static,9.950156306925493,11.910035579501727,11.354166666666666,18871.508416113178,28.69044822999508,0,0.9716641167656122,0.08916249999999999
66,transfer_kubernetes,reactive,8.859257291410925,10.60426251547672,5.520833333333333,18924.384254893434,15.74537346875869,30,0.9978360273457744,2.2621444444444445
66,transfer_kubernetes,predictive,7.5543149452111,9.042286070782989,0.0,18948.593818715948,2.5536052831703113,54,1.0,19.386304166666665
66,transfer_kubernetes,predictive_no_forecast,7.716563940536894,9.236493201551735,0.6944444444444444,18943.494317117744,4.310449778685113,15,0.9999639361823517,2.58275
66,transfer_kubernetes,mpc,8.369582480706802,10.018136605694506,7.118055555555555,18932.574911275085,10.984327951413306,25,0.9973243554641551,19.520081944444446
67,transfer_kubernetes,static,13.487902997823282,16.144611164061192,35.97222222222222,18868.34675454926,69.44000836002319,0,0.9228671882126419,0.09325277777777778
67,transfer_kubernetes,reactive,10.933542377019714,13.087118905826639,23.40277777777778,18921.653519956184,43.99054269424164,135,0.9412773658824307,4.0106875
67,transfer_kubernetes,predictive,9.157828030202111,10.9616426422116,23.368055555555557,18934.284876579346,21.45204874429293,52,0.9926920741423889,19.36865138888889
67,transfer_kubernetes,predictive_no_forecast,10.440858560928973,12.49739130777863,23.40277777777778,18924.878199336123,36.17355887104184,20,0.9639884481102763,2.6947388888888892
67,transfer_kubernetes,mpc,10.376064404067835,12.419834665475134,23.368055555555557,18922.77997117947,34.88597127257946,29,0.9715663581973959,19.508275
68,transfer_kubernetes,static,11.96762422217435,14.324883538663238,22.916666666666664,18906.330741743186,52.52797844979261,0,0.9397306562984159,0.09052222222222223
68,transfer_kubernetes,reactive,11.819991100974441,14.148171166317898,2.118055555555556,18927.7430283644,37.620335461514074,20,0.9999101866211759,2.0582083333333334
68,transfer_kubernetes,predictive,7.542533268659868,9.028183760971656,0.0,18954.26941206246,2.715887355729183,54,1.0,19.343866666666663
68,transfer_kubernetes,predictive_no_forecast,7.709239119086451,9.227725612239842,0.0,18953.03064592594,4.567457756046045,20,1.0,2.6791194444444444
68,transfer_kubernetes,mpc,8.400391749651723,10.05501436700735,7.361111111111112,18944.759339293552,12.636492299598594,30,0.9998037965931427,19.743768055555556
69,transfer_kubernetes,static,13.14118370865478,15.729598681571634,33.71527777777778,18861.738058016683,62.71049529092582,0,0.9369320113710826,0.09206805555555556
69,transfer_kubernetes,reactive,11.70510226883204,14.01065271572319,13.368055555555555,18911.371967434636,36.27070323623987,77,0.9993241777254311,3.0801374999999998
69,transfer_kubernetes,predictive,7.760376783678709,9.288935847130556,0.0,18935.265040305254,5.193194468754186,51,1.0,19.316680555555553
69,transfer_kubernetes,predictive_no_forecast,8.129924229874092,9.731272941818993,0.1736111111111111,18930.244474101146,7.611748914858781,20,0.9999918061185669,2.6887902777777777
69,transfer_kubernetes,mpc,9.959583744538055,11.92131993664402,26.21527777777778,18908.786073038547,27.632883687762664,27,0.9910532049997605,19.456656944444443
70,transfer_kubernetes,static,11.90849197237283,14.254104027537162,23.368055555555557,18915.139228079937,52.79268796231442,0,0.94067576003659,0.09170416666666667
70,transfer_kubernetes,reactive,9.068647647228572,10.854896426228144,22.743055555555554,18953.04919712777,21.814675112706144,133,0.9886734078366393,4.026319444444445
70,transfer_kubernetes,predictive,8.050637021359634,9.636368555869858,0.3472222222222222,18961.05855284534,8.539314108313098,53,0.9999914546402201,19.218758333333334
70,transfer_kubernetes,predictive_no_forecast,8.276673621245312,9.906927516339097,7.118055555555555,18956.551444991146,11.392937866583349,21,0.9989453365997765,2.6992
70,transfer_kubernetes,mpc,9.734612201675477,11.652035817157005,15.277777777777779,18938.86150015853,26.793241511997678,31,0.9797744233957436,19.496205555555555
71,transfer_kubernetes,static,11.031084045273897,13.203873326918735,18.020833333333332,18863.333030549107,43.27042097413518,0,0.9494980596922934,0.09019722222222222
71,transfer_kubernetes,reactive,9.55402935233875,11.435883618708509,17.881944444444446,18921.383428205925,26.47991175444751,103,0.9749999728257088,3.5109902777777777
71,transfer_kubernetes,predictive,8.584698188406204,10.275623589152872,11.770833333333334,18929.381937654158,14.4082651654979,55,0.9914825163869294,19.697276388888888
71,transfer_kubernetes,predictive_no_forecast,9.16284459189351,10.967647314539201,12.32638888888889,18923.92058182024,21.679584584706713,17,0.9775153968238512,2.652901388888889
71,transfer_kubernetes,mpc,9.838941355542653,11.776914652846509,13.819444444444445,18917.11829707111,29.000275028342593,27,0.9671214274868334,19.50869027777778
72,transfer_kubernetes,static,15.657182694572457,18.7411732253216,41.388888888888886,18890.05425562343,73.25085376846911,0,0.9502541395894819,0.08972777777777777
72,transfer_kubernetes,reactive,9.844689268522252,11.783794730503903,12.465277777777779,18933.969749917585,25.518404297490033,63,0.9994854451402363,2.8396555555555554
72,transfer_kubernetes,predictive,9.017201438412512,10.793316873251344,11.319444444444445,18937.844497591774,18.917486841392545,55,0.9990142116552128,19.460473611111112
72,transfer_kubernetes,predictive_no_forecast,8.534328333035198,10.215332398633036,0.798611111111111,18940.213352977367,12.70512359863479,21,0.9999689637505484,2.737259722222222
72,transfer_kubernetes,mpc,10.427438937376461,12.481328425041541,24.375,18928.872584544522,33.29384880076837,28,0.9881592784527462,19.618465277777776
73,transfer_kubernetes,static,11.226455860314859,13.43772746916476,22.95138888888889,18898.18167459963,45.04121970684662,0,0.9522264523238656,0.09044305555555555
73,transfer_kubernetes,reactive,9.895317065682576,11.844394669529144,5.902777777777778,18930.96829285691,25.396873288879547,24,0.9993080410554487,2.1685305555555554
73,transfer_kubernetes,predictive,7.477754773431364,8.950645865167852,0.0,18957.709994250352,1.585419462936864,53,1.0,19.54138888888889
73,transfer_kubernetes,predictive_no_forecast,7.86500351377958,9.414170872554354,2.256944444444444,18948.300294696714,5.496255704495097,17,0.9999226040738957,2.6358069444444445
73,transfer_kubernetes,mpc,8.74178434770246,10.463650961643852,13.958333333333334,18927.349743141378,15.068812315725568,26,0.996566898043681,19.603781944444442
74,transfer_kubernetes,static,12.53830952559804,15.007976553367339,41.18055555555556,18895.959883942818,57.423749742946235,0,0.9561301656728429,0.09164027777777778
74,transfer_kubernetes,reactive,11.117890656295788,13.307778209808596,22.291666666666668,18942.568401494605,34.978592466518066,105,0.9960957199694828,3.5975652777777776
74,transfer_kubernetes,predictive,7.567365185092114,9.05790681245875,0.06944444444444445,18961.225857641177,3.2535802067973862,54,0.9999997503480309,19.57054861111111
74,transfer_kubernetes,predictive_no_forecast,8.681679117212544,10.39170682211803,4.722222222222222,18949.856228553053,14.190879516929153,24,0.9988495475903774,2.839811111111111
74,transfer_kubernetes,mpc,8.96997187324803,10.736784514948386,0.8333333333333334,18949.002430650566,17.210459174139324,27,0.9999530052673768,19.65384027777778
75,transfer_kubernetes,static,10.683781650677279,12.788162884901585,18.92361111111111,18893.669540214403,38.46604819965623,0,0.9708996373807474,0.09142083333333334
75,transfer_kubernetes,reactive,10.774839052672002,12.897155835774056,8.506944444444445,18923.329167190263,34.054502589767736,54,0.9791356744176268,2.670059722222222
75,transfer_kubernetes,predictive,8.270267461788036,9.89925953759478,7.986111111111111,18944.970421841717,11.163536413924295,56,0.9899240959329685,19.69063611111111
75,transfer_kubernetes,predictive_no_forecast,8.497431028670752,10.171167443408914,7.986111111111111,18941.103957854797,14.124401542945243,19,0.9856266941869889,2.7150041666666667
75,transfer_kubernetes,mpc,9.442858440848832,11.302815406470573,12.534722222222221,18928.678739127277,24.60955683074102,29,0.9746731218232866,19.93677222222222
76,transfer_kubernetes,static,11.304434285138901,13.531065280696577,29.270833333333336,18856.158071911246,43.06759838421475,0,0.964131645146078,0.08893333333333334
76,transfer_kubernetes,reactive,10.172232662309312,12.175854247309625,13.368055555555555,18915.38780722049,32.681145145053726,78,0.9646698333089418,3.1439333333333335
76,transfer_kubernetes,predictive,9.437000719896789,11.295803891997652,12.1875,18925.29661017857,24.86003032032842,51,0.97310695852302,19.82783611111111
76,transfer_kubernetes,predictive_no_forecast,8.91072602001235,10.665869023954173,12.083333333333334,18930.402802350345,19.275744604436102,18,0.9801427116123801,2.6692722222222223
76,transfer_kubernetes,mpc,9.746697483203034,11.666501532924844,12.32638888888889,18916.33584598201,28.298396239506378,29,0.9651424854455283,19.866976388888887
77,transfer_kubernetes,static,10.362665229954558,12.40379626009713,17.395833333333332,18907.787721653833,36.29240003467325,0,0.9597917104088367,0.09084861111111112
77,transfer_kubernetes,reactive,9.675414480285191,11.581177938523194,4.444444444444445,18942.216980692683,21.39056678912911,29,0.9998534103379365,2.288898611111111
77,transfer_kubernetes,predictive,7.73140376881671,9.254256026310916,0.0,18960.725580664028,5.0401106103866935,56,1.0,19.938474999999997
77,transfer_kubernetes,predictive_no_forecast,7.647251782240435,9.153528648439295,0.06944444444444445,18959.839955815303,3.9886970437830405,19,0.9999995982428517,2.699148611111111
77,transfer_kubernetes,mpc,8.429289249812141,10.089603799017578,12.847222222222221,18951.102923921444,13.068015241428643,33,0.9971993145398844,19.905101388888887
78,transfer_kubernetes,static,11.307481677207903,13.53471291665792,22.916666666666664,18908.237776695743,46.67268016134782,0,0.9512977434766956,0.09070972222222222
78,transfer_kubernetes,reactive,10.92784678561593,13.080301455509968,13.26388888888889,18931.68223344887,30.98332267889369,84,0.9988032639321651,3.1750138888888886
78,transfer_kubernetes,predictive,8.058680615842551,9.645996494720624,0.20833333333333334,18958.176564414203,8.541214650834139,52,0.9999950561261097,19.36006111111111
78,transfer_kubernetes,predictive_no_forecast,8.140348826470275,9.743750868047766,0.5902777777777778,18957.482092419268,9.140290631799143,21,0.999992334150905,2.7331999999999996
78,transfer_kubernetes,mpc,9.523027785054426,11.39877568211061,22.77777777777778,18944.29453755718,24.212954250051112,30,0.9935932852551285,19.586506944444444
79,transfer_kubernetes,static,10.666037964844609,12.766924230647337,18.506944444444446,18890.284405481576,39.30072489619669,0,0.9586015436467236,0.09112083333333333
79,transfer_kubernetes,reactive,10.678778999539823,12.782174863085531,15.208333333333332,18908.609669754536,30.663339167414833,90,0.9916150420528975,3.271018055555556
79,transfer_kubernetes,predictive,8.241190975845964,9.864455865027749,5.104166666666667,18928.207560859293,10.193996033140188,54,0.9998721628803092,19.398445833333334
79,transfer_kubernetes,predictive_no_forecast,8.159210750141947,9.766328019109315,0.4166666666666667,18930.026806835187,8.82755791397773,18,0.9999921654640801,2.6353513888888886
79,transfer_kubernetes,mpc,8.883133672384929,10.632841819975884,14.20138888888889,18917.613737438784,18.1006232104647,31,0.9905725217409365,19.446929166666663
80,transfer_kubernetes,static,12.011278465631573,14.377136345225676,23.78472222222222,18922.062564196793,55.18872880006613,0,0.9335437225276773,0.08963888888888888
80,transfer_kubernetes,reactive,8.600836786192884,10.294941001655097,18.78472222222222,18962.264506001524,15.888727364215017,109,0.9979134978884212,3.620295833333333
80,transfer_kubernetes,predictive,7.686622090413765,9.200653714283135,0.0,18967.234872697718,4.693142912231158,55,1.0,19.411729166666667
80,transfer_kubernetes,predictive_no_forecast,7.95050574801448,9.516514455956713,0.1388888888888889,18964.3376523026,7.541419635280784,21,0.9999964888053748,2.7121458333333335
80,transfer_kubernetes,mpc,8.357627904111752,10.003827339770144,10.0,18961.09255017432,12.161911200720755,30,0.9991657984921591,19.457205555555557
81,transfer_kubernetes,static,11.343660519485164,13.57801789453526,19.51388888888889,18886.833713496533,46.081534034448104,0,0.9534239752608317,0.09048333333333333
81,transfer_kubernetes,reactive,11.120060169216549,13.310375051031931,11.909722222222221,18918.820379128665,31.450921244714703,72,0.9991290656506108,2.9545819444444446
81,transfer_kubernetes,predictive,7.722989203657469,9.24418404680212,0.06944444444444445,18938.4206266445,4.594656225170932,53,0.9999995943045579,19.424495833333335
81,transfer_kubernetes,predictive_no_forecast,8.335351454963279,9.977163105183319,12.118055555555555,18931.251242485145,11.464002226170514,22,0.9964954958589777,2.718459722222222
81,transfer_kubernetes,mpc,9.101157072933459,10.89380922366279,11.979166666666668,18924.733368509467,20.08771094341952,28,0.9905460985985458,19.35799722222222
82,transfer_kubernetes,static,11.002486660667918,13.169643124132802,18.854166666666668,18907.170677469974,42.92050124770851,0,0.951819371513106,0.08964027777777778
82,transfer_kubernetes,reactive,10.430464620098062,12.484950075571927,5.694444444444445,18935.533959858756,27.01581626352682,35,0.9996840339064005,2.3435333333333332
82,transfer_kubernetes,predictive,7.359918989513452,8.809600002599424,0.0,18961.45969560268,0.36105966476036483,52,1.0,19.27417361111111
82,transfer_kubernetes,predictive_no_forecast,7.668786408346284,9.179304943323585,0.0,18954.729211231104,3.6079817313878753,19,1.0,2.675413888888889
82,transfer_kubernetes,mpc,8.424230603337328,10.08354875247953,8.4375,18944.740579547084,12.510538312982254,29,0.9965774176730905,19.58599027777778
83,transfer_kubernetes,static,12.180129589109324,14.579246023327837,27.46527777777778,18900.023138954475,47.10386778214795,0,0.9674681020026671,0.09175138888888888
83,transfer_kubernetes,reactive,9.615109680620844,11.508994920743122,8.472222222222223,18942.112889811673,21.97641671637023,51,0.9995829087229287,2.609322222222222
83,transfer_kubernetes,predictive,8.07028642866189,9.659888300974067,7.847222222222222,18950.885624895225,8.366016432361286,53,0.9987857363534256,19.3225875
83,transfer_kubernetes,predictive_no_forecast,7.959146313564798,9.526856951085145,0.0,18955.948222306608,5.9531884407916085,16,1.0,2.619447222222222
83,transfer_kubernetes,mpc,8.798973820293565,10.532105027321093,1.1805555555555556,18946.718810906474,13.63756700900498,27,0.9999782774692908,19.498261111111113
84,transfer_kubernetes,static,12.63222098106606,15.120385719760893,32.708333333333336,18895.874813784005,56.894195675460146,0,0.9436045525971004,0.09125138888888888
84,transfer_kubernetes,reactive,12.283957060098606,14.703524359814992,22.63888888888889,18926.084518434676,42.439296020912195,69,0.9903713764078601,2.9159611111111112
84,transfer_kubernetes,predictive,7.781752511729462,9.314521945857999,0.10416666666666667,18957.723383171582,5.413431895887837,59,0.9999990819713411,20.016302777777778
84,transfer_kubernetes,predictive_no_forecast,8.244896312226897,9.868891040392807,8.055555555555555,18951.77793987735,10.302113957395925,23,0.9997309668692966,2.7649416666666666
84,transfer_kubernetes,mpc,9.091061206159935,10.88172477707022,15.034722222222221,18942.61266586073,20.435410755165154,33,0.9875675562381869,19.884073611111113
85,transfer_kubernetes,static,12.698195846656798,15.199355634634639,28.4375,18925.587213979645,56.96009506996453,0,0.9433337941321082,0.09106111111111112
85,transfer_kubernetes,reactive,11.567583043417802,13.846046370151607,12.01388888888889,18952.40175890427,34.05313367678316,69,0.99602213986903,2.9714847222222223
85,transfer_kubernetes,predictive,8.291351253630172,9.924496197527017,9.305555555555555,18977.328565737116,10.982602532249588,54,0.99888678703195,19.776609722222222
85,transfer_kubernetes,predictive_no_forecast,8.388286522182273,10.04052477655152,12.32638888888889,18975.890588865142,11.848901947292406,20,0.9969869301800758,2.7161722222222227
85,transfer_kubernetes,mpc,8.993185990855373,10.76457111026628,13.090277777777779,18968.880431427722,18.920871759050083,28,0.987603803239698,19.830670833333333
86,transfer_kubernetes,static,12.065102937772922,14.441562607334276,39.13194444444444,18913.344617515144,54.306472026022476,0,0.9517946093141519,0.08939027777777778
86,transfer_kubernetes,reactive,10.64749352187263,12.744727094362684,4.0625,18937.388808968386,29.61319555130611,31,0.9998763527525545,2.3117708333333336
86,transfer_kubernetes,predictive,7.567249858030586,9.057768769460857,0.0,18963.035514530544,2.8895591184989398,56,1.0,19.87140972222222
86,transfer_kubernetes,predictive_no_forecast,8.078100824255797,9.669241895700125,0.20833333333333334,18958.659780694114,8.57207876537453,19,0.9999987266452156,2.6851444444444446
86,transfer_kubernetes,mpc,8.985531290654437,10.755408666086364,16.354166666666668,18950.010559325106,19.62390590818477,31,0.9911207847136689,19.911745833333335
87,transfer_kubernetes,static,10.48926584411411,12.555333358863878,22.083333333333332,18911.19077897934,37.4325423949379,0,0.96674893320286,0.09041111111111111
87,transfer_kubernetes,reactive,9.76924835074149,11.693494238008736,11.006944444444445,18938.48972318426,23.4983966686035,67,0.9993380145068819,2.909677777777778
87,transfer_kubernetes,predictive,8.424764461638526,10.084187764688531,15.069444444444443,18950.97408881466,13.752842603826043,53,0.9987463683198246,19.72893888888889
87,transfer_kubernetes,predictive_no_forecast,7.813166789890811,9.352123884869295,0.0,18954.774025591258,5.645693458715603,18,1.0,2.6653583333333333
87,transfer_kubernetes,mpc,8.102026843171082,9.697880615310817,0.625,18950.36931621635,9.05120659149927,28,0.999948327818226,19.88928194444444
88,transfer_kubernetes,static,11.633835031901029,13.92534799273001,22.77777777777778,18915.833234945607,49.14109915276744,0,0.9465707793179045,0.09175555555555556
88,transfer_kubernetes,reactive,11.43786272184913,13.69077507615276,1.840277777777778,18930.023821044888,34.58577719730978,18,0.9999421449797381,2.022915277777778
88,transfer_kubernetes,predictive,7.451498201818893,8.919217544601397,0.0,18955.886609964768,1.2073223864669194,58,1.0,19.462766666666667
88,transfer_kubernetes,predictive_no_forecast,7.89920049779719,9.455103626151192,0.24305555555555555,18951.3207999954,6.363613372527781,24,0.9999923110049228,2.728963888888889
88,transfer_kubernetes,mpc,8.123746541789105,9.72387843638392,8.506944444444445,18946.451286679756,8.996063495525656,33,0.999617015605374,19.623494444444443
89,transfer_kubernetes,static,10.140685994746965,12.138093842197135,13.784722222222223,18907.439909088003,32.93602812185578,0,0.9635243945306027,0.09362916666666667
89,transfer_kubernetes,reactive,9.646738805964418,11.54685402532105,9.54861111111111,18941.213891271927,18.61995034244133,56,0.9996355825000115,2.6951805555555555
89,transfer_kubernetes,predictive,7.489907258043983,8.96519202099204,0.0,18961.203160705772,1.7869221222632587,58,1.0,19.715616666666666
89,transfer_kubernetes,predictive_no_forecast,7.546227235090388,9.032605326850621,0.0,18960.6133310372,2.5594840999305086,19,1.0,2.6728375
89,transfer_kubernetes,mpc,7.803368706120254,9.34039587550759,2.2916666666666665,18950.522760120875,5.36123943145731,32,0.9997267411093194,19.54895972222222
90,transfer_kubernetes,static,10.668458063938902,12.769821015926873,18.645833333333332,18851.52112199429,36.94146081850913,0,0.9650053791853987,0.09177916666666666
90,transfer_kubernetes,reactive,9.547899336906116,11.42854617599369,10.520833333333334,18901.633414133285,25.40724675237337,58,0.9790021956058842,2.758161111111111
90,transfer_kubernetes,predictive,8.437375381728208,10.099282653886796,6.597222222222222,18924.761705329045,12.440629320928842,48,0.9898344327140414,19.32018611111111
90,transfer_kubernetes,predictive_no_forecast,8.812956923423279,10.548842378036968,13.194444444444445,18918.905461862883,15.26977422954332,17,0.9914242211305537,2.62935
90,transfer_kubernetes,mpc,9.098578626687141,10.890722901640661,6.875000000000001,18913.30433855855,19.209218013925284,23,0.9831803171478858,19.52783472222222
91,transfer_kubernetes,static,11.826139539081499,14.155530660415748,18.229166666666664,18895.332720147344,51.720537625989245,0,0.9429656156999612,0.09274861111111112
91,transfer_kubernetes,reactive,11.064395841969665,13.243746538115195,18.09027777777778,18940.276855635486,43.950346440575714,105,0.9503848376567721,3.534777777777778
91,transfer_kubernetes,predictive,9.531266322600711,11.408636961900848,18.020833333333332,18953.972558764515,26.2218375954973,57,0.971938857320563,19.327909722222223
91,transfer_kubernetes,predictive_no_forecast,10.50449989165069,12.573568052127317,18.055555555555554,18944.24789371589,37.72076568984256,19,0.9468486866051066,2.6808958333333335
91,transfer_kubernetes,mpc,10.192110300359543,12.19964717770309,18.020833333333332,18947.06646821832,33.21401661573392,30,0.958265613781312,19.562273611111113
92,transfer_kubernetes,static,12.504080635764486,14.967005609475688,39.895833333333336,18904.291753724116,58.566191859960426,0,0.9469775078570177,0.09131388888888889
92,transfer_kubernetes,reactive,9.825893316303587,11.761296545272467,17.395833333333332,18945.36309460032,26.7564098850467,105,0.999268246292768,3.5383152777777775
92,transfer_kubernetes,predictive,8.206926865571418,9.823442763335473,2.361111111111111,18956.243590639864,10.170012279197284,55,0.9999260014200512,19.335077777777776
92,transfer_kubernetes,predictive_no_forecast,8.616935565040487,10.314210752093906,18.15972222222222,18952.268901515854,14.811316021331047,23,0.99641045710802,2.731018055555556
92,transfer_kubernetes,mpc,9.153194100353003,10.956095968604357,18.15972222222222,18945.325630029354,20.832365763480183,27,0.9889522636979501,19.573745833333334
93,transfer_kubernetes,static,10.446079090191516,12.503640123108037,16.041666666666668,18895.259713092844,34.048405720335154,0,0.9727883190145772,0.09206388888888889
93,transfer_kubernetes,reactive,9.460505125197235,11.323937952887594,13.680555555555557,18920.694492005157,20.57549599646956,80,0.9986464411971749,3.1390472222222225
93,transfer_kubernetes,predictive,8.113304661455434,9.711379822045135,10.76388888888889,18931.00358541283,9.291091897349704,52,0.999501725536868,19.20492638888889
93,transfer_kubernetes,predictive_no_forecast,7.845807424588363,9.391193735492125,0.2777777777777778,18932.546063373906,5.75490110717619,18,0.9999746768561527,2.644418055555555
93,transfer_kubernetes,mpc,8.39744730754678,10.051489959033256,13.26388888888889,18924.06513991887,12.46201260749153,27,0.9962811131735093,19.569775
94,transfer_kubernetes,static,9.86419564318486,11.80714326987278,15.79861111111111,18902.34305821544,31.1570867744836,0,0.9610844006043036,0.09138194444444445
94,transfer_kubernetes,reactive,8.378404898962028,10.028696773000014,5.277777777777778,18941.106585182424,11.204818313289556,36,0.9997480796045433,2.356023611111111
94,transfer_kubernetes,predictive,7.545121018405858,9.031281219000926,0.06944444444444445,18953.573327581104,2.7220318764915423,55,0.9999996037739466,19.392081944444445
94,transfer_kubernetes,predictive_no_forecast,7.732736054011735,9.255850731317079,1.875,18949.73189765511,5.270612463753655,16,0.9999143993237488,2.6105069444444444
94,transfer_kubernetes,mpc,8.294197693251002,9.927903299497402,1.9791666666666665,18945.387747159464,10.703562311354966,30,0.9999308353291412,19.6248125
95,transfer_kubernetes,static,12.791628717024476,15.311191949165659,30.76388888888889,18895.51562480231,57.955550817737375,0,0.9499140169375094,0.09129999999999999
95,transfer_kubernetes,reactive,8.555808986486657,10.241044089885557,18.78472222222222,18947.788702234433,15.146457271342815,108,0.9987481787182988,3.598134722222222
95,transfer_kubernetes,predictive,7.799750928438588,9.336065505252247,0.10416666666666667,18954.26907232466,5.859878450131182,66,0.9999998231600163,19.5463
95,transfer_kubernetes,predictive_no_forecast,8.247864091333685,9.872443382050927,10.381944444444445,18948.982551480418,10.571752873298525,20,0.999517041064079,2.692311111111111
95,transfer_kubernetes,mpc,9.190189460787188,11.000378293972545,17.32638888888889,18940.055623460055,21.901628927687007,32,0.9839243462218813,19.676383333333334
96,transfer_kubernetes,static,12.387006441297498,14.826871346401552,21.319444444444443,18874.500755988163,58.061845954523704,0,0.9350178883610127,0.09204444444444446
96,transfer_kubernetes,reactive,10.469083243474655,12.531175397492394,20.79861111111111,18919.36968128715,37.15002546205364,120,0.9634972914051677,4.016265277777777
96,transfer_kubernetes,predictive,8.958251273632845,10.722755312378698,20.76388888888889,18928.8328910175,18.95280696492949,61,0.9933198327847691,19.83410138888889
96,transfer_kubernetes,predictive_no_forecast,9.463598798597003,11.327640986199428,20.76388888888889,18918.792130360085,25.66779376299782,18,0.9794192509482292,2.6756472222222225
96,transfer_kubernetes,mpc,10.617700675217948,12.70906595973058,20.833333333333336,18910.49432287298,37.04167447477102,27,0.9662645708701822,19.80687777777778
97,transfer_kubernetes,static,10.48209074292978,12.546744980173518,18.71527777777778,18903.63410242466,34.927816034959534,0,0.9724794105866905,0.09211111111111112
97,transfer_kubernetes,reactive,9.042563261295982,10.823674206702767,11.145833333333334,18946.63516224152,18.35826096613876,65,0.999262105695171,2.910863888888889
97,transfer_kubernetes,predictive,7.524004804818075,9.006005751221632,0.0,18960.016008606315,2.642976586080133,54,1.0,19.514322222222223
97,transfer_kubernetes,predictive_no_forecast,7.455910620730227,8.924499076328603,0.0,18961.025850585076,1.4568847121324442,20,1.0,2.6934680555555555
97,transfer_kubernetes,mpc,7.737707158590106,9.261800992857845,0.4166666666666667,18955.846777845178,5.245701043059664,27,0.9999863644783157,19.758680555555554
98,transfer_kubernetes,static,10.431117245434653,12.485731248323306,18.229166666666664,18946.97320451484,37.08919585524711,0,0.9596842190331213,0.09031111111111112
98,transfer_kubernetes,reactive,10.715777987231561,12.826461530171105,4.861111111111112,18972.39101363717,29.082293444302568,30,0.9997290440815356,2.279122222222222
98,transfer_kubernetes,predictive,7.935019717862998,9.497978147139042,2.3958333333333335,18994.625390186084,7.678846852154736,60,0.9999233132790065,19.980718055555556
98,transfer_kubernetes,predictive_no_forecast,7.753912590247548,9.28119840347812,0.24305555555555555,18996.812104673354,5.226676437669476,19,0.9999956314822146,2.686366666666667
98,transfer_kubernetes,mpc,8.837690407992172,10.578447609566382,15.625,18983.216471893695,17.6553842938913,34,0.9928191124361735,19.959255555555554
99,transfer_kubernetes,static,12.116069680416057,14.502568253831358,26.493055555555557,18886.232179774073,45.389745628970665,0,0.9596014177463494,0.09100833333333334
99,transfer_kubernetes,reactive,10.47091134647142,12.533363581382444,15.520833333333334,18930.268402617345,25.702710356982777,56,0.9990446476844612,2.7457375
99,transfer_kubernetes,predictive,7.769061229892328,9.299330866083235,0.5208333333333333,18949.676140206346,5.335182536868096,60,0.9999830525067281,19.905833333333334
99,transfer_kubernetes,predictive_no_forecast,8.053684774193036,9.640016623655308,6.736111111111111,18945.971293752937,8.069332159239355,20,0.9997710982235004,2.724063888888889
99,transfer_kubernetes,mpc,9.082159821650661,10.871070089551546,12.36111111111111,18934.676174695403,19.532184609747276,34,0.9823209810312846,19.967588888888887
